{"nb011":{"name":"Jaguar","RMSE":0.5091886457,"RMSE_lower_bound":0.3308206579,"RMSE_upper_bound":0.6947799873,"MAE":0.3773076923,"MAE_lower_bound":0.2573076923,"MAE_upper_bound":0.5188461538,"ME":-0.0119230769,"ME_lower_bound":-0.2161538462,"ME_upper_bound":0.1765384615,"R2":0.9613752538,"R2_lower_bound":0.9070481957,"R2_upper_bound":0.9865539161,"m":1.0202105127,"m_lower_bound":0.9583255668,"m_upper_bound":1.0908052867},"hdiyq":{"name":"S+pKa","RMSE":0.6272344673,"RMSE_lower_bound":0.4609855663,"RMSE_upper_bound":0.769305381,"MAE":0.4776923077,"MAE_lower_bound":0.3273076923,"MAE_upper_bound":0.6380769231,"ME":0.1515384615,"ME_lower_bound":-0.08,"ME_upper_bound":0.3869230769,"R2":0.9481165538,"R2_lower_bound":0.9105607119,"R2_upper_bound":0.9752187402,"m":1.0377981556,"m_lower_bound":0.94896414,"m_upper_bound":1.1604114619},"epvmk":{"name":"EC-RISM\/MP2\/cc-pVTZ-P2-phi-noThiols-2par","RMSE":0.6522557014,"RMSE_lower_bound":0.4274878166,"RMSE_upper_bound":0.8442575634,"MAE":0.4945833333,"MAE_lower_bound":0.3383333333,"MAE_upper_bound":0.6695833333,"ME":0.02625,"ME_lower_bound":-0.235,"ME_upper_bound":0.2941666667,"R2":0.9361368094,"R2_lower_bound":0.8518724374,"R2_upper_bound":0.9776819872,"m":0.9783570667,"m_lower_bound":0.9005882558,"m_upper_bound":1.0524107024},"xnoe0":{"name":"EC-RISM\/MP2\/cc-pVTZ-P2-phi-all-2par","RMSE":0.6553685986,"RMSE_lower_bound":0.4624932432,"RMSE_upper_bound":0.8421021316,"MAE":0.5204,"MAE_lower_bound":0.3752,"MAE_upper_bound":0.686,"ME":-0.0892,"ME_lower_bound":-0.342,"ME_upper_bound":0.172,"R2":0.9434042587,"R2_lower_bound":0.8575176809,"R2_upper_bound":0.9803229967,"m":1.0385547269,"m_lower_bound":0.9680180154,"m_upper_bound":1.0916874796},"4o0ia":{"name":"EC-RISM\/MP2\/cc-pVTZ-P3NI-phi-noThiols-2par","RMSE":0.6910916671,"RMSE_lower_bound":0.4411043833,"RMSE_upper_bound":0.9033846612,"MAE":0.4946153846,"MAE_lower_bound":0.3203846154,"MAE_upper_bound":0.6873076923,"ME":0.0576923077,"ME_lower_bound":-0.1984615385,"ME_upper_bound":0.3338461538,"R2":0.9242026575,"R2_lower_bound":0.8463305116,"R2_upper_bound":0.9734424015,"m":0.961268015,"m_lower_bound":0.8481636751,"m_upper_bound":1.0638768098},"gdqeg":{"name":"PCM\/B3LYP\/6-311+G(d,p)","RMSE":0.7033349131,"RMSE_lower_bound":0.4236696827,"RMSE_upper_bound":0.9626858262,"MAE":0.48,"MAE_lower_bound":0.2928,"MAE_upper_bound":0.7004,"ME":0.1592,"ME_lower_bound":-0.098,"ME_upper_bound":0.4384,"R2":0.9199853181,"R2_lower_bound":0.8203445443,"R2_upper_bound":0.9743196009,"m":0.939420173,"m_lower_bound":0.8343800725,"m_upper_bound":1.0538375176},"ccpmw":{"name":"ReSCoSS conformations \/\/ COSMOtherm pKa","RMSE":0.7978745805,"RMSE_lower_bound":0.6168281147,"RMSE_upper_bound":0.9569482745,"MAE":0.6388461538,"MAE_lower_bound":0.4584615385,"MAE_upper_bound":0.825,"ME":-0.2426923077,"ME_lower_bound":-0.53,"ME_upper_bound":0.0557692308,"R2":0.9111975461,"R2_lower_bound":0.8151359997,"R2_upper_bound":0.9577152418,"m":0.9809169766,"m_lower_bound":0.8257139582,"m_upper_bound":1.0900486609},"nb008":{"name":"Epik Microscopic","RMSE":0.8152054956,"RMSE_lower_bound":0.5070779033,"RMSE_upper_bound":1.1016859807,"MAE":0.5712,"MAE_lower_bound":0.3616,"MAE_upper_bound":0.814,"ME":-0.08,"ME_lower_bound":-0.414,"ME_upper_bound":0.228,"R2":0.9048706477,"R2_lower_bound":0.7804539171,"R2_upper_bound":0.972134225,"m":0.8198150024,"m_lower_bound":0.7444497004,"m_upper_bound":0.9119278006},"0xi4b":{"name":"EC-RISM\/B3LYP\/6-311+G(d,p)-P3NI-phi-noThiols-2par","RMSE":0.911918856,"RMSE_lower_bound":0.6333814017,"RMSE_upper_bound":1.163169807,"MAE":0.698,"MAE_lower_bound":0.4732,"MAE_upper_bound":0.9388,"ME":0.2756,"ME_lower_bound":-0.0572,"ME_upper_bound":0.616,"R2":0.8922983646,"R2_lower_bound":0.7796151898,"R2_upper_bound":0.9558730179,"m":0.9970824905,"m_lower_bound":0.876598274,"m_upper_bound":1.1167845603},"ftc8w":{"name":"EC-RISM\/MP2\/cc-pVTZ-P2-q-noThiols-2par","RMSE":0.9318468015,"RMSE_lower_bound":0.5535618929,"RMSE_upper_bound":1.2642967032,"MAE":0.6553846154,"MAE_lower_bound":0.4273076923,"MAE_upper_bound":0.9288461538,"ME":0.1176923077,"ME_lower_bound":-0.2315384615,"ME_upper_bound":0.4692307692,"R2":0.8610850419,"R2_lower_bound":0.6668866463,"R2_upper_bound":0.9604048259,"m":0.8777824121,"m_lower_bound":0.7637826085,"m_upper_bound":0.9547204598},"cywyk":{"name":"EC-RISM\/B3LYP\/6-311+G(d,p)-P2-phi-noThiols-2par","RMSE":0.9331378,"RMSE_lower_bound":0.6589414588,"RMSE_upper_bound":1.1828762208,"MAE":0.7107692308,"MAE_lower_bound":0.4861538462,"MAE_upper_bound":0.9507692308,"ME":0.1715384615,"ME_lower_bound":-0.1742307692,"ME_upper_bound":0.5215384615,"R2":0.8702898268,"R2_lower_bound":0.7566471583,"R2_upper_bound":0.9378214474,"m":0.9504487552,"m_lower_bound":0.8196695686,"m_upper_bound":1.1163040642},"nxaaw":{"name":"EC-RISM\/B3LYP\/6-311+G(d,p)-P3NI-q-noThiols-2par","RMSE":0.965194281,"RMSE_lower_bound":0.5993875079,"RMSE_upper_bound":1.3516144193,"MAE":0.6938461538,"MAE_lower_bound":0.4653846154,"MAE_upper_bound":0.9715384615,"ME":-0.0030769231,"ME_lower_bound":-0.3907692308,"ME_upper_bound":0.35,"R2":0.8534403805,"R2_lower_bound":0.6526843379,"R2_upper_bound":0.9540384081,"m":0.9203336967,"m_lower_bound":0.7984154179,"m_upper_bound":1.0113194182},"nb016":{"name":"MoKa","RMSE":1.0099031378,"RMSE_lower_bound":0.7314636904,"RMSE_upper_bound":1.258883218,"MAE":0.8147826087,"MAE_lower_bound":0.5765217391,"MAE_upper_bound":1.067826087,"ME":-0.272173913,"ME_lower_bound":-0.667826087,"ME_upper_bound":0.1260869565,"R2":0.8716647559,"R2_lower_bound":0.7771266411,"R2_upper_bound":0.9355404508,"m":0.959844907,"m_lower_bound":0.8032006807,"m_upper_bound":1.151794162},"kxztt":{"name":"EC-RISM\/MP2\/6-311+G(d,p)-P3NI-q-noThiols-2par","RMSE":1.0408483966,"RMSE_lower_bound":0.6148233017,"RMSE_upper_bound":1.4395725861,"MAE":0.7296153846,"MAE_lower_bound":0.4753846154,"MAE_upper_bound":1.0419230769,"ME":0.0357692308,"ME_lower_bound":-0.3507692308,"ME_upper_bound":0.4530769231,"R2":0.87125049,"R2_lower_bound":0.6677837926,"R2_upper_bound":0.9668065705,"m":1.0748458006,"m_lower_bound":0.9221349472,"m_upper_bound":1.1697504349},"eyetm":{"name":"ReSCoSS conformations \/\/ DSD-BLYP-D3 reranking \/\/ COSMOtherm pKa","RMSE":1.043492656,"RMSE_lower_bound":0.7218992046,"RMSE_upper_bound":1.3602898447,"MAE":0.7661538462,"MAE_lower_bound":0.5084615385,"MAE_upper_bound":1.0511538462,"ME":-0.4092307692,"ME_lower_bound":-0.7826923077,"ME_upper_bound":-0.0330769231,"R2":0.9151839371,"R2_lower_bound":0.8229488187,"R2_upper_bound":0.962585047,"m":1.1596967373,"m_lower_bound":0.9924445331,"m_upper_bound":1.296012379},"cm2yq":{"name":"EC-RISM\/MP2\/6-311+G(d,p)-P3NI-phi-noThiols-2par","RMSE":1.0733648029,"RMSE_lower_bound":0.458855097,"RMSE_upper_bound":1.6739701312,"MAE":0.6112,"MAE_lower_bound":0.328,"MAE_upper_bound":1.012,"ME":0.1264,"ME_lower_bound":-0.2368,"ME_upper_bound":0.6004,"R2":0.8923920318,"R2_lower_bound":0.8036381935,"R2_upper_bound":0.9748278468,"m":1.1437320289,"m_lower_bound":0.9663352144,"m_upper_bound":1.3552191537},"2umai":{"name":"EC-RISM\/MP2\/6-311+G(d,p)-P3NI-phi-all-2par","RMSE":1.0847727873,"RMSE_lower_bound":0.482331836,"RMSE_upper_bound":1.6811829169,"MAE":0.6292,"MAE_lower_bound":0.342,"MAE_upper_bound":1.0268,"ME":0.0852,"ME_lower_bound":-0.2848,"ME_upper_bound":0.56,"R2":0.8919511172,"R2_lower_bound":0.8006998693,"R2_upper_bound":0.9730636444,"m":1.1515979102,"m_lower_bound":0.9714828771,"m_upper_bound":1.3681993329},"wuuvc":{"name":"EC-RISM\/MP2\/6-311+G(d,p)-P2-phi-noThiols-2par","RMSE":1.0858424592,"RMSE_lower_bound":0.5213554819,"RMSE_upper_bound":1.6539219124,"MAE":0.6653846154,"MAE_lower_bound":0.3965384615,"MAE_upper_bound":1.0369230769,"ME":0.2384615385,"ME_lower_bound":-0.1369230769,"ME_upper_bound":0.6888461538,"R2":0.850875436,"R2_lower_bound":0.7675756376,"R2_upper_bound":0.9555544241,"m":1.0203023288,"m_lower_bound":0.8167093836,"m_upper_bound":1.2894290602},"ktpj5":{"name":"EC-RISM\/MP2\/6-311+G(d,p)-P2-phi-all-2par","RMSE":1.0946561104,"RMSE_lower_bound":0.5121015524,