{"hdiyq":{"name":"S+pKa","RMSE":0.6240424923,"RMSE_lower_bound":0.4751128898,"RMSE_upper_bound":0.756176716,"MAE":0.4680645161,"MAE_lower_bound":0.3280645161,"MAE_upper_bound":0.6177419355,"ME":0.1274193548,"ME_lower_bound":-0.094516129,"ME_upper_bound":0.3429032258,"R2":0.9501427068,"R2_lower_bound":0.9180740676,"R2_upper_bound":0.9743774302,"m":0.9899067824,"m_lower_bound":0.9160016254,"m_upper_bound":1.0888722328},"epvmk":{"name":"EC-RISM\/MP2\/cc-pVTZ-P2-phi-noThiols-2par","RMSE":0.6309079391,"RMSE_lower_bound":0.4297433075,"RMSE_upper_bound":0.8096018604,"MAE":0.4693103448,"MAE_lower_bound":0.3237931034,"MAE_upper_bound":0.6324137931,"ME":-0.0237931034,"ME_lower_bound":-0.2482758621,"ME_upper_bound":0.204137931,"R2":0.9487355886,"R2_lower_bound":0.8924431832,"R2_upper_bound":0.9803072817,"m":0.9816674428,"m_lower_bound":0.9121931309,"m_upper_bound":1.0453999559},"xnoe0":{"name":"EC-RISM\/MP2\/cc-pVTZ-P2-phi-all-2par","RMSE":0.6470831992,"RMSE_lower_bound":0.4690131484,"RMSE_upper_bound":0.8135826121,"MAE":0.499,"MAE_lower_bound":0.36,"MAE_upper_bound":0.6506666667,"ME":-0.099,"ME_lower_bound":-0.3266666667,"ME_upper_bound":0.1296666667,"R2":0.9476192633,"R2_lower_bound":0.8907130763,"R2_upper_bound":0.97776867,"m":0.9947022977,"m_lower_bound":0.9243197796,"m_upper_bound":1.0540292612},"gdqeg":{"name":"PCM\/B3LYP\/6-311+G(d,p)","RMSE":0.6527454838,"RMSE_lower_bound":0.402268567,"RMSE_upper_bound":0.8884555888,"MAE":0.4336666667,"MAE_lower_bound":0.2703333333,"MAE_upper_bound":0.6153333333,"ME":0.113,"ME_lower_bound":-0.1056666667,"ME_upper_bound":0.3496666667,"R2":0.9412098798,"R2_lower_bound":0.8766101234,"R2_upper_bound":0.9805404371,"m":0.9451948352,"m_lower_bound":0.8675183204,"m_upper_bound":1.0244599845},"4o0ia":{"name":"EC-RISM\/MP2\/cc-pVTZ-P3NI-phi-noThiols-2par","RMSE":0.6638232373,"RMSE_lower_bound":0.4426933694,"RMSE_upper_bound":0.8590279578,"MAE":0.465483871,"MAE_lower_bound":0.3106451613,"MAE_upper_bound":0.6416129032,"ME":0.0029032258,"ME_lower_bound":-0.2267741935,"ME_upper_bound":0.2416129032,"R2":0.9399215806,"R2_lower_bound":0.8834434592,"R2_upper_bound":0.9769449233,"m":0.9665817004,"m_lower_bound":0.870853059,"m_upper_bound":1.0486818237},"ccpmw":{"name":"ReSCoSS conformations \/\/ COSMOtherm pKa","RMSE":0.7883342995,"RMSE_lower_bound":0.618705725,"RMSE_upper_bound":0.9342739116,"MAE":0.6219354839,"MAE_lower_bound":0.4548387097,"MAE_upper_bound":0.7916129032,"ME":-0.1690322581,"ME_lower_bound":-0.4358064516,"ME_upper_bound":0.1090322581,"R2":0.9190546674,"R2_lower_bound":0.8655089249,"R2_upper_bound":0.9561636129,"m":0.947938055,"m_lower_bound":0.8222575661,"m_upper_bound":1.0567446671},"0xi4b":{"name":"EC-RISM\/B3LYP\/6-311+G(d,p)-P3NI-phi-noThiols-2par","RMSE":0.8384728181,"RMSE_lower_bound":0.5832438027,"RMSE_upper_bound":1.074855029,"MAE":0.613,"MAE_lower_bound":0.4173333333,"MAE_upper_bound":0.8263333333,"ME":0.221,"ME_lower_bound":-0.0623333333,"ME_upper_bound":0.5136666667,"R2":0.9187440158,"R2_lower_bound":0.8382955492,"R2_upper_bound":0.9650146626,"m":0.9989472084,"m_lower_bound":0.9134825567,"m_upper_bound":1.0880065175},"cywyk":{"name":"EC-RISM\/B3LYP\/6-311+G(d,p)-P2-phi-noThiols-2par","RMSE":0.8603450171,"RMSE_lower_bound":0.6093227335,"RMSE_upper_bound":1.0982889919,"MAE":0.6212903226,"MAE_lower_bound":0.4264516129,"MAE_upper_bound":0.8487096774,"ME":0.1316129032,"ME_lower_bound":-0.1622580645,"ME_upper_bound":0.4393548387,"R2":0.9037683066,"R2_lower_bound":0.8252703896,"R2_upper_bound":0.9549163077,"m":0.9605288442,"m_lower_bound":0.8601161363,"m_upper_bound":1.081087764},"ftc8w":{"name":"EC-RISM\/MP2\/cc-pVTZ-P2-q-noThiols-2par","RMSE":0.8609053749,"RMSE_lower_bound":0.5044127854,"RMSE_upper_bound":1.1639033326,"MAE":0.5880645161,"MAE_lower_bound":0.3835483871,"MAE_upper_bound":0.8287096774,"ME":0.1003225806,"ME_lower_bound":-0.1938709677,"ME_upper_bound":0.4158064516,"R2":0.8994197619,"R2_lower_bound":0.7742759238,"R2_upper_bound":0.9696077493,"m":0.9171960667,"m_lower_bound":0.8389320443,"m_upper_bound":0.9786980623},"nxaaw":{"name":"EC-RISM\/B3LYP\/6-311+G(d,p)-P3NI-q-noThiols-2par","RMSE":0.8940592461,"RMSE_lower_bound":0.5608633897,"RMSE_upper_bound":1.2602636693,"MAE":0.6148387097,"MAE_lower_bound":0.4125806452,"MAE_upper_bound":0.865483871,"ME":-0.024516129,"ME_lower_bound":-0.3532258065,"ME_upper_bound":0.2751612903,"R2":0.8919381027,"R2_lower_bound":0.7544327084,"R2_upper_bound":0.9641719688,"m":0.9363239269,"m_lower_bound":0.8527078315,"m_upper_bound":0.9991003557},"kxztt":{"name":"EC-RISM\/MP2\/6-311+G(d,p)-P3NI-q-noThiols-2par","RMSE":0.959349578,"RMSE_lower_bound":0.5648465393,"RMSE_upper_bound":1.324596104,"MAE":0.6403225806,"MAE_lower_bound":0.4148387097,"MAE_upper_bound":0.9183870968,"ME":0.0029032258,"ME_lower_bound":-0.3193548387,"ME_upper_bound":0.3593548387,"R2":0.9000792881,"R2_lower_bound":0.7665006596,"R2_upper_bound":0.9728269306,"m":1.0563681891,"m_lower_bound":0.9595642149,"m_upper_bound":1.1304404117},"eyetm":{"name":"ReSCoSS conformations \/\/ DSD-BLYP-D3 reranking \/\/ COSMOtherm pKa","RMSE":0.9785489587,"RMSE_lower_bound":0.6901238785,"RMSE_upper_bound":1.2708430019,"MAE":0.7196774194,"MAE_lower_bound":0.4987096774,"MAE_upper_bound":0.9667741935,"ME":-0.3177419355,"ME_lower_bound":-0.6564516129,"ME_upper_bound":0.0009677419,"R2":0.914922344,"R2_lower_bound":0.8571385594,"R2_upper_bound":0.9568551736,"m":1.0891567337,"m_lower_bound":0.9455170945,"m_upper_bound":1.2228954378},"cm2yq":{"name":"EC-RISM\/MP2\/6-311+G(d,p)-P3NI-phi-noThiols-2par","RMSE":0.9939533859,"RMSE_lower_bound":0.4459484275,"RMSE_upper_bound":1.5303376534,"MAE":0.561,"MAE_lower_bound":0.3143333333,"MAE_upper_bound":0.89,"ME":0.103,"ME_lower_bound":-0.212,"ME_upper_bound":0.4896666667,"R2":0.9062472701,"R2_lower_bound":0.8279564347,"R2_upper_bound":0.9772807749,"m":1.0894409179,"m_lower_bound":0.958984072,"m_upper_bound":1.2548197265},"2umai":{"name":"EC-RISM\/MP2\/6-311+G(d,p)-P3NI-phi-all-2par","RMSE":1.0038874439,"RMSE_lower_bound":0.4730609545,"RMSE_upper_bound":1.5307296735,"MAE":0.5743333333,"MAE_lower_bound":0.3366666667,"MAE_upper_bound":0.896,"ME":0.067,"ME_lower_bound":-0.256,"ME_upper_bound":0.4516666667,"R2":0.9056099446,"R2_lower_bound":0.8258276042,"R2_upper_bound":0.9749817552,"m":1.0956256074,"m_lower_bound":0.960479847,"m_upper_bound":1.255032579},"ko8yx":{"name":"Adiabatic scheme with single point correction for type I submission","RMSE":1.0118507476,"RMSE_lower_bound":0.7528719207,"RMSE_upper_bound":1.2527183346,"MAE":0.7816129032,"MAE_lower_bound":0.5606451613,"MAE_upper_bound":1.0183870968,"ME":0.3487096774,"ME_lower_bound":0.0170967742,"ME_upper_bound":0.6922580645,"R2":0.9055980019,"R2_lower_bound":0.8163605554,"R2_upper_bound":0.955950908,"m":1.0708579401,"m_lower_bound":0.9635407681,"m_upper_bound":1.1853450863},"wuuvc":{"name":"EC-RISM\/MP2\/6-311+G(d,p)-P2-phi-noThiols-2par","RMSE":1.0162168933,"RMSE_lower_bound":0.5161270161,"RMSE_upper_bound":1.5392142947,"MAE":0.62,"MAE_lower_bound":0.384516129,"MAE_upper_bound":0.9477419355,"ME":0.1877419355,"ME_lower_bound":-0.13,"ME_upper_bound":0.574516129,"R2":0.8783137264,"R2_lower_bound":0.7980206332,"R2_upper_bound":0.9639055295,"m":0.9969231837,"m_lower_bound":0.8439698096,"m_upper_bound":1.1951888754},"ktpj5":{"name":"EC-RISM\/MP2\/6-311+G(d,p)-P2-phi-all-2par","RMSE":1.0216571506,"RMSE_lower_bound":0.5059874834,"RMSE_upper_bound":1.5552973992,"MAE":0.613,"MAE_lower_bound":0.369,"MAE_upper_bound":0.945,"ME":0.1683333333,"ME_lower_bound":-0.1613333333,"ME_upper_bound":0.5596666667,"R2":0.8829065478,"R2_lower_bound":0.8057932887,"R2_upper_bound":0.9656030705,"m":1.0189646255,"m_lower_bound":0.8661991138,"m_upper_bound":1.2212568371},"z7fhp":{"name":"EC-RISM\/MP2\/6-311+G(d,p)-P2-phi-all-1par","RMSE":1.0222934368,"RMSE_lower_bound":0.500338595,"RMSE_upper_bound":1.5368348286,"MAE":0.6083870968,"MAE_lower_bound":0.3674193548,"MAE_upper_bound":0.93,"ME":0.0825806452,"ME_lower_bound":-0.24,"ME_upper_bound":0.4667741935,"R2":0.8960982296,