{"xvxzd":{"name":"Full quantum chemical calculation of free energies and fit to experimental pKa","RMSE":0.6800760607,"RMSE_lower_bound":0.5434341631,"RMSE_upper_bound":0.8094634238,"MAE":0.5786206897,"MAE_lower_bound":0.4493103448,"MAE_upper_bound":0.7096551724,"ME":-0.2351724138,"ME_lower_bound":-0.4603448276,"ME_upper_bound":0.0075862069,"R2":0.9373019916,"R2_lower_bound":0.8766348837,"R2_upper_bound":0.9718779665,"m":1.0153730965,"m_lower_bound":0.9140152899,"m_upper_bound":1.113764194},"gyuhx":{"name":"S+pKa","RMSE":0.7319946236,"RMSE_lower_bound":0.5554045314,"RMSE_upper_bound":0.9113619726,"MAE":0.585483871,"MAE_lower_bound":0.4383870968,"MAE_upper_bound":0.7438709677,"ME":-0.034516129,"ME_lower_bound":-0.2838709677,"ME_upper_bound":0.2332258065,"R2":0.9289338327,"R2_lower_bound":0.8782192625,"R2_upper_bound":0.9650574785,"m":0.948471277,"m_lower_bound":0.8329553205,"m_upper_bound":1.0448525601},"xmyhm":{"name":"ACD\/pKa Classic","RMSE":0.7865461453,"RMSE_lower_bound":0.5212175572,"RMSE_upper_bound":1.0323852744,"MAE":0.5635483871,"MAE_lower_bound":0.3841935484,"MAE_upper_bound":0.7706451613,"ME":-0.1338709677,"ME_lower_bound":-0.4003225806,"ME_upper_bound":0.1432258065,"R2":0.9189786969,"R2_lower_bound":0.8441665695,"R2_upper_bound":0.9678256496,"m":0.9563620243,"m_lower_bound":0.8386137774,"m_upper_bound":1.0666970325},"nb007":{"name":"Epik-sequential","RMSE":0.9682075224,"RMSE_lower_bound":0.7644141759,"RMSE_upper_bound":1.1717439443,"MAE":0.8103225806,"MAE_lower_bound":0.6261290323,"MAE_upper_bound":1.0022580645,"ME":-0.0251612903,"ME_lower_bound":-0.3622580645,"ME_upper_bound":0.3132258065,"R2":0.8706802643,"R2_lower_bound":0.7611543433,"R2_upper_bound":0.9334609528,"m":0.9966595086,"m_lower_bound":0.8522676883,"m_upper_bound":1.1179553662},"8xt50":{"name":"ReSCoSS conformations \/\/ DSD-BLYP-D3 reranking \/\/ COSMOtherm pKa","RMSE":1.0714295545,"RMSE_lower_bound":0.7815348835,"RMSE_upper_bound":1.3556274586,"MAE":0.8141935484,"MAE_lower_bound":0.5816129032,"MAE_upper_bound":1.0716129032,"ME":0.4748387097,"ME_lower_bound":0.1425806452,"ME_upper_bound":0.8232258065,"R2":0.9055345285,"R2_lower_bound":0.839541454,"R2_upper_bound":0.952157786,"m":0.8399273238,"m_lower_bound":0.7468775126,"m_upper_bound":0.9557521747},"yqkga":{"name":"ReSCoSS conformations \/\/ COSMOtherm pKa","RMSE":1.0868777419,"RMSE_lower_bound":0.7304285088,"RMSE_upper_bound":1.4480743609,"MAE":0.7993548387,"MAE_lower_bound":0.5580645161,"MAE_upper_bound":1.0709677419,"ME":0.1664516129,"ME_lower_bound":-0.2393548387,"ME_upper_bound":0.5167741935,"R2":0.8464660158,"R2_lower_bound":0.7214919812,"R2_upper_bound":0.9433796337,"m":0.9239996801,"m_lower_bound":0.8025092884,"m_upper_bound":1.0876186642},"p0jba":{"name":"macroscopic pKa prediction from microscopic pKa predicted with Gaussian and separate fitting for neutral to negative and for positive to neutral transformations","RMSE":1.314747124,"RMSE_lower_bound":0.6874881817,"RMSE_upper_bound":1.72756476,"MAE":1.084,"MAE_lower_bound":0.428,"MAE_upper_bound":1.72,"ME":0.924,"ME_lower_bound":0.108,"ME_upper_bound":1.72,"R2":0.9099462335,"R2_lower_bound":0.5085281288,"R2_upper_bound":1.0,"m":0.7681553016,"m_lower_bound":0.5582524272,"m_upper_bound":1.5164498996},"37xm8":{"name":"ACD\/pKa GALAS","RMSE":1.4131100453,"RMSE_lower_bound":0.9301774024,"RMSE_upper_bound":1.8439992769,"MAE":1.008,"MAE_lower_bound":0.6813333333,"MAE_upper_bound":1.383,"ME":0.1826666667,"ME_lower_bound":-0.3186666667,"ME_upper_bound":0.6876666667,"R2":0.8335134007,"R2_lower_bound":0.6953032676,"R2_upper_bound":0.9265325104,"m":0.7214425006,"m_lower_bound":0.5879102396,"m_upper_bound":0.8628382298},"mkhqa":{"name":"EC-RISM\/MP2\/cc-pVTZ-P2-phi-all-2par","RMSE":1.59610817,"RMSE_lower_bound":1.142989854,"RMSE_upper_bound":2.0353013568,"MAE":1.2387096774,"MAE_lower_bound":0.9119354839,"MAE_upper_bound":1.61,"ME":0.3161290323,"ME_lower_bound":-0.2290322581,"ME_upper_bound":0.874516129,"R2":0.8031710687,"R2_lower_bound":0.6713164211,"R2_upper_bound":0.9034057047,"m":0.704667184,"m_lower_bound":0.5678447095,"m_upper_bound":0.8344115946},"ttjd0":{"name":"EC-RISM\/MP2\/cc-pVTZ-P2-phi-noThiols-2par","RMSE":1.6417329554,"RMSE_lower_bound":1.1990614609,"RMSE_upper_bound":2.07358891,"MAE":1.2958064516,"MAE_lower_bound":0.96,"MAE_upper_bound":1.6748387097,"ME":0.1216129032,"ME_lower_bound":-0.4474193548,"ME_upper_bound":0.7058064516,"R2":0.8127154848,"R2_lower_bound":0.6808133657,"R2_upper_bound":0.9090491658,"m":0.6783211906,"m_lower_bound":0.5490844538,"m_upper_bound":0.800404619},"nb001":{"name":"EC-RISM\/MP2\/6-311+G(d,p)-P2-phi-all-2par","RMSE":1.6848480356,"RMSE_lower_bound":1.0642883432,"RMSE_upper_bound":2.3759330934,"MAE":1.2132258065,"MAE_lower_bound":0.8548387097,"MAE_upper_bound":1.6751612903,"ME":-0.4422580645,"ME_lower_bound":-1.0458064516,"ME_upper_bound":0.1132258065,"R2":0.7970369577,"R2_lower_bound":0.7017201036,"R2_upper_bound":0.8970631625,"m":0.689301123,"m_lower_bound":0.5387402906,"m_upper_bound":0.8839542126},"nb002":{"name":"EC-RISM\/MP2\/6-311+G(d,p)-P2-phi-noThiols-2par","RMSE":1.703466106,"RMSE_lower_bound":1.0735214889,"RMSE_upper_bound":2.3693390939,"MAE":1.2461290323,"MAE_lower_bound":0.8809677419,"MAE_upper_bound":1.6919354839,"ME":-0.5093548387,"ME_lower_bound":-1.1241935484,"ME_upper_bound":0.034516129,"R2":0.795563712,"R2_lower_bound":0.6961106398,"R2_upper_bound":0.8957315073,"m":0.6901516602,"m_lower_bound":0.5419135216,"m_upper_bound":0.8844873162},"35bdm":{"name":"macroscopic pKa prediction from microscopic pKa predicted with Gaussian and global fitting","RMSE":1.718644815,"RMSE_lower_bound":0.6645750522,"RMSE_upper_bound":2.3379093225,"MAE":1.442,"MAE_lower_bound":0.622,"MAE_upper_bound":2.262,"ME":1.006,"ME_lower_bound":-0.134,"ME_upper_bound":2.178,"R2":0.9187503813,"R2_lower_bound":0.4568461698,"R2_upper_bound":1.0,"m":0.6353542689,"m_lower_bound":0.3938418058,"m_upper_bound":0.8062554109},"2ii2g":{"name":"EC-RISM\/MP2\/cc-pVTZ-P2-q-noThiols-2par","RMSE":1.7952661767,"RMSE_lower_bound":1.2920688586,"RMSE_upper_bound":2.2538790934,"MAE":1.3890322581,"MAE_lower_bound":1.0022580645,"MAE_upper_bound":1.8109677419,"ME":0.7438709677,"ME_lower_bound":0.1593548387,"ME_upper_bound":1.3074193548,"R2":0.7923065576,"R2_lower_bound":0.6526792135,"R2_upper_bound":0.8939170397,"m":0.6893734175,"m_lower_bound":0.5523068064,"m_upper_bound":0.852378526},"mpwiy":{"name":"EC-RISM\/MP2\/cc-pVTZ-P3NI-phi-noThiols-2par","RMSE":1.8161684233,"RMSE_lower_bound":1.3859269636,"RMSE_upper_bound":2.2302191416,"MAE":1.4822580645,"MAE_lower_bound":1.1270967742,"MAE_upper_bound":1.8712903226,"ME":-0.1029032258,"ME_lower_bound":-0.7206451613,"ME_upper_bound":0.5612903226,"R2":0.8201144379,"R2_lower_bound":0.7040154464,"R2_upper_bound":0.9057767743,"m":0.6336976708,"m_lower_bound":0.518869544,"m_upper_bound":0.7476035821},"ryzue":{"name":"Adiabatic scheme with single point correction for type III submission","RMSE":1.8236378036,"RMSE_lower_bound":1.4386418326,"RMSE_upper_bound":2.180324776,"MAE":1.5003225806,"MAE_lower_bound":1.1474193548,"MAE_upper_bound":1.8729032258,"ME":-1.2977419355,"ME_lower_bound":-1.7383870968,"ME_upper_bound":-0.84,"R2":0.8916677802,"R2_lower_bound":0.8264037569,"R2_upper_bound":0.9542615445,"m":0.7330165376,"m_lower_bound":0.6576224292,"m_upper_bound":0.847472105},"5byn6":{"name":"Adiabatic scheme for type III submission","RMSE":1.8899940263,"RMSE_lower_bound":1.4999430097,"RMSE_upper_bound":2.2571492154,"MAE":1.5877419355,"MAE_lower_bound":1.2416129032,"MAE_upper_bound":1.9529032258,"ME":-1.3174193548,"ME_lower_bound":-1.7858064516,"ME_upper_bound":-0.8370967742,"R2":0.905227755,"R2_lower_bound":0.8494544571,"R2_upper_bound":0.9483600419,"m":0.7048251227,"m_lower_bound":0.6291433826,"m_upper_bound":0.8067416669},"y75vj":{"name":"Direct scheme for type III submission","RMSE":1.9008340275,"RMSE_lower_bound":1.4984058195,"RMSE_upper_bound":2.2632034818,"MAE":1.5843333333,"MAE_lower_bound":1.2133333333,"MAE_upper_bound":1.96,