{"xvxzd":{"name":"Full quantum chemical calculation of free energies and fit to experimental pKa","RMSE":0.6800760607,"RMSE_lower_bound":0.5506453894,"RMSE_upper_bound":0.8148429085,"MAE":0.5786206897,"MAE_lower_bound":0.4575862069,"MAE_upper_bound":0.7134482759,"ME":0.2351724138,"ME_lower_bound":-0.0320689655,"ME_upper_bound":0.4793103448,"R2":0.9373019916,"R2_lower_bound":0.8740967246,"R2_upper_bound":0.970046333,"m":0.9231109184,"m_lower_bound":0.8393060854,"m_upper_bound":1.0246646277},"gyuhx":{"name":"S+pKa","RMSE":0.7319946236,"RMSE_lower_bound":0.5527584784,"RMSE_upper_bound":0.9128014305,"MAE":0.585483871,"MAE_lower_bound":0.4390322581,"MAE_upper_bound":0.7506451613,"ME":0.034516129,"ME_lower_bound":-0.2429032258,"ME_upper_bound":0.2912903226,"R2":0.9289338327,"R2_lower_bound":0.8784677958,"R2_upper_bound":0.9666698606,"m":0.9794011218,"m_lower_bound":0.9038580407,"m_upper_bound":1.0837487696},"xmyhm":{"name":"ACD\/pKa Classic","RMSE":0.7865461453,"RMSE_lower_bound":0.5214959871,"RMSE_upper_bound":1.0478118521,"MAE":0.5635483871,"MAE_lower_bound":0.3777419355,"MAE_upper_bound":0.7916129032,"ME":0.1338709677,"ME_lower_bound":-0.1567741935,"ME_upper_bound":0.4061290323,"R2":0.9189786969,"R2_lower_bound":0.8396620211,"R2_upper_bound":0.9682319796,"m":0.9609109035,"m_lower_bound":0.8531689194,"m_upper_bound":1.0803328593},"nb007":{"name":"Epik-sequential","RMSE":0.9682075224,"RMSE_lower_bound":0.7784786653,"RMSE_upper_bound":1.1834013308,"MAE":0.8103225806,"MAE_lower_bound":0.6370967742,"MAE_upper_bound":1.015483871,"ME":0.0251612903,"ME_lower_bound":-0.3509677419,"ME_upper_bound":0.3687096774,"R2":0.8706802643,"R2_lower_bound":0.757051432,"R2_upper_bound":0.9312331617,"m":0.8735985126,"m_lower_bound":0.7866329661,"m_upper_bound":0.9859123365},"8xt50":{"name":"ReSCoSS conformations \/\/ DSD-BLYP-D3 reranking \/\/ COSMOtherm pKa","RMSE":1.0714295545,"RMSE_lower_bound":0.7737987569,"RMSE_upper_bound":1.3615041492,"MAE":0.8141935484,"MAE_lower_bound":0.5790322581,"MAE_upper_bound":1.07,"ME":-0.4748387097,"ME_lower_bound":-0.8074193548,"ME_upper_bound":-0.1274193548,"R2":0.9055345285,"R2_lower_bound":0.8410167265,"R2_upper_bound":0.95153097,"m":1.0781105731,"m_lower_bound":0.9395849126,"m_upper_bound":1.2081694075},"yqkga":{"name":"ReSCoSS conformations \/\/ COSMOtherm pKa","RMSE":1.0868777419,"RMSE_lower_bound":0.7193747285,"RMSE_upper_bound":1.4515786734,"MAE":0.7993548387,"MAE_lower_bound":0.5583870968,"MAE_upper_bound":1.0980645161,"ME":-0.1664516129,"ME_lower_bound":-0.5038709677,"ME_upper_bound":0.2577419355,"R2":0.8464660158,"R2_lower_bound":0.7259944769,"R2_upper_bound":0.9435935977,"m":0.9160890788,"m_lower_bound":0.7097516766,"m_upper_bound":1.1038899387},"p0jba":{"name":"macroscopic pKa prediction from microscopic pKa predicted with Gaussian and separate fitting for neutral to negative and for positive to neutral transformations","RMSE":1.314747124,"RMSE_lower_bound":0.6874881817,"RMSE_upper_bound":1.6898520645,"MAE":1.084,"MAE_lower_bound":0.428,"MAE_upper_bound":1.684,"ME":-0.924,"ME_lower_bound":-1.684,"ME_upper_bound":-0.056,"R2":0.9099462335,"R2_lower_bound":0.5306409498,"R2_upper_bound":1.0,"m":1.184586283,"m_lower_bound":0.4275479266,"m_upper_bound":1.7240765465},"37xm8":{"name":"ACD\/pKa GALAS","RMSE":1.4131100453,"RMSE_lower_bound":0.9212165869,"RMSE_upper_bound":1.847441474,"MAE":1.008,"MAE_lower_bound":0.661,"MAE_upper_bound":1.381,"ME":-0.1826666667,"ME_lower_bound":-0.6953333333,"ME_upper_bound":0.304,"R2":0.8335134007,"R2_lower_bound":0.6936693089,"R2_upper_bound":0.9292114617,"m":1.1553428028,"m_lower_bound":0.9746582948,"m_upper_bound":1.3529401757},"mkhqa":{"name":"EC-RISM\/MP2\/cc-pVTZ-P2-phi-all-2par","RMSE":1.59610817,"RMSE_lower_bound":1.1552153828,"RMSE_upper_bound":2.0029727906,"MAE":1.2387096774,"MAE_lower_bound":0.9132258065,"MAE_upper_bound":1.5890322581,"ME":-0.3161290323,"ME_lower_bound":-0.8225806452,"ME_upper_bound":0.2438709677,"R2":0.8031710687,"R2_lower_bound":0.682208947,"R2_upper_bound":0.9023183094,"m":1.1397878132,"m_lower_bound":0.9801583292,"m_upper_bound":1.3198208857},"ttjd0":{"name":"EC-RISM\/MP2\/cc-pVTZ-P2-phi-noThiols-2par","RMSE":1.6417329554,"RMSE_lower_bound":1.2077665337,"RMSE_upper_bound":2.0960523571,"MAE":1.2958064516,"MAE_lower_bound":0.944516129,"MAE_upper_bound":1.6916129032,"ME":-0.1216129032,"ME_lower_bound":-0.7025806452,"ME_upper_bound":0.4687096774,"R2":0.8127154848,"R2_lower_bound":0.6800576955,"R2_upper_bound":0.9092171223,"m":1.1981278133,"m_lower_bound":1.0224587442,"m_upper_bound":1.4115553365},"nb001":{"name":"EC-RISM\/MP2\/6-311+G(d,p)-P2-phi-all-2par","RMSE":1.6848480356,"RMSE_lower_bound":1.0507339984,"RMSE_upper_bound":2.4562454958,"MAE":1.2132258065,"MAE_lower_bound":0.8329032258,"MAE_upper_bound":1.7283870968,"ME":0.4422580645,"ME_lower_bound":-0.1009677419,"ME_upper_bound":1.0787096774,"R2":0.7970369577,"R2_lower_bound":0.7021009702,"R2_upper_bound":0.9019714791,"m":1.1562971989,"m_lower_bound":0.9391616196,"m_upper_bound":1.4659612647},"nb002":{"name":"EC-RISM\/MP2\/6-311+G(d,p)-P2-phi-noThiols-2par","RMSE":1.703466106,"RMSE_lower_bound":1.1031289808,"RMSE_upper_bound":2.3895768285,"MAE":1.2461290323,"MAE_lower_bound":0.9041935484,"MAE_upper_bound":1.714516129,"ME":0.5093548387,"ME_lower_bound":-0.0503225806,"ME_upper_bound":1.1535483871,"R2":0.795563712,"R2_lower_bound":0.6922898553,"R2_upper_bound":0.8991065998,"m":1.1527375183,"m_lower_bound":0.9499179632,"m_upper_bound":1.4118127918},"35bdm":{"name":"macroscopic pKa prediction from microscopic pKa predicted with Gaussian and global fitting","RMSE":1.718644815,"RMSE_lower_bound":0.6645750522,"RMSE_upper_bound":2.3718515974,"MAE":1.442,"MAE_lower_bound":0.622,"MAE_upper_bound":2.262,"ME":-1.006,"ME_lower_bound":-2.178,"ME_upper_bound":0.134,"R2":0.9187503813,"R2_lower_bound":0.3298071608,"R2_upper_bound":1.0,"m":1.4460442407,"m_lower_bound":0.7198754383,"m_upper_bound":2.1303030303},"2ii2g":{"name":"EC-RISM\/MP2\/cc-pVTZ-P2-q-noThiols-2par","RMSE":1.7952661767,"RMSE_lower_bound":1.2926566792,"RMSE_upper_bound":2.2593447523,"MAE":1.3890322581,"MAE_lower_bound":1.015483871,"MAE_upper_bound":1.8067741935,"ME":-0.7438709677,"ME_lower_bound":-1.3080645161,"ME_upper_bound":-0.1516129032,"R2":0.7923065576,"R2_lower_bound":0.6609029648,"R2_upper_bound":0.8956405962,"m":1.1493140545,"m_lower_bound":0.965008296,"m_upper_bound":1.3703341895},"mpwiy":{"name":"EC-RISM\/MP2\/cc-pVTZ-P3NI-phi-noThiols-2par","RMSE":1.8161684233,"RMSE_lower_bound":1.375327527,"RMSE_upper_bound":2.2156816471,"MAE":1.4822580645,"MAE_lower_bound":1.1174193548,"MAE_upper_bound":1.8522580645,"ME":0.1029032258,"ME_lower_bound":-0.534516129,"ME_upper_bound":0.7732258065,"R2":0.8201144379,"R2_lower_bound":0.7075992646,"R2_upper_bound":0.9062573465,"m":1.2941730349,"m_lower_bound":1.1126463695,"m_upper_bound":1.5305612587},"ryzue":{"name":"Adiabatic scheme with single point correction for type III submission","RMSE":1.8236378036,"RMSE_lower_bound":1.4358924391,"RMSE_upper_bound":2.2039722204,"MAE":1.5003225806,"MAE_lower_bound":1.1309677419,"MAE_upper_bound":1.8877419355,"ME":1.2977419355,"ME_lower_bound":0.8232258065,"ME_upper_bound":1.7312903226,"R2":0.8916677802,"R2_lower_bound":0.8222356198,"R2_upper_bound":0.9548153544,"m":1.2164361027,"m_lower_bound":1.0044662326,"m_upper_bound":1.428858197},"5byn6":{"name":"Adiabatic scheme for type III submission","RMSE":1.8899940263,"RMSE_lower_bound":1.498851173,"RMSE_upper_bound":2.2753631401,"MAE":1.5877419355,"MAE_lower_bound":1.2261290323,"MAE_upper_bound":1.9680645161,"ME":1.3174193548,"ME_lower_bound":0.8151612903,"ME_upper_bound":1.7967741935,"R2":0.905227755,"R2_lower_bound":0.8479520557,"R2_upper_bound":0.9497464837,"m":1.2843295817,"m_lower_bound":1.0810989085,"m_upper_bound":1.4875087752},"y75vj":{"name":"Direct scheme for type III submission","RMSE":1.9008340275,"RMSE_lower_bound":1.4846885195,"RMSE_upper_bound":2.248595117,"MAE":1.5843333333,"MAE_lower_bound":1.1963333333,"MAE_upper_bound":1.96,