{"xvxzd":{"name":"Full quantum chemical calculation of free energies and fit to experimental pKa","RMSE":0.6800760607,"RMSE_lower_bound":0.5455462305,"RMSE_upper_bound":0.8107808071,"MAE":0.5786206897,"MAE_lower_bound":0.4513793103,"MAE_upper_bound":0.7117241379,"ME":0.2351724138,"ME_lower_bound":-0.0089655172,"ME_upper_bound":0.4589655172,"R2":0.9373019916,"R2_lower_bound":0.8777664347,"R2_upper_bound":0.9717159735,"m":0.9231109184,"m_lower_bound":0.8385752463,"m_upper_bound":1.0150938997},"gyuhx":{"name":"S+pKa","RMSE":0.7319946236,"RMSE_lower_bound":0.5558689797,"RMSE_upper_bound":0.91226411,"MAE":0.585483871,"MAE_lower_bound":0.435483871,"MAE_upper_bound":0.7448387097,"ME":0.034516129,"ME_lower_bound":-0.2319354839,"ME_upper_bound":0.2861290323,"R2":0.9289338327,"R2_lower_bound":0.8774032271,"R2_upper_bound":0.9649986966,"m":0.9794011218,"m_lower_bound":0.9035236496,"m_upper_bound":1.0834135621},"xmyhm":{"name":"ACD\/pKa Classic","RMSE":0.7865461453,"RMSE_lower_bound":0.5215300072,"RMSE_upper_bound":1.04121672,"MAE":0.5635483871,"MAE_lower_bound":0.3841935484,"MAE_upper_bound":0.7761290323,"ME":0.1338709677,"ME_lower_bound":-0.1412903226,"ME_upper_bound":0.4022580645,"R2":0.9189786969,"R2_lower_bound":0.8466289001,"R2_upper_bound":0.9675104444,"m":0.9609109035,"m_lower_bound":0.8577143008,"m_upper_bound":1.0791742477},"nb017":{"name":"MoKa","RMSE":0.9427259719,"RMSE_lower_bound":0.7207970499,"RMSE_upper_bound":1.153052051,"MAE":0.77,"MAE_lower_bound":0.5838709677,"MAE_upper_bound":0.97,"ME":-0.1622580645,"ME_lower_bound":-0.4961290323,"ME_upper_bound":0.1587096774,"R2":0.8842961413,"R2_lower_bound":0.8066233466,"R2_upper_bound":0.9373394747,"m":0.9387723673,"m_lower_bound":0.8209320394,"m_upper_bound":1.0750984215},"nb007":{"name":"Epik Scan","RMSE":0.9457511096,"RMSE_lower_bound":0.7291864667,"RMSE_upper_bound":1.159457604,"MAE":0.7761290323,"MAE_lower_bound":0.5893548387,"MAE_upper_bound":0.9732258065,"ME":0.0451612903,"ME_lower_bound":-0.3025806452,"ME_upper_bound":0.3680645161,"R2":0.8785159089,"R2_lower_bound":0.7589009606,"R2_upper_bound":0.946172431,"m":0.839671562,"m_lower_bound":0.7672399075,"m_upper_bound":0.9225007201},"yqkga":{"name":"ReSCoSS conformations \/\/ COSMOtherm pKa","RMSE":1.0102379151,"RMSE_lower_bound":0.7803245809,"RMSE_upper_bound":1.229001693,"MAE":0.7993548387,"MAE_lower_bound":0.5877419355,"MAE_upper_bound":1.0196774194,"ME":-0.1664516129,"ME_lower_bound":-0.5038709677,"ME_upper_bound":0.2029032258,"R2":0.8670924761,"R2_lower_bound":0.7839858961,"R2_upper_bound":0.9329045,"m":0.9271834081,"m_lower_bound":0.7616890666,"m_upper_bound":1.0812583412},"nb010":{"name":"Epik Microscopic","RMSE":1.0280611253,"RMSE_lower_bound":0.7710278017,"RMSE_upper_bound":1.2654197315,"MAE":0.8141935484,"MAE_lower_bound":0.6051612903,"MAE_upper_bound":1.0419354839,"ME":0.2432258065,"ME_lower_bound":-0.114516129,"ME_upper_bound":0.5874193548,"R2":0.8690285543,"R2_lower_bound":0.7719755731,"R2_upper_bound":0.9395636672,"m":0.9457522794,"m_lower_bound":0.827372888,"m_upper_bound":1.0778593055},"8xt50":{"name":"ReSCoSS conformations \/\/ DSD-BLYP-D3 reranking \/\/ COSMOtherm pKa","RMSE":1.0714295545,"RMSE_lower_bound":0.7806428286,"RMSE_upper_bound":1.3609768788,"MAE":0.8141935484,"MAE_lower_bound":0.5783870968,"MAE_upper_bound":1.0693548387,"ME":-0.4748387097,"ME_lower_bound":-0.824516129,"ME_upper_bound":-0.1374193548,"R2":0.9055345285,"R2_lower_bound":0.8392480262,"R2_upper_bound":0.9515325762,"m":1.0781105731,"m_lower_bound":0.9328435179,"m_upper_bound":1.2208237752},"nb013":{"name":"Jaguar","RMSE":1.1031158217,"RMSE_lower_bound":0.7107129542,"RMSE_upper_bound":1.4656012748,"MAE":0.8032258065,"MAE_lower_bound":0.5574193548,"MAE_upper_bound":1.084516129,"ME":-0.1483870968,"ME_lower_bound":-0.5467741935,"ME_upper_bound":0.2212903226,"R2":0.883942373,"R2_lower_bound":0.782042477,"R2_upper_bound":0.946953907,"m":1.0918429143,"m_lower_bound":0.9032421605,"m_upper_bound":1.2561348322},"nb015":{"name":"Chemicalize v18.23 (ChemAxon MarvinSketch v18.23)","RMSE":1.2722560607,"RMSE_lower_bound":0.9929525863,"RMSE_upper_bound":1.5720256092,"MAE":1.0441935484,"MAE_lower_bound":0.8,"MAE_upper_bound":1.3103225806,"ME":0.1287096774,"ME_lower_bound":-0.3193548387,"ME_upper_bound":0.5619354839,"R2":0.8737053783,"R2_lower_bound":0.8019282752,"R2_upper_bound":0.9323540012,"m":1.1616241785,"m_lower_bound":0.9415227268,"m_upper_bound":1.3402476578},"p0jba":{"name":"macroscopic pKa prediction from microscopic pKa predicted with Gaussian and separate fitting for neutral to negative and for positive to neutral transformations","RMSE":1.314747124,"RMSE_lower_bound":0.6874881817,"RMSE_upper_bound":1.72756476,"MAE":1.084,"MAE_lower_bound":0.428,"MAE_upper_bound":1.72,"ME":-0.924,"ME_lower_bound":-1.72,"ME_upper_bound":-0.108,"R2":0.9099462335,"R2_lower_bound":0.5085281288,"R2_upper_bound":1.0,"m":1.184586283,"m_lower_bound":0.3388955204,"m_upper_bound":1.7240765465},"37xm8":{"name":"ACD\/pKa GALAS","RMSE":1.4131100453,"RMSE_lower_bound":0.929247007,"RMSE_upper_bound":1.8369013764,"MAE":1.008,"MAE_lower_bound":0.6783333333,"MAE_upper_bound":1.3753333333,"ME":-0.1826666667,"ME_lower_bound":-0.6903333333,"ME_upper_bound":0.3156666667,"R2":0.8335134007,"R2_lower_bound":0.6954810438,"R2_upper_bound":0.927462711,"m":1.1553428028,"m_lower_bound":0.9825247399,"m_upper_bound":1.3321179275},"mkhqa":{"name":"EC-RISM\/MP2\/cc-pVTZ-P2-phi-all-2par","RMSE":1.59610817,"RMSE_lower_bound":1.1395839648,"RMSE_upper_bound":2.0432145767,"MAE":1.2387096774,"MAE_lower_bound":0.9061290323,"MAE_upper_bound":1.6138709677,"ME":-0.3161290323,"ME_lower_bound":-0.8825806452,"ME_upper_bound":0.2193548387,"R2":0.8031710687,"R2_lower_bound":0.6684647256,"R2_upper_bound":0.9039321786,"m":1.1397878132,"m_lower_bound":0.9762614975,"m_upper_bound":1.340588426},"ttjd0":{"name":"EC-RISM\/MP2\/cc-pVTZ-P2-phi-noThiols-2par","RMSE":1.6417329554,"RMSE_lower_bound":1.19864305,"RMSE_upper_bound":2.064183819,"MAE":1.2958064516,"MAE_lower_bound":0.9577419355,"MAE_upper_bound":1.6558064516,"ME":-0.1216129032,"ME_lower_bound":-0.7129032258,"ME_upper_bound":0.4358064516,"R2":0.8127154848,"R2_lower_bound":0.6886321753,"R2_upper_bound":0.9084432031,"m":1.1981278133,"m_lower_bound":1.0267639799,"m_upper_bound":1.3992008461},"nb001":{"name":"EC-RISM\/MP2\/6-311+G(d,p)-P2-phi-all-2par","RMSE":1.6848480356,"RMSE_lower_bound":1.0672303618,"RMSE_upper_bound":2.3709478165,"MAE":1.2132258065,"MAE_lower_bound":0.8519354839,"MAE_upper_bound":1.6632258065,"ME":0.4422580645,"ME_lower_bound":-0.1051612903,"ME_upper_bound":1.0419354839,"R2":0.7970369577,"R2_lower_bound":0.6983640874,"R2_upper_bound":0.8980887389,"m":1.1562971989,"m_lower_bound":0.954016395,"m_upper_bound":1.4329688494},"nb002":{"name":"EC-RISM\/MP2\/6-311+G(d,p)-P2-phi-noThiols-2par","RMSE":1.703466106,"RMSE_lower_bound":1.0817101156,"RMSE_upper_bound":2.3886289764,"MAE":1.2461290323,"MAE_lower_bound":0.8825806452,"MAE_upper_bound":1.6967741935,"ME":0.5093548387,"ME_lower_bound":-0.035483871,"ME_upper_bound":1.1103225806,"R2":0.795563712,"R2_lower_bound":0.6984138272,"R2_upper_bound":0.8979532008,"m":1.1527375183,"m_lower_bound":0.9495709472,"m_upper_bound":1.4234032105},"35bdm":{"name":"macroscopic pKa prediction from microscopic pKa predicted with Gaussian and global fitting","RMSE":1.718644815,"RMSE_lower_bound":0.6645750522,"RMSE_upper_bound":2.3379093225,"MAE":1.442,"MAE_lower_bound":0.622,"MAE_upper_bound":2.262,"ME":-1.006,"ME_lower_bound":-2.178,"ME_upper_bound":0.134,"R2":0.9187503813,"R2_lower_bound":0.4629084321,"R2_upper_bound":1.0,"m":1.4460442407,"m_lower_bound":0.7345644469,"m_upper_bound":2.1473876953},"ryzue":{"name":"Adiabatic scheme with single point correction for type III submission","RMSE":1.7740576781,"RMSE_lower_bound":1.4236561292,"RMSE_upper_bound":2.1106939694,"MAE":1.5003225806,"MAE_lower_bound":1.1722580645,"MAE_upper_bound":1.8364516129,"ME":1.2977419355,"ME_lower_bound":0.8648387097,"ME_upper_bound":1.7164516129,"R2":0.9098100812,