{"xvxzd":{"name":"Full quantum chemical calculation of free energies and fit to experimental pKa","RMSE":0.6800760607,"RMSE_lower_bound":0.5473730368,"RMSE_upper_bound":0.8099829713,"MAE":0.5786206897,"MAE_lower_bound":0.4531034483,"MAE_upper_bound":0.7117241379,"ME":0.2351724138,"ME_lower_bound":-0.0020689655,"ME_upper_bound":0.4610344828,"R2":0.9373019916,"R2_lower_bound":0.8790216644,"R2_upper_bound":0.9722635703,"m":0.9231109184,"m_lower_bound":0.8355900036,"m_upper_bound":1.0154550785},"gyuhx":{"name":"S+pKa","RMSE":0.7319946236,"RMSE_lower_bound":0.5540350519,"RMSE_upper_bound":0.9099326455,"MAE":0.585483871,"MAE_lower_bound":0.4348387097,"MAE_upper_bound":0.7464516129,"ME":0.034516129,"ME_lower_bound":-0.23,"ME_upper_bound":0.2829032258,"R2":0.9289338327,"R2_lower_bound":0.8779379422,"R2_upper_bound":0.9650689492,"m":0.9794011218,"m_lower_bound":0.9025432927,"m_upper_bound":1.0861152551},"xmyhm":{"name":"ACD\/pKa Classic","RMSE":0.7865461453,"RMSE_lower_bound":0.5257467807,"RMSE_upper_bound":1.0329694122,"MAE":0.5635483871,"MAE_lower_bound":0.384516129,"MAE_upper_bound":0.7674193548,"ME":0.1338709677,"ME_lower_bound":-0.1348387097,"ME_upper_bound":0.4006451613,"R2":0.9189786969,"R2_lower_bound":0.8465803976,"R2_upper_bound":0.9674717485,"m":0.9609109035,"m_lower_bound":0.8600052178,"m_upper_bound":1.078352148},"nb007":{"name":"Epik-sequential","RMSE":0.9682075224,"RMSE_lower_bound":0.7652155505,"RMSE_upper_bound":1.1719779256,"MAE":0.8103225806,"MAE_lower_bound":0.6316129032,"MAE_upper_bound":1.0006451613,"ME":0.0251612903,"ME_lower_bound":-0.33,"ME_upper_bound":0.3519354839,"R2":0.8706802643,"R2_lower_bound":0.7626943185,"R2_upper_bound":0.9350704538,"m":0.8735985126,"m_lower_bound":0.7887352149,"m_upper_bound":0.9770115297},"yqkga":{"name":"ReSCoSS conformations \/\/ COSMOtherm pKa","RMSE":1.0102379151,"RMSE_lower_bound":0.7717470754,"RMSE_upper_bound":1.2245420474,"MAE":0.7993548387,"MAE_lower_bound":0.5816129032,"MAE_upper_bound":1.0193548387,"ME":-0.1664516129,"ME_lower_bound":-0.495483871,"ME_upper_bound":0.2003225806,"R2":0.8670924761,"R2_lower_bound":0.7827728931,"R2_upper_bound":0.9350177717,"m":0.9271834081,"m_lower_bound":0.7683981216,"m_upper_bound":1.0804288415},"8xt50":{"name":"ReSCoSS conformations \/\/ DSD-BLYP-D3 reranking \/\/ COSMOtherm pKa","RMSE":1.0714295545,"RMSE_lower_bound":0.7830049643,"RMSE_upper_bound":1.3553478306,"MAE":0.8141935484,"MAE_lower_bound":0.5780645161,"MAE_upper_bound":1.0670967742,"ME":-0.4748387097,"ME_lower_bound":-0.8164516129,"ME_upper_bound":-0.1409677419,"R2":0.9055345285,"R2_lower_bound":0.8412801516,"R2_upper_bound":0.9520718372,"m":1.0781105731,"m_lower_bound":0.9354180189,"m_upper_bound":1.2189499846},"p0jba":{"name":"macroscopic pKa prediction from microscopic pKa predicted with Gaussian and separate fitting for neutral to negative and for positive to neutral transformations","RMSE":1.314747124,"RMSE_lower_bound":0.6874881817,"RMSE_upper_bound":1.72756476,"MAE":1.084,"MAE_lower_bound":0.428,"MAE_upper_bound":1.72,"ME":-0.924,"ME_lower_bound":-1.704,"ME_upper_bound":-0.108,"R2":0.9099462335,"R2_lower_bound":0.5085281288,"R2_upper_bound":1.0,"m":1.184586283,"m_lower_bound":0.3388955204,"m_upper_bound":1.7240765465},"37xm8":{"name":"ACD\/pKa GALAS","RMSE":1.4131100453,"RMSE_lower_bound":0.9243628436,"RMSE_upper_bound":1.8425100633,"MAE":1.008,"MAE_lower_bound":0.6716666667,"MAE_upper_bound":1.3766666667,"ME":-0.1826666667,"ME_lower_bound":-0.6896666667,"ME_upper_bound":0.3223333333,"R2":0.8335134007,"R2_lower_bound":0.6975621736,"R2_upper_bound":0.9274760494,"m":1.1553428028,"m_lower_bound":0.9789341805,"m_upper_bound":1.3318118204},"mkhqa":{"name":"EC-RISM\/MP2\/cc-pVTZ-P2-phi-all-2par","RMSE":1.59610817,"RMSE_lower_bound":1.1339383268,"RMSE_upper_bound":2.046755103,"MAE":1.2387096774,"MAE_lower_bound":0.9012903226,"MAE_upper_bound":1.6129032258,"ME":-0.3161290323,"ME_lower_bound":-0.8829032258,"ME_upper_bound":0.2203225806,"R2":0.8031710687,"R2_lower_bound":0.6741309439,"R2_upper_bound":0.9057304747,"m":1.1397878132,"m_lower_bound":0.9823186252,"m_upper_bound":1.336252378},"ttjd0":{"name":"EC-RISM\/MP2\/cc-pVTZ-P2-phi-noThiols-2par","RMSE":1.6417329554,"RMSE_lower_bound":1.1978125224,"RMSE_upper_bound":2.0725525792,"MAE":1.2958064516,"MAE_lower_bound":0.9558064516,"MAE_upper_bound":1.6761290323,"ME":-0.1216129032,"ME_lower_bound":-0.7141935484,"ME_upper_bound":0.4470967742,"R2":0.8127154848,"R2_lower_bound":0.6804479335,"R2_upper_bound":0.9090077975,"m":1.1981278133,"m_lower_bound":1.0214451351,"m_upper_bound":1.3988926481},"nb001":{"name":"EC-RISM\/MP2\/6-311+G(d,p)-P2-phi-all-2par","RMSE":1.6848480356,"RMSE_lower_bound":1.0569997101,"RMSE_upper_bound":2.3570662465,"MAE":1.2132258065,"MAE_lower_bound":0.8522580645,"MAE_upper_bound":1.6703225806,"ME":0.4422580645,"ME_lower_bound":-0.0941935484,"ME_upper_bound":1.0477419355,"R2":0.7970369577,"R2_lower_bound":0.6974448315,"R2_upper_bound":0.8997513536,"m":1.1562971989,"m_lower_bound":0.9586612705,"m_upper_bound":1.4252568441},"nb002":{"name":"EC-RISM\/MP2\/6-311+G(d,p)-P2-phi-noThiols-2par","RMSE":1.703466106,"RMSE_lower_bound":1.0809956581,"RMSE_upper_bound":2.3896058522,"MAE":1.2461290323,"MAE_lower_bound":0.884516129,"MAE_upper_bound":1.7006451613,"ME":0.5093548387,"ME_lower_bound":-0.0396774194,"ME_upper_bound":1.1016129032,"R2":0.795563712,"R2_lower_bound":0.6992744258,"R2_upper_bound":0.8972715986,"m":1.1527375183,"m_lower_bound":0.947283581,"m_upper_bound":1.4286888332},"35bdm":{"name":"macroscopic pKa prediction from microscopic pKa predicted with Gaussian and global fitting","RMSE":1.718644815,"RMSE_lower_bound":0.6645750522,"RMSE_upper_bound":2.3379093225,"MAE":1.442,"MAE_lower_bound":0.622,"MAE_upper_bound":2.262,"ME":-1.006,"ME_lower_bound":-2.178,"ME_upper_bound":0.134,"R2":0.9187503813,"R2_lower_bound":0.4568461698,"R2_upper_bound":1.0,"m":1.4460442407,"m_lower_bound":0.7198754383,"m_upper_bound":2.1473876953},"ryzue":{"name":"Adiabatic scheme with single point correction for type III submission","RMSE":1.7740576781,"RMSE_lower_bound":1.4208289266,"RMSE_upper_bound":2.1147729231,"MAE":1.5003225806,"MAE_lower_bound":1.1770967742,"MAE_upper_bound":1.834516129,"ME":1.2977419355,"ME_lower_bound":0.8687096774,"ME_upper_bound":1.7216129032,"R2":0.9098100812,"R2_lower_bound":0.8611334271,"R2_upper_bound":0.9483091702,"m":1.2287488843,"m_lower_bound":1.0586654204,"m_upper_bound":1.4047404615},"2ii2g":{"name":"EC-RISM\/MP2\/cc-pVTZ-P2-q-noThiols-2par","RMSE":1.7952661767,"RMSE_lower_bound":1.3088729454,"RMSE_upper_bound":2.2428294342,"MAE":1.3890322581,"MAE_lower_bound":1.0170967742,"MAE_upper_bound":1.8058064516,"ME":-0.7438709677,"ME_lower_bound":-1.3025806452,"ME_upper_bound":-0.1687096774,"R2":0.7923065576,"R2_lower_bound":0.6552220576,"R2_upper_bound":0.8925577724,"m":1.1493140545,"m_lower_bound":0.9616953182,"m_upper_bound":1.3774802168},"mpwiy":{"name":"EC-RISM\/MP2\/cc-pVTZ-P3NI-phi-noThiols-2par","RMSE":1.8161684233,"RMSE_lower_bound":1.3867413648,"RMSE_upper_bound":2.2215890854,"MAE":1.4822580645,"MAE_lower_bound":1.1293548387,"MAE_upper_bound":1.8619354839,"ME":0.1029032258,"ME_lower_bound":-0.5716129032,"ME_upper_bound":0.7351612903,"R2":0.8201144379,"R2_lower_bound":0.7004725155,"R2_upper_bound":0.9062164395,"m":1.2941730349,"m_lower_bound":1.1163105818,"m_upper_bound":1.5023648995},"5byn6":{"name":"Adiabatic scheme for type III submission","RMSE":1.8899940263,"RMSE_lower_bound":1.4981483195,"RMSE_upper_bound":2.2599971453,"MAE":1.5877419355,"MAE_lower_bound":1.234516129,"MAE_upper_bound":1.9570967742,"ME":1.3174193548,"ME_lower_bound":0.8280645161,"ME_upper_bound":1.7996774194,"R2":0.905227755,"R2_lower_bound":0.8498142862,"R2_upper_bound":0.9468452979,"m":1.2843295817,"m_lower_bound":1.1095934986,"m_upper_bound":1.4675410158},"y75vj":{"name":"Direct scheme for type III submission","RMSE":1.9008340275,"RMSE_lower_bound":1.4962207948,"RMSE_upper_bound":2.2559809396,"MAE":1.5843333333,"MAE_lower_bound":1.2123333333,