{"xvxzd":{"name":"Full quantum chemical calculation of free energies and fit to experimental pKa","RMSE":0.6800760607,"RMSE_lower_bound":0.5480309581,"RMSE_upper_bound":0.8092205701,"MAE":0.5786206897,"MAE_lower_bound":0.4534482759,"MAE_upper_bound":0.7093103448,"ME":-0.2351724138,"ME_lower_bound":-0.4593103448,"ME_upper_bound":0.0024137931,"R2":0.9373019916,"R2_lower_bound":0.8780775901,"R2_upper_bound":0.9720812346,"m":1.0153730965,"m_lower_bound":0.911097201,"m_upper_bound":1.1160054097},"gyuhx":{"name":"S+pKa","RMSE":0.7319946236,"RMSE_lower_bound":0.55515473,"RMSE_upper_bound":0.9083750114,"MAE":0.585483871,"MAE_lower_bound":0.4351612903,"MAE_upper_bound":0.7487096774,"ME":-0.034516129,"ME_lower_bound":-0.2858064516,"ME_upper_bound":0.2338709677,"R2":0.9289338327,"R2_lower_bound":0.8791077145,"R2_upper_bound":0.9649545925,"m":0.948471277,"m_lower_bound":0.8364244261,"m_upper_bound":1.0451958244},"xmyhm":{"name":"ACD\/pKa Classic","RMSE":0.7865461453,"RMSE_lower_bound":0.5176404282,"RMSE_upper_bound":1.032135275,"MAE":0.5635483871,"MAE_lower_bound":0.3825806452,"MAE_upper_bound":0.7716129032,"ME":-0.1338709677,"ME_lower_bound":-0.4038709677,"ME_upper_bound":0.1412903226,"R2":0.9189786969,"R2_lower_bound":0.8457550995,"R2_upper_bound":0.9678151136,"m":0.9563620243,"m_lower_bound":0.8393656061,"m_upper_bound":1.0682266271},"nb007":{"name":"Epik-sequential","RMSE":0.9682075224,"RMSE_lower_bound":0.7616408433,"RMSE_upper_bound":1.174992107,"MAE":0.8103225806,"MAE_lower_bound":0.6296774194,"MAE_upper_bound":1.0080645161,"ME":-0.0251612903,"ME_lower_bound":-0.3561290323,"ME_upper_bound":0.3261290323,"R2":0.8706802643,"R2_lower_bound":0.767747105,"R2_upper_bound":0.9347374121,"m":0.9966595086,"m_lower_bound":0.8579566674,"m_upper_bound":1.1172398081},"8xt50":{"name":"ReSCoSS conformations \/\/ DSD-BLYP-D3 reranking \/\/ COSMOtherm pKa","RMSE":1.0714295545,"RMSE_lower_bound":0.779054431,"RMSE_upper_bound":1.3560140831,"MAE":0.8141935484,"MAE_lower_bound":0.5787096774,"MAE_upper_bound":1.0632258065,"ME":0.4748387097,"ME_lower_bound":0.1367741935,"ME_upper_bound":0.8151612903,"R2":0.9055345285,"R2_lower_bound":0.841549305,"R2_upper_bound":0.9516158478,"m":0.8399273238,"m_lower_bound":0.7461344728,"m_upper_bound":0.9562079761},"yqkga":{"name":"ReSCoSS conformations \/\/ COSMOtherm pKa","RMSE":1.0868777419,"RMSE_lower_bound":0.729781231,"RMSE_upper_bound":1.4600077331,"MAE":0.7993548387,"MAE_lower_bound":0.5580645161,"MAE_upper_bound":1.08,"ME":0.1664516129,"ME_lower_bound":-0.2322580645,"ME_upper_bound":0.5238709677,"R2":0.8464660158,"R2_lower_bound":0.7202644436,"R2_upper_bound":0.9441775528,"m":0.9239996801,"m_lower_bound":0.7956427755,"m_upper_bound":1.0867246555},"p0jba":{"name":"macroscopic pKa prediction from microscopic pKa predicted with Gaussian and separate fitting for neutral to negative and for positive to neutral transformations","RMSE":1.314747124,"RMSE_lower_bound":0.6874881817,"RMSE_upper_bound":1.72756476,"MAE":1.084,"MAE_lower_bound":0.428,"MAE_upper_bound":1.72,"ME":0.924,"ME_lower_bound":0.108,"ME_upper_bound":1.72,"R2":0.9099462335,"R2_lower_bound":0.5085281288,"R2_upper_bound":1.0,"m":0.7681553016,"m_lower_bound":0.5582524272,"m_upper_bound":1.5164498996},"37xm8":{"name":"ACD\/pKa GALAS","RMSE":1.4131100453,"RMSE_lower_bound":0.9302866942,"RMSE_upper_bound":1.8547713246,"MAE":1.008,"MAE_lower_bound":0.6813333333,"MAE_upper_bound":1.3886666667,"ME":0.1826666667,"ME_lower_bound":-0.3283333333,"ME_upper_bound":0.6793333333,"R2":0.8335134007,"R2_lower_bound":0.6938850384,"R2_upper_bound":0.9258568196,"m":0.7214425006,"m_lower_bound":0.5859696251,"m_upper_bound":0.8665692493},"mkhqa":{"name":"EC-RISM\/MP2\/cc-pVTZ-P2-phi-all-2par","RMSE":1.59610817,"RMSE_lower_bound":1.1396844498,"RMSE_upper_bound":2.0482596862,"MAE":1.2387096774,"MAE_lower_bound":0.9093548387,"MAE_upper_bound":1.6232258065,"ME":0.3161290323,"ME_lower_bound":-0.2203225806,"ME_upper_bound":0.8832258065,"R2":0.8031710687,"R2_lower_bound":0.6722960437,"R2_upper_bound":0.9044178184,"m":0.704667184,"m_lower_bound":0.5660345593,"m_upper_bound":0.8347915893},"ttjd0":{"name":"EC-RISM\/MP2\/cc-pVTZ-P2-phi-noThiols-2par","RMSE":1.6417329554,"RMSE_lower_bound":1.20011021,"RMSE_upper_bound":2.0587860501,"MAE":1.2958064516,"MAE_lower_bound":0.9587096774,"MAE_upper_bound":1.6616129032,"ME":0.1216129032,"ME_lower_bound":-0.4451612903,"ME_upper_bound":0.7190322581,"R2":0.8127154848,"R2_lower_bound":0.6863551869,"R2_upper_bound":0.9075605915,"m":0.6783211906,"m_lower_bound":0.5529040981,"m_upper_bound":0.8025180682},"nb001":{"name":"EC-RISM\/MP2\/6-311+G(d,p)-P2-phi-all-2par","RMSE":1.6848480356,"RMSE_lower_bound":1.0551012793,"RMSE_upper_bound":2.3580678258,"MAE":1.2132258065,"MAE_lower_bound":0.8480645161,"MAE_upper_bound":1.6683870968,"ME":-0.4422580645,"ME_lower_bound":-1.0435483871,"ME_upper_bound":0.0938709677,"R2":0.7970369577,"R2_lower_bound":0.7001941362,"R2_upper_bound":0.8989194244,"m":0.689301123,"m_lower_bound":0.5397358506,"m_upper_bound":0.8855705854},"nb002":{"name":"EC-RISM\/MP2\/6-311+G(d,p)-P2-phi-noThiols-2par","RMSE":1.703466106,"RMSE_lower_bound":1.0783754209,"RMSE_upper_bound":2.3827004198,"MAE":1.2461290323,"MAE_lower_bound":0.8870967742,"MAE_upper_bound":1.6906451613,"ME":-0.5093548387,"ME_lower_bound":-1.1067741935,"ME_upper_bound":0.0341935484,"R2":0.795563712,"R2_lower_bound":0.6966754515,"R2_upper_bound":0.896253817,"m":0.6901516602,"m_lower_bound":0.5405077672,"m_upper_bound":0.8833208494},"35bdm":{"name":"macroscopic pKa prediction from microscopic pKa predicted with Gaussian and global fitting","RMSE":1.718644815,"RMSE_lower_bound":0.6645750522,"RMSE_upper_bound":2.3379093225,"MAE":1.442,"MAE_lower_bound":0.622,"MAE_upper_bound":2.262,"ME":1.006,"ME_lower_bound":-0.134,"ME_upper_bound":2.178,"R2":0.9187503813,"R2_lower_bound":0.4629084321,"R2_upper_bound":1.0,"m":0.6353542689,"m_lower_bound":0.3938418058,"m_upper_bound":0.8062554109},"2ii2g":{"name":"EC-RISM\/MP2\/cc-pVTZ-P2-q-noThiols-2par","RMSE":1.7952661767,"RMSE_lower_bound":1.2995681665,"RMSE_upper_bound":2.2461142073,"MAE":1.3890322581,"MAE_lower_bound":1.0087096774,"MAE_upper_bound":1.8064516129,"ME":0.7438709677,"ME_lower_bound":0.1722580645,"ME_upper_bound":1.3,"R2":0.7923065576,"R2_lower_bound":0.6603058999,"R2_upper_bound":0.8926168184,"m":0.6893734175,"m_lower_bound":0.553282231,"m_upper_bound":0.8516079837},"mpwiy":{"name":"EC-RISM\/MP2\/cc-pVTZ-P3NI-phi-noThiols-2par","RMSE":1.8161684233,"RMSE_lower_bound":1.3835403395,"RMSE_upper_bound":2.2230043606,"MAE":1.4822580645,"MAE_lower_bound":1.1216129032,"MAE_upper_bound":1.8706451613,"ME":-0.1029032258,"ME_lower_bound":-0.7377419355,"ME_upper_bound":0.5390322581,"R2":0.8201144379,"R2_lower_bound":0.7014079761,"R2_upper_bound":0.9058120391,"m":0.6336976708,"m_lower_bound":0.5188739097,"m_upper_bound":0.7499555702},"ryzue":{"name":"Adiabatic scheme with single point correction for type III submission","RMSE":1.8236378036,"RMSE_lower_bound":1.4288095654,"RMSE_upper_bound":2.1772437444,"MAE":1.5003225806,"MAE_lower_bound":1.1480645161,"MAE_upper_bound":1.8658064516,"ME":-1.2977419355,"ME_lower_bound":-1.7396774194,"ME_upper_bound":-0.8470967742,"R2":0.8916677802,"R2_lower_bound":0.8239258882,"R2_upper_bound":0.9545502907,"m":0.7330165376,"m_lower_bound":0.6553698131,"m_upper_bound":0.8493421102},"5byn6":{"name":"Adiabatic scheme for type III submission","RMSE":1.8899940263,"RMSE_lower_bound":1.4973428077,"RMSE_upper_bound":2.2590691774,"MAE":1.5877419355,"MAE_lower_bound":1.23,"MAE_upper_bound":1.9583870968,"ME":-1.3174193548,"ME_lower_bound":-1.7887096774,"ME_upper_bound":-0.8390322581,"R2":0.905227755,"R2_lower_bound":0.8505439016,"R2_upper_bound":0.9477474391,"m":0.7048251227,"m_lower_bound":0.6302502269,"m_upper_bound":0.8099416219},"y75vj":{"name":"Direct scheme for type III submission","RMSE":1.9008340275,"RMSE_lower_bound":1.5020153128,"RMSE_upper_bound":2.2579917331,"MAE":1.5843333333,"MAE_lower_bound":1.221,"MAE_upper_bound":1.9656666667,