{"SOMD\/AM1BCC-GAFF-TIP3P-NOBUFFER\/MBAR\/D":{"receipt_id":"d4twv","RMSE":1.9230775524,"RMSE_lower_bound":1.2011748746,"RMSE_upper_bound":2.6776951869,"MAE":1.5063636364,"MAE_lower_bound":0.8786409123,"MAE_upper_bound":2.3427430661,"ME":-0.2372727273,"ME_lower_bound":-1.3865680254,"ME_upper_bound":0.9700833242,"R2":0.1282971758,"R2_lower_bound":0.0005958395,"R2_upper_bound":0.7021039504,"m":0.2942596188,"m_lower_bound":-0.8064345391,"m_upper_bound":0.7114889948,"kendall_tau":0.0909090909,"kendall_tau_lower_bound":-0.625,"kendall_tau_upper_bound":0.64},"US\/PMF\/MT\/MD_15":{"receipt_id":"wtm6p","RMSE":1.9904750461,"RMSE_lower_bound":1.3229271951,"RMSE_upper_bound":2.553950594,"MAE":1.6863636364,"MAE_lower_bound":1.08,"MAE_upper_bound":2.3254545455,"ME":-0.3790909091,"ME_lower_bound":-1.54,"ME_upper_bound":0.7772727273,"R2":0.3582064575,"R2_lower_bound":0.0796840065,"R2_upper_bound":0.7202651963,"m":0.7802259489,"m_lower_bound":0.3794078777,"m_upper_bound":2.6436825235,"kendall_tau":0.4909090909,"kendall_tau_lower_bound":0.0833333333,"kendall_tau_upper_bound":0.875},"SOMD\/AM1BCC-GAFF-TIP3P\/MBAR\/D":{"receipt_id":"j37ec","RMSE":2.583705936,"RMSE_lower_bound":1.4350066263,"RMSE_upper_bound":3.7829286524,"MAE":2.0209090909,"MAE_lower_bound":1.0979942274,"MAE_upper_bound":3.1731381013,"ME":-1.8336363636,"ME_lower_bound":-3.0583541572,"ME_upper_bound":-0.6736385198,"R2":0.1251411194,"R2_lower_bound":0.0005467567,"R2_upper_bound":0.7619414636,"m":0.2443214483,"m_lower_bound":-0.9093731552,"m_upper_bound":0.7066290456,"kendall_tau":0.0909090909,"kendall_tau_lower_bound":-0.5555555556,"kendall_tau_upper_bound":0.68},"US\/PMF\/MT\/MD_19":{"receipt_id":"xdmpa","RMSE":2.8806028409,"RMSE_lower_bound":1.6825764875,"RMSE_upper_bound":3.8406332338,"MAE":2.2781818182,"MAE_lower_bound":1.2927272727,"MAE_upper_bound":3.3645454545,"ME":1.6109090909,"ME_lower_bound":0.2354545455,"ME_upper_bound":3.0436363636,"R2":0.0752963947,"R2_lower_bound":0.0002856783,"R2_upper_bound":0.5021465746,"m":0.3170904338,"m_lower_bound":-0.9041092047,"m_upper_bound":1.6166938668,"kendall_tau":0.1272727273,"kendall_tau_lower_bound":-0.44,"kendall_tau_upper_bound":0.6470588235},"US\/PMF\/MT\/MD_5":{"receipt_id":"ubz3m","RMSE":3.1865798137,"RMSE_lower_bound":2.2363810051,"RMSE_upper_bound":4.0046870267,"MAE":2.72,"MAE_lower_bound":1.7418181818,"MAE_upper_bound":3.7,"ME":-2.72,"ME_lower_bound":-3.7,"ME_upper_bound":-1.7418181818,"R2":0.3853788445,"R2_lower_bound":0.0014894528,"R2_upper_bound":0.790553219,"m":0.6681355693,"m_lower_bound":-0.3434810598,"m_upper_bound":1.6699742873,"kendall_tau":0.3090909091,"kendall_tau_lower_bound":-0.2173913043,"kendall_tau_upper_bound":0.76},"US\/PMF\/MT\/MD_13":{"receipt_id":"cco6p","RMSE":3.2306922985,"RMSE_lower_bound":2.0143823777,"RMSE_upper_bound":4.340537252,"MAE":2.6827272727,"MAE_lower_bound":1.6872727273,"MAE_upper_bound":3.7972727273,"ME":-2.2681818182,"ME_lower_bound":-3.6354545455,"ME_upper_bound":-0.9309090909,"R2":0.2431773578,"R2_lower_bound":0.0155858443,"R2_upper_bound":0.7457185712,"m":0.6902694465,"m_lower_bound":0.1427681634,"m_upper_bound":3.5469418331,"kendall_tau":0.3090909091,"kendall_tau_lower_bound":-0.1666666667,"kendall_tau_upper_bound":0.72},"US\/PMF\/MT\/MD_2":{"receipt_id":"2mgw5","RMSE":3.5073533145,"RMSE_lower_bound":1.4186613408,"RMSE_upper_bound":5.2475925216,"MAE":2.4418181818,"MAE_lower_bound":1.1409090909,"MAE_upper_bound":4.0863636364,"ME":1.6090909091,"ME_lower_bound":-0.0663636364,"ME_upper_bound":3.5854545455,"R2":0.0452474468,"R2_lower_bound":0.0004331555,"R2_upper_bound":0.6440984151,"m":0.3417110501,"m_lower_bound":-2.1331733835,"m_upper_bound":0.8097342398,"kendall_tau":-0.0909090909,"kendall_tau_lower_bound":-0.6470588235,"kendall_tau_upper_bound":0.48},"US\/PMF\/MT\/MD_10":{"receipt_id":"8wns3","RMSE":3.665317796,"RMSE_lower_bound":2.5673314763,"RMSE_upper_bound":4.5479226027,"MAE":3.0209090909,"MAE_lower_bound":1.78,"MAE_upper_bound":4.2154545455,"ME":-2.9318181818,"ME_lower_bound":-4.19,"ME_upper_bound":-1.6118181818,"R2":0.2267344519,"R2_lower_bound":0.0009281636,"R2_upper_bound":0.6638989553,"m":0.6165540357,"m_lower_bound":-0.573495902,"m_upper_bound":1.77425929,"kendall_tau":0.2727272727,"kendall_tau_lower_bound":-0.2941176471,"kendall_tau_upper_bound":0.76},"US\/PMF\/MT\/MD_8":{"receipt_id":"cekua","RMSE":3.7293942964,"RMSE_lower_bound":2.675284182,"RMSE_upper_bound":4.6064145,"MAE":3.2381818182,"MAE_lower_bound":2.1409090909,"MAE_upper_bound":4.31,"ME":-3.2381818182,"ME_lower_bound":-4.31,"ME_upper_bound":-2.1409090909,"R2":0.3375610525,"R2_lower_bound":0.0011542211,"R2_upper_bound":0.7547244581,"m":0.6854396945,"m_lower_bound":-0.3733988553,"m_upper_bound":1.7522944306,"kendall_tau":0.3090909091,"kendall_tau_lower_bound":-0.2340425532,"kendall_tau_upper_bound":0.8},"SOMD\/AM1BCC-GAFF-TIP3P\/MBAR\/C":{"receipt_id":"f7duk","RMSE":3.7885341372,"RMSE_lower_bound":2.6836840166,"RMSE_upper_bound":5.4725507151,"MAE":3.4772727273,"MAE_lower_bound":2.3346852852,"MAE_upper_bound":4.8790560771,"ME":2.8409090909,"ME_lower_bound":0.9946420128,"ME_upper_bound":4.5893672736,"R2":0.125009891,"R2_lower_bound":0.0005677022,"R2_upper_bound":0.7643732372,"m":0.4784003515,"m_lower_bound":-1.7654509036,"m_upper_bound":1.3841826174,"kendall_tau":0.0909090909,"kendall_tau_lower_bound":-0.56,"kendall_tau_upper_bound":0.68},"AMOEBA\/BAR\/Tinker":{"receipt_id":"tqhg4","RMSE":3.924817309,"RMSE_lower_bound":1.5462623557,"RMSE_upper_bound":5.7103359239,"MAE":2.7045454545,"MAE_lower_bound":1.1781818182,"MAE_upper_bound":4.5245454545,"ME":2.2645454545,"ME_lower_bound":0.52,"ME_upper_bound":4.29,"R2":0.1277056545,"R2_lower_bound":0.0017351873,"R2_upper_bound":0.8229799105,"m":0.6569167688,"m_lower_bound":-2.6775540275,"m_upper_bound":1.3911020358,"kendall_tau":0.0545454545,"kendall_tau_lower_bound":-0.4901960784,"kendall_tau_upper_bound":0.5918367347},"US\/PMF\/MT\/MD_12":{"receipt_id":"j8yon","RMSE":4.3870605193,"RMSE_lower_bound":3.3633668197,"RMSE_upper_bound":5.2637767292,"MAE":4.0372727273,"MAE_lower_bound":3.0154545455,"MAE_upper_bound":5.0427272727,"ME":4.0372727273,"ME_lower_bound":3.0154545455,"ME_upper_bound":5.0427272727,"R2":0.2272086738,"R2_lower_bound":0.0008482493,"R2_upper_bound":0.6675648217,"m":0.382559199,"m_lower_bound":-0.3521207077,"m_upper_bound":1.0576239476,"kendall_tau":0.2727272727,"kendall_tau_lower_bound":-0.3023255814,"kendall_tau_upper_bound":0.76},"US\/PMF\/MT\/MD_7":{"receipt_id":"dv8mj","RMSE":4.4089629785,"RMSE_lower_bound":3.60187325,"RMSE_upper_bound":5.0842877395,"MAE":4.1681818182,"MAE_lower_bound":3.2836363636,"MAE_upper_bound":4.9754545455,"ME":4.1681818182,"ME_lower_bound":3.2836363636,"ME_upper_bound":4.9754545455,"R2":0.3859083653,"R2_lower_bound":0.0016410194,"R2_upper_bound":0.7894320934,"m":0.4134278493,"m_lower_bound":-0.221236743,"m_upper_bound":1.0326037045,"kendall_tau":0.3090909091,"kendall_tau_lower_bound":-0.2156862745,"kendall_tau_upper_bound":0.76},"HREM\/BAR\/RESP\/Force-Matching\/TIP3P":{"receipt_id":"3z83m","RMSE":4.6511367135,"RMSE_lower_bound":3.3851390037,"RMSE_upper_bound":5.9729877867,"MAE":4.2418181818,"MAE_lower_bound":3.0707393885,"MAE_upper_bound":5.5410276095,"ME":2.6781818182,"ME_lower_bound":0.1714022608,"ME_upper_bound":4.7690571482,"R2":0.4417204792,"R2_lower_bound":0.0475110039,"R2_upper_bound":0.8626742057,"m":1.7296559242,"m_lower_bound":0.8359287167,"m_upper_bound":3.9050549094,"kendall_tau":0.5272727273,"kendall_tau_lower_bound":0.1428571429,"kendall_tau_upper_bound":0.88},"US\/PMF\/MT\/MD_20":{"receipt_id":"j6oi0","RMSE":4.7156624908,"RMSE_lower_bound":3.4871882396,"RMSE_upper_bound":5.8327827446,"MAE":4.1618181818,"MAE_lower_bound":2.8381818182,"MAE_upper_bound":5.4445454545,"ME":-4.1618181818,"ME_lower_bound":-5.4445454545,"ME_upper_bound":-2.8381818182,"R2":0.2998898255,"R2_lower_bound":0.0596486695,"R2_upper_bound":0.7909948512,"m":0.7793500309,"m_lower_bound":0.3009681176,"m_upper_bound":3.6117392185,"kendall_tau":0.4909090909,