{"3vqbi":{"name":"cosmoquick_TZVP18+ML","category":"Mixed","reassigned_category":"Mixed","type":"Standard","RMSE":0.4091343411,"RMSE_lower_bound":0.2873388877,"RMSE_upper_bound":0.5297512281,"MAE":0.3554545455,"MAE_lower_bound":0.24,"MAE_upper_bound":0.48,"ME":-0.0790909091,"ME_lower_bound":-0.2972727273,"ME_upper_bound":0.1536363636,"R2":0.6602947395,"R2_lower_bound":0.2819105221,"R2_upper_bound":0.9276634713,"m":0.7835093737,"m_lower_bound":0.4996083223,"m_upper_bound":1.0742072842,"kendall_tau":0.5636363636,"kendall_tau_lower_bound":0.1063829787,"kendall_tau_upper_bound":0.8823529412,"ES":1.0621980426,"ES_lower_bound":0.8520010521,"ES_upper_bound":1.2501072857},"yd6ub":{"name":"S+logP","category":"Empirical","reassigned_category":"Empirical","type":"Standard","RMSE":0.5078117045,"RMSE_lower_bound":0.3285643703,"RMSE_upper_bound":0.6599311259,"MAE":0.4054545455,"MAE_lower_bound":0.2336363636,"MAE_upper_bound":0.5936363636,"ME":0.0854545455,"ME_lower_bound":-0.2018181818,"ME_upper_bound":0.3890909091,"R2":0.6329498838,"R2_lower_bound":0.1779606813,"R2_upper_bound":0.9113388398,"m":0.9860259019,"m_lower_bound":0.4681487183,"m_upper_bound":1.4166260369,"kendall_tau":0.5272727273,"kendall_tau_lower_bound":-0.0196078431,"kendall_tau_upper_bound":0.8846153846,"ES":0.7284909395,"ES_lower_bound":0.3580990351,"ES_upper_bound":1.0831291443},"0a7a8":{"name":"ML Prediction using MD Feature Vector Trained on logP_octanol_water, with Additional Meta-learner","category":"Mixed","reassigned_category":"Mixed","type":"Standard","RMSE":0.5284109971,"RMSE_lower_bound":0.3359112437,"RMSE_upper_bound":0.6719239676,"MAE":0.4290909091,"MAE_lower_bound":0.2527272727,"MAE_upper_bound":0.6009090909,"ME":0.3163636364,"ME_lower_bound":0.0690909091,"ME_upper_bound":0.5472727273,"R2":0.6195061149,"R2_lower_bound":0.1313509742,"R2_upper_bound":0.9000875355,"m":0.738125179,"m_lower_bound":0.3306810439,"m_upper_bound":1.0601541044,"kendall_tau":0.4545454545,"kendall_tau_lower_bound":-0.0980392157,"kendall_tau_upper_bound":0.8222222222,"ES":1.0061325913,"ES_lower_bound":0.745961211,"ES_upper_bound":1.2695433088},"arw58":{"name":"DLPNO-CCSD(T)\/cc-pVTZ\/\/B3LYP-D3\/cc-pVTZ","category":"Other","reassigned_category":"Physical (QM)","type":"Standard","RMSE":1.4057835085,"RMSE_lower_bound":0.8125101398,"RMSE_upper_bound":1.8836545717,"MAE":1.0936363636,"MAE_lower_bound":0.5990909091,"MAE_upper_bound":1.6218181818,"ME":1.01,"ME_lower_bound":0.4845454545,"ME_upper_bound":1.6009090909,"R2":0.0874294217,"R2_lower_bound":0.000250846,"R2_upper_bound":0.5433440429,"m":-0.2417731032,"m_lower_bound":-0.7881393024,"m_upper_bound":0.3165594441,"kendall_tau":-0.2,"kendall_tau_lower_bound":-0.6326530612,"kendall_tau_upper_bound":0.3617021277,"ES":0.0,"ES_lower_bound":0.0,"ES_upper_bound":0.0},"3oqhx":{"name":"MD-CHARMM-dryoct","category":"Physical","reassigned_category":"Physical (MM)","type":"Standard","RMSE":2.1433024645,"RMSE_lower_bound":1.3131883476,"RMSE_upper_bound":2.8243422404,"MAE":1.6418181818,"MAE_lower_bound":0.87,"MAE_upper_bound":2.4409090909,"ME":1.1054545455,"ME_lower_bound":0.0854545455,"ME_upper_bound":2.1927272727,"R2":0.0331352581,"R2_lower_bound":0.0000370387,"R2_upper_bound":0.3927882233,"m":-0.4353065484,"m_lower_bound":-1.8928951441,"m_upper_bound":0.8967196516,"kendall_tau":0.0,"kendall_tau_lower_bound":-0.4697792379,"kendall_tau_upper_bound":0.4792706864,"ES":0.7452413583,"ES_lower_bound":0.3970818279,"ES_upper_bound":1.1068842837},"eg52i":{"name":"ARROW_2017","category":"Physical","reassigned_category":"Physical (MM)","type":"Standard","RMSE":2.8615571095,"RMSE_lower_bound":2.0621789006,"RMSE_upper_bound":3.5506926341,"MAE":2.4109090909,"MAE_lower_bound":1.5436363636,"MAE_upper_bound":3.3090909091,"ME":2.0618181818,"ME_lower_bound":0.9863636364,"ME_upper_bound":3.1654545455,"R2":0.1471175625,"R2_lower_bound":0.0011956453,"R2_upper_bound":0.569051482,"m":-0.9384150039,"m_lower_bound":-2.2446347892,"m_upper_bound":0.2758371875,"kendall_tau":-0.1636363636,"kendall_tau_lower_bound":-0.6470588235,"kendall_tau_upper_bound":0.3617021277,"ES":0.9562412614,"ES_lower_bound":0.7121281338,"ES_upper_bound":1.2156097291}}