{"3vqbi":{"name":"cosmoquick_TZVP18+ML","category":"Mixed","reassigned_category":"Mixed","type":"Standard","RMSE":0.4091343411,"RMSE_lower_bound":0.2879551733,"RMSE_upper_bound":0.5367325388,"MAE":0.3554545455,"MAE_lower_bound":0.2445454545,"MAE_upper_bound":0.4863636364,"ME":-0.0790909091,"ME_lower_bound":-0.2990909091,"ME_upper_bound":0.1754545455,"R2":0.6602947395,"R2_lower_bound":0.2539100755,"R2_upper_bound":0.9262338469,"m":0.7835093737,"m_lower_bound":0.480437548,"m_upper_bound":1.1074520049,"kendall_tau":0.5636363636,"kendall_tau_lower_bound":0.125,"kendall_tau_upper_bound":0.8846153846,"ES":1.0621980426,"ES_lower_bound":0.8270000138,"ES_upper_bound":1.2485014605},"yd6ub":{"name":"S+logP","category":"Empirical","reassigned_category":"Empirical","type":"Standard","RMSE":0.5078117045,"RMSE_lower_bound":0.3144692498,"RMSE_upper_bound":0.6609290981,"MAE":0.4054545455,"MAE_lower_bound":0.2227272727,"MAE_upper_bound":0.5990909091,"ME":0.0854545455,"ME_lower_bound":-0.2263636364,"ME_upper_bound":0.3836363636,"R2":0.6329498838,"R2_lower_bound":0.1920209931,"R2_upper_bound":0.8868675684,"m":0.9860259019,"m_lower_bound":0.4518785977,"m_upper_bound":1.4113958211,"kendall_tau":0.5272727273,"kendall_tau_lower_bound":-0.0212765957,"kendall_tau_upper_bound":0.875,"ES":0.7284909395,"ES_lower_bound":0.3710010106,"ES_upper_bound":1.1057214447},"0a7a8":{"name":"ML Prediction using MD Feature Vector Trained on logP_octanol_water, with Additional Meta-learner","category":"Mixed","reassigned_category":"Mixed","type":"Standard","RMSE":0.5284109971,"RMSE_lower_bound":0.3418665343,"RMSE_upper_bound":0.6867909567,"MAE":0.4290909091,"MAE_lower_bound":0.2572727273,"MAE_upper_bound":0.6136363636,"ME":0.3163636364,"ME_lower_bound":0.0309090909,"ME_upper_bound":0.5772727273,"R2":0.6195061149,"R2_lower_bound":0.1320029468,"R2_upper_bound":0.9020530195,"m":0.738125179,"m_lower_bound":0.3462088576,"m_upper_bound":1.0256694334,"kendall_tau":0.4545454545,"kendall_tau_lower_bound":-0.125,"kendall_tau_upper_bound":0.875,"ES":1.0061325913,"ES_lower_bound":0.7325885626,"ES_upper_bound":1.2675221839},"arw58":{"name":"DLPNO-CCSD(T)\/cc-pVTZ\/\/B3LYP-D3\/cc-pVTZ","category":"Other","reassigned_category":"Physical (QM)","type":"Standard","RMSE":1.4057835085,"RMSE_lower_bound":0.7724518226,"RMSE_upper_bound":1.882447633,"MAE":1.0936363636,"MAE_lower_bound":0.5872727273,"MAE_upper_bound":1.6145454545,"ME":1.01,"ME_lower_bound":0.4409090909,"ME_upper_bound":1.5872727273,"R2":0.0874294217,"R2_lower_bound":0.0001602812,"R2_upper_bound":0.573873501,"m":-0.2417731032,"m_lower_bound":-0.7861439682,"m_upper_bound":0.3158910777,"kendall_tau":-0.2,"kendall_tau_lower_bound":-0.6326530612,"kendall_tau_upper_bound":0.3913043478,"ES":0.0,"ES_lower_bound":0.0,"ES_upper_bound":0.0},"3oqhx":{"name":"MD-CHARMM-dryoct","category":"Physical","reassigned_category":"Physical (MM)","type":"Standard","RMSE":2.1433024645,"RMSE_lower_bound":1.1878475568,"RMSE_upper_bound":2.8317774694,"MAE":1.6418181818,"MAE_lower_bound":0.8263636364,"MAE_upper_bound":2.48,"ME":1.1054545455,"ME_lower_bound":0.08,"ME_upper_bound":2.1827272727,"R2":0.0331352581,"R2_lower_bound":0.0000997829,"R2_upper_bound":0.4174936655,"m":-0.4353065484,"m_lower_bound":-2.1734321749,"m_upper_bound":1.0900080499,"kendall_tau":0.0,"kendall_tau_lower_bound":-0.52,"kendall_tau_upper_bound":0.5102040816,"ES":0.7452413583,"ES_lower_bound":0.3814111882,"ES_upper_bound":1.143735205},"eg52i":{"name":"ARROW_2017","category":"Physical","reassigned_category":"Physical (MM)","type":"Standard","RMSE":2.8615571095,"RMSE_lower_bound":2.0239497838,"RMSE_upper_bound":3.5778472451,"MAE":2.4109090909,"MAE_lower_bound":1.5490909091,"MAE_upper_bound":3.3109090909,"ME":2.0618181818,"ME_lower_bound":0.8890909091,"ME_upper_bound":3.2236363636,"R2":0.1471175625,"R2_lower_bound":0.0034388474,"R2_upper_bound":0.5451522255,"m":-0.9384150039,"m_lower_bound":-2.0886468076,"m_upper_bound":0.2165819248,"kendall_tau":-0.1636363636,"kendall_tau_lower_bound":-0.568627451,"kendall_tau_upper_bound":0.32,"ES":0.9562412614,"ES_lower_bound":0.7134847793,"ES_upper_bound":1.240943007}}