{"3vqbi":{"name":"cosmoquick_TZVP18+ML","category":"Mixed","reassigned_category":"Mixed","type":"Standard","RMSE":0.4091343411,"RMSE_lower_bound":0.2826658805,"RMSE_upper_bound":0.5242397092,"MAE":0.3554545455,"MAE_lower_bound":0.2372727273,"MAE_upper_bound":0.4763636364,"ME":-0.0790909091,"ME_lower_bound":-0.2918181818,"ME_upper_bound":0.1572727273,"R2":0.6602947395,"R2_lower_bound":0.2363175916,"R2_upper_bound":0.9307740337,"m":0.7835093737,"m_lower_bound":0.4604358084,"m_upper_bound":1.110803729,"kendall_tau":0.5636363636,"kendall_tau_lower_bound":0.0980392157,"kendall_tau_upper_bound":0.9183673469,"ES":1.0621980426,"ES_lower_bound":0.85440979,"ES_upper_bound":1.2527098301},"yd6ub":{"name":"S+logP","category":"Empirical","reassigned_category":"Empirical","type":"Standard","RMSE":0.5078117045,"RMSE_lower_bound":0.3426500998,"RMSE_upper_bound":0.6574122824,"MAE":0.4054545455,"MAE_lower_bound":0.2318181818,"MAE_upper_bound":0.5936363636,"ME":0.0854545455,"ME_lower_bound":-0.2027272727,"ME_upper_bound":0.4027272727,"R2":0.6329498838,"R2_lower_bound":0.1634030826,"R2_upper_bound":0.9102607473,"m":0.9860259019,"m_lower_bound":0.4473625132,"m_upper_bound":1.3990242796,"kendall_tau":0.5272727273,"kendall_tau_lower_bound":-0.0434782609,"kendall_tau_upper_bound":0.8775510204,"ES":0.7284909395,"ES_lower_bound":0.347882664,"ES_upper_bound":1.0963356729},"0a7a8":{"name":"ML Prediction using MD Feature Vector Trained on logP_octanol_water, with Additional Meta-learner","category":"Mixed","reassigned_category":"Mixed","type":"Standard","RMSE":0.5284109971,"RMSE_lower_bound":0.3494541198,"RMSE_upper_bound":0.6768375661,"MAE":0.4290909091,"MAE_lower_bound":0.2663636364,"MAE_upper_bound":0.6127272727,"ME":0.3163636364,"ME_lower_bound":0.06,"ME_upper_bound":0.5481818182,"R2":0.6195061149,"R2_lower_bound":0.1282082608,"R2_upper_bound":0.9057162492,"m":0.738125179,"m_lower_bound":0.3232661148,"m_upper_bound":1.0507116133,"kendall_tau":0.4545454545,"kendall_tau_lower_bound":-0.1304347826,"kendall_tau_upper_bound":0.8723404255,"ES":1.0061325913,"ES_lower_bound":0.7419189612,"ES_upper_bound":1.2665531514},"arw58":{"name":"DLPNO-CCSD(T)\/cc-pVTZ\/\/B3LYP-D3\/cc-pVTZ","category":"Other","reassigned_category":"Physical (QM)","type":"Standard","RMSE":1.4057835085,"RMSE_lower_bound":0.8160436708,"RMSE_upper_bound":1.8914328383,"MAE":1.0936363636,"MAE_lower_bound":0.6327272727,"MAE_upper_bound":1.6718181818,"ME":1.01,"ME_lower_bound":0.4727272727,"ME_upper_bound":1.6245454545,"R2":0.0874294217,"R2_lower_bound":0.0002937558,"R2_upper_bound":0.5555023724,"m":-0.2417731032,"m_lower_bound":-0.7880242132,"m_upper_bound":0.2571636199,"kendall_tau":-0.2,"kendall_tau_lower_bound":-0.6153846154,"kendall_tau_upper_bound":0.32,"ES":0.0,"ES_lower_bound":0.0,"ES_upper_bound":0.0},"3oqhx":{"name":"MD-CHARMM-dryoct","category":"Physical","reassigned_category":"Physical (MM)","type":"Standard","RMSE":2.1433024645,"RMSE_lower_bound":1.2295379768,"RMSE_upper_bound":2.8686930822,"MAE":1.6418181818,"MAE_lower_bound":0.8654545455,"MAE_upper_bound":2.4863636364,"ME":1.1054545455,"ME_lower_bound":0.0581818182,"ME_upper_bound":2.22,"R2":0.0331352581,"R2_lower_bound":0.0001219886,"R2_upper_bound":0.4322042036,"m":-0.4353065484,"m_lower_bound":-2.0083219973,"m_upper_bound":1.0183245176,"kendall_tau":0.0,"kendall_tau_lower_bound":-0.4842373546,"kendall_tau_upper_bound":0.5238095238,"ES":0.7452413583,"ES_lower_bound":0.3886650885,"ES_upper_bound":1.1079086895},"eg52i":{"name":"ARROW_2017","category":"Physical","reassigned_category":"Physical (MM)","type":"Standard","RMSE":2.8615571095,"RMSE_lower_bound":1.96406582,"RMSE_upper_bound":3.5421398258,"MAE":2.4109090909,"MAE_lower_bound":1.4581818182,"MAE_upper_bound":3.3127272727,"ME":2.0618181818,"ME_lower_bound":0.8581818182,"ME_upper_bound":3.1827272727,"R2":0.1471175625,"R2_lower_bound":0.0015128754,"R2_upper_bound":0.539466477,"m":-0.9384150039,"m_lower_bound":-2.0909746641,"m_upper_bound":0.2093947012,"kendall_tau":-0.1636363636,"kendall_tau_lower_bound":-0.6326530612,"kendall_tau_upper_bound":0.3191489362,"ES":0.9562412614,"ES_lower_bound":0.6924429309,"ES_upper_bound":1.2139208439}}