{"3vqbi":{"name":"cosmoquick_TZVP18+ML","category":"Mixed","reassigned_category":"Mixed","type":"Standard","RMSE":0.4091343411,"RMSE_lower_bound":0.2845890179,"RMSE_upper_bound":0.5303857944,"MAE":0.3554545455,"MAE_lower_bound":0.24,"MAE_upper_bound":0.4863636364,"ME":-0.0790909091,"ME_lower_bound":-0.3054545455,"ME_upper_bound":0.17,"R2":0.6602947395,"R2_lower_bound":0.1924389925,"R2_upper_bound":0.9299699954,"m":0.7835093737,"m_lower_bound":0.439865991,"m_upper_bound":1.1245163918,"kendall_tau":0.5636363636,"kendall_tau_lower_bound":0.1063829787,"kendall_tau_upper_bound":0.9130434783,"ES":1.0621980426,"ES_lower_bound":0.8518626189,"ES_upper_bound":1.2483907139},"yd6ub":{"name":"S+logP","category":"Empirical","reassigned_category":"Empirical","type":"Standard","RMSE":0.5078117045,"RMSE_lower_bound":0.3269000403,"RMSE_upper_bound":0.6590971787,"MAE":0.4054545455,"MAE_lower_bound":0.2281818182,"MAE_upper_bound":0.6018181818,"ME":0.0854545455,"ME_lower_bound":-0.2090909091,"ME_upper_bound":0.3890909091,"R2":0.6329498838,"R2_lower_bound":0.2125830266,"R2_upper_bound":0.9065391909,"m":0.9860259019,"m_lower_bound":0.4721305753,"m_upper_bound":1.4390795858,"kendall_tau":0.5272727273,"kendall_tau_lower_bound":0.0196078431,"kendall_tau_upper_bound":0.84,"ES":0.7284909395,"ES_lower_bound":0.3820202943,"ES_upper_bound":1.0826861581},"0a7a8":{"name":"ML Prediction using MD Feature Vector Trained on logP_octanol_water, with Additional Meta-learner","category":"Mixed","reassigned_category":"Mixed","type":"Standard","RMSE":0.5284109971,"RMSE_lower_bound":0.34820318,"RMSE_upper_bound":0.6921113941,"MAE":0.4290909091,"MAE_lower_bound":0.2545454545,"MAE_upper_bound":0.6154545455,"ME":0.3163636364,"ME_lower_bound":0.0563636364,"ME_upper_bound":0.5590909091,"R2":0.6195061149,"R2_lower_bound":0.144663627,"R2_upper_bound":0.898778982,"m":0.738125179,"m_lower_bound":0.3679614433,"m_upper_bound":1.0260789363,"kendall_tau":0.4545454545,"kendall_tau_lower_bound":-0.137254902,"kendall_tau_upper_bound":0.8367346939,"ES":1.0061325913,"ES_lower_bound":0.7357171533,"ES_upper_bound":1.263258441},"arw58":{"name":"DLPNO-CCSD(T)\/cc-pVTZ\/\/B3LYP-D3\/cc-pVTZ","category":"Other","reassigned_category":"Physical (QM)","type":"Standard","RMSE":1.4057835085,"RMSE_lower_bound":0.7795278291,"RMSE_upper_bound":1.9124425125,"MAE":1.0936363636,"MAE_lower_bound":0.5809090909,"MAE_upper_bound":1.6581818182,"ME":1.01,"ME_lower_bound":0.4209090909,"ME_upper_bound":1.6236363636,"R2":0.0874294217,"R2_lower_bound":0.0004573914,"R2_upper_bound":0.5544951313,"m":-0.2417731032,"m_lower_bound":-0.8009159228,"m_upper_bound":0.2978460685,"kendall_tau":-0.2,"kendall_tau_lower_bound":-0.6326530612,"kendall_tau_upper_bound":0.375,"ES":0.0,"ES_lower_bound":0.0,"ES_upper_bound":0.0},"3oqhx":{"name":"MD-CHARMM-dryoct","category":"Physical","reassigned_category":"Physical (MM)","type":"Standard","RMSE":2.1433024645,"RMSE_lower_bound":1.2422157623,"RMSE_upper_bound":2.8775810549,"MAE":1.6418181818,"MAE_lower_bound":0.8609090909,"MAE_upper_bound":2.4990909091,"ME":1.1054545455,"ME_lower_bound":0.0745454545,"ME_upper_bound":2.2845454545,"R2":0.0331352581,"R2_lower_bound":0.0000430632,"R2_upper_bound":0.387017607,"m":-0.4353065484,"m_lower_bound":-1.8420051196,"m_upper_bound":0.8736093078,"kendall_tau":0.0,"kendall_tau_lower_bound":-0.4472135955,"kendall_tau_upper_bound":0.5,"ES":0.7452413583,"ES_lower_bound":0.3683430929,"ES_upper_bound":1.1034788266},"eg52i":{"name":"ARROW_2017","category":"Physical","reassigned_category":"Physical (MM)","type":"Standard","RMSE":2.8615571095,"RMSE_lower_bound":1.919360689,"RMSE_upper_bound":3.6016889977,"MAE":2.4109090909,"MAE_lower_bound":1.4427272727,"MAE_upper_bound":3.3936363636,"ME":2.0618181818,"ME_lower_bound":0.7536363636,"ME_upper_bound":3.3218181818,"R2":0.1471175625,"R2_lower_bound":0.0023259825,"R2_upper_bound":0.5837948743,"m":-0.9384150039,"m_lower_bound":-2.263356724,"m_upper_bound":0.3569702285,"kendall_tau":-0.1636363636,"kendall_tau_lower_bound":-0.6,"kendall_tau_upper_bound":0.3913043478,"ES":0.9562412614,"ES_lower_bound":0.6797901352,"ES_upper_bound":1.2169940612}}