{"3vqbi":{"name":"cosmoquick_TZVP18+ML","category":"Mixed","reassigned_category":"Mixed","type":"Standard","RMSE":0.4091343411,"RMSE_lower_bound":0.2826497994,"RMSE_upper_bound":0.5388961782,"MAE":0.3554545455,"MAE_lower_bound":0.2418181818,"MAE_upper_bound":0.4854545455,"ME":-0.0790909091,"ME_lower_bound":-0.2936363636,"ME_upper_bound":0.1863636364,"R2":0.6602947395,"R2_lower_bound":0.2620652903,"R2_upper_bound":0.9244361684,"m":0.7835093737,"m_lower_bound":0.4928462974,"m_upper_bound":1.1490342487,"kendall_tau":0.5636363636,"kendall_tau_lower_bound":0.08,"kendall_tau_upper_bound":0.88,"ES":1.0621980426,"ES_lower_bound":0.8384345972,"ES_upper_bound":1.2623724684},"yd6ub":{"name":"S+logP","category":"Empirical","reassigned_category":"Empirical","type":"Standard","RMSE":0.5078117045,"RMSE_lower_bound":0.3182908904,"RMSE_upper_bound":0.64438131,"MAE":0.4054545455,"MAE_lower_bound":0.2227272727,"MAE_upper_bound":0.58,"ME":0.0854545455,"ME_lower_bound":-0.2018181818,"ME_upper_bound":0.3836363636,"R2":0.6329498838,"R2_lower_bound":0.2218506736,"R2_upper_bound":0.8939830704,"m":0.9860259019,"m_lower_bound":0.4821508469,"m_upper_bound":1.4116767804,"kendall_tau":0.5272727273,"kendall_tau_lower_bound":0.04,"kendall_tau_upper_bound":0.875,"ES":0.7284909395,"ES_lower_bound":0.3712225037,"ES_upper_bound":1.1218627573},"0a7a8":{"name":"ML Prediction using MD Feature Vector Trained on logP_octanol_water, with Additional Meta-learner","category":"Mixed","reassigned_category":"Mixed","type":"Standard","RMSE":0.5284109971,"RMSE_lower_bound":0.3471049095,"RMSE_upper_bound":0.69007246,"MAE":0.4290909091,"MAE_lower_bound":0.2518181818,"MAE_upper_bound":0.6245454545,"ME":0.3163636364,"ME_lower_bound":0.0672727273,"ME_upper_bound":0.5681818182,"R2":0.6195061149,"R2_lower_bound":0.1133892603,"R2_upper_bound":0.9115691082,"m":0.738125179,"m_lower_bound":0.3231091874,"m_upper_bound":1.0459007864,"kendall_tau":0.4545454545,"kendall_tau_lower_bound":-0.1489361702,"kendall_tau_upper_bound":0.84,"ES":1.0061325913,"ES_lower_bound":0.7343328211,"ES_upper_bound":1.2600467904},"arw58":{"name":"DLPNO-CCSD(T)\/cc-pVTZ\/\/B3LYP-D3\/cc-pVTZ","category":"Other","reassigned_category":"Physical (QM)","type":"Standard","RMSE":1.4057835085,"RMSE_lower_bound":0.7762438698,"RMSE_upper_bound":1.913787297,"MAE":1.0936363636,"MAE_lower_bound":0.5709090909,"MAE_upper_bound":1.6827272727,"ME":1.01,"ME_lower_bound":0.4236363636,"ME_upper_bound":1.62,"R2":0.0874294217,"R2_lower_bound":0.000230195,"R2_upper_bound":0.5176628409,"m":-0.2417731032,"m_lower_bound":-0.7173947816,"m_upper_bound":0.2509155536,"kendall_tau":-0.2,"kendall_tau_lower_bound":-0.625,"kendall_tau_upper_bound":0.4285714286,"ES":0.0,"ES_lower_bound":0.0,"ES_upper_bound":0.0},"3oqhx":{"name":"MD-CHARMM-dryoct","category":"Physical","reassigned_category":"Physical (MM)","type":"Standard","RMSE":2.1433024645,"RMSE_lower_bound":1.1769143014,"RMSE_upper_bound":2.8975632396,"MAE":1.6418181818,"MAE_lower_bound":0.8263636364,"MAE_upper_bound":2.52,"ME":1.1054545455,"ME_lower_bound":-0.0090909091,"ME_upper_bound":2.2963636364,"R2":0.0331352581,"R2_lower_bound":0.0000625578,"R2_upper_bound":0.443080804,"m":-0.4353065484,"m_lower_bound":-1.9476684027,"m_upper_bound":1.0907426345,"kendall_tau":0.0,"kendall_tau_lower_bound":-0.5012804118,"kendall_tau_upper_bound":0.4694579006,"ES":0.7452413583,"ES_lower_bound":0.3860902308,"ES_upper_bound":1.1373672772},"eg52i":{"name":"ARROW_2017","category":"Physical","reassigned_category":"Physical (MM)","type":"Standard","RMSE":2.8615571095,"RMSE_lower_bound":1.9843409714,"RMSE_upper_bound":3.5557380004,"MAE":2.4109090909,"MAE_lower_bound":1.5218181818,"MAE_upper_bound":3.3090909091,"ME":2.0618181818,"ME_lower_bound":0.8918181818,"ME_upper_bound":3.2009090909,"R2":0.1471175625,"R2_lower_bound":0.00381785,"R2_upper_bound":0.5258893204,"m":-0.9384150039,"m_lower_bound":-2.2845586444,"m_upper_bound":0.1665122111,"kendall_tau":-0.1636363636,"kendall_tau_lower_bound":-0.6,"kendall_tau_upper_bound":0.36,"ES":0.9562412614,"ES_lower_bound":0.7298752717,"ES_upper_bound":1.208411202}}