{"SOMD\/AM1BCC-GAFF-TIP3P-NOBUFFER\/MBAR\/D":{"receipt_id":"d4twv","RMSE":1.9230775524,"RMSE_lower_bound":1.18070857,"RMSE_upper_bound":2.5161821729,"MAE":1.5063636364,"MAE_lower_bound":0.8181818182,"MAE_upper_bound":2.23,"ME":-0.2372727273,"ME_lower_bound":-1.3645454545,"ME_upper_bound":0.8627272727,"R2":0.1282971758,"R2_lower_bound":0.001011537,"R2_upper_bound":0.710206015,"m":0.2942596188,"m_lower_bound":-0.710947696,"m_upper_bound":0.679770747,"kendall_tau":0.0909090909,"kendall_tau_lower_bound":-0.56,"kendall_tau_upper_bound":0.6666666667},"US\/PMF\/MT\/MD_15":{"receipt_id":"wtm6p","RMSE":1.9904750461,"RMSE_lower_bound":1.309649502,"RMSE_upper_bound":2.5568286464,"MAE":1.6863636364,"MAE_lower_bound":1.0681818182,"MAE_upper_bound":2.3245454545,"ME":-0.3790909091,"ME_lower_bound":-1.5245454545,"ME_upper_bound":0.7872727273,"R2":0.3582064575,"R2_lower_bound":0.0772097097,"R2_upper_bound":0.7237336628,"m":0.7802259489,"m_lower_bound":0.3757596208,"m_upper_bound":2.6363766446,"kendall_tau":0.4909090909,"kendall_tau_lower_bound":0.08,"kendall_tau_upper_bound":0.8775510204},"SOMD\/AM1BCC-GAFF-TIP3P\/MBAR\/D":{"receipt_id":"j37ec","RMSE":2.583705936,"RMSE_lower_bound":1.4026922166,"RMSE_upper_bound":3.5200684394,"MAE":2.0209090909,"MAE_lower_bound":1.14,"MAE_upper_bound":3.0327272727,"ME":-1.8336363636,"ME_lower_bound":-2.9409090909,"ME_upper_bound":-0.7890909091,"R2":0.1251411194,"R2_lower_bound":0.001226546,"R2_upper_bound":0.7491993097,"m":0.2443214483,"m_lower_bound":-0.6096230894,"m_upper_bound":0.570929195,"kendall_tau":0.0909090909,"kendall_tau_lower_bound":-0.5416666667,"kendall_tau_upper_bound":0.6538461538},"US\/PMF\/MT\/MD_19":{"receipt_id":"xdmpa","RMSE":2.8806028409,"RMSE_lower_bound":1.6857666182,"RMSE_upper_bound":3.8328745444,"MAE":2.2781818182,"MAE_lower_bound":1.2990909091,"MAE_upper_bound":3.3645454545,"ME":1.6109090909,"ME_lower_bound":0.26,"ME_upper_bound":3.0581818182,"R2":0.0752963947,"R2_lower_bound":0.0002688303,"R2_upper_bound":0.5106366617,"m":0.3170904338,"m_lower_bound":-0.9216930215,"m_upper_bound":1.6677324666,"kendall_tau":0.1272727273,"kendall_tau_lower_bound":-0.4509803922,"kendall_tau_upper_bound":0.6470588235},"US\/PMF\/MT\/MD_5":{"receipt_id":"ubz3m","RMSE":3.1865798137,"RMSE_lower_bound":2.2572207368,"RMSE_upper_bound":4.0043748803,"MAE":2.72,"MAE_lower_bound":1.7490909091,"MAE_upper_bound":3.6990909091,"ME":-2.72,"ME_lower_bound":-3.6981818182,"ME_upper_bound":-1.7490909091,"R2":0.3853788445,"R2_lower_bound":0.0014456826,"R2_upper_bound":0.7899600135,"m":0.6681355693,"m_lower_bound":-0.3316313872,"m_upper_bound":1.6818597001,"kendall_tau":0.3090909091,"kendall_tau_lower_bound":-0.2,"kendall_tau_upper_bound":0.76},"US\/PMF\/MT\/MD_13":{"receipt_id":"cco6p","RMSE":3.2306922985,"RMSE_lower_bound":2.0195386512,"RMSE_upper_bound":4.3688463216,"MAE":2.6827272727,"MAE_lower_bound":1.69,"MAE_upper_bound":3.8263636364,"ME":-2.2681818182,"ME_lower_bound":-3.66,"ME_upper_bound":-0.9236363636,"R2":0.2431773578,"R2_lower_bound":0.016515328,"R2_upper_bound":0.7429982682,"m":0.6902694465,"m_lower_bound":0.1497827299,"m_upper_bound":3.5045900812,"kendall_tau":0.3090909091,"kendall_tau_lower_bound":-0.16,"kendall_tau_upper_bound":0.72},"US\/PMF\/MT\/MD_2":{"receipt_id":"2mgw5","RMSE":3.5073533145,"RMSE_lower_bound":1.4107831481,"RMSE_upper_bound":5.1980302213,"MAE":2.4418181818,"MAE_lower_bound":1.15,"MAE_upper_bound":4.0336363636,"ME":1.6090909091,"ME_lower_bound":-0.0809090909,"ME_upper_bound":3.5327272727,"R2":0.0452474468,"R2_lower_bound":0.0004925544,"R2_upper_bound":0.6345093835,"m":0.3417110501,"m_lower_bound":-2.1579479232,"m_upper_bound":0.8035868511,"kendall_tau":-0.0909090909,"kendall_tau_lower_bound":-0.6538461538,"kendall_tau_upper_bound":0.4615384615},"US\/PMF\/MT\/MD_10":{"receipt_id":"8wns3","RMSE":3.665317796,"RMSE_lower_bound":2.557205506,"RMSE_upper_bound":4.5354662986,"MAE":3.0209090909,"MAE_lower_bound":1.7609090909,"MAE_upper_bound":4.21,"ME":-2.9318181818,"ME_lower_bound":-4.1809090909,"ME_upper_bound":-1.5945454545,"R2":0.2267344519,"R2_lower_bound":0.0009276299,"R2_upper_bound":0.6655091673,"m":0.6165540357,"m_lower_bound":-0.5715461839,"m_upper_bound":1.7486517432,"kendall_tau":0.2727272727,"kendall_tau_lower_bound":-0.2941176471,"kendall_tau_upper_bound":0.76},"US\/PMF\/MT\/MD_8":{"receipt_id":"cekua","RMSE":3.7293942964,"RMSE_lower_bound":2.6739789895,"RMSE_upper_bound":4.6330463177,"MAE":3.2381818182,"MAE_lower_bound":2.1436363636,"MAE_upper_bound":4.3427272727,"ME":-3.2381818182,"ME_lower_bound":-4.3409090909,"ME_upper_bound":-2.1418181818,"R2":0.3375610525,"R2_lower_bound":0.0012714367,"R2_upper_bound":0.7565067985,"m":0.6854396945,"m_lower_bound":-0.3693393685,"m_upper_bound":1.7783113378,"kendall_tau":0.3090909091,"kendall_tau_lower_bound":-0.2340425532,"kendall_tau_upper_bound":0.8},"AMOEBA\/BAR\/Tinker":{"receipt_id":"tqhg4","RMSE":3.7320341064,"RMSE_lower_bound":1.9394936747,"RMSE_upper_bound":5.2507931374,"MAE":2.7207142857,"MAE_lower_bound":1.51,"MAE_upper_bound":4.1692857143,"ME":1.1835714286,"ME_lower_bound":-0.5557142857,"ME_upper_bound":3.1107142857,"R2":0.1404167204,"R2_lower_bound":0.0004958431,"R2_upper_bound":0.7318122056,"m":0.8319818183,"m_lower_bound":-1.6156095938,"m_upper_bound":1.6570722908,"kendall_tau":0.1428571429,"kendall_tau_lower_bound":-0.3255813953,"kendall_tau_upper_bound":0.6},"SOMD\/AM1BCC-GAFF-TIP3P\/MBAR\/C":{"receipt_id":"f7duk","RMSE":3.7885341372,"RMSE_lower_bound":2.829002394,"RMSE_upper_bound":4.6840551584,"MAE":3.4772727273,"MAE_lower_bound":2.6372727273,"MAE_upper_bound":4.4109090909,"ME":2.8409090909,"ME_lower_bound":1.2845454545,"ME_upper_bound":4.2309090909,"R2":0.125009891,"R2_lower_bound":0.0010432717,"R2_upper_bound":0.7340949109,"m":0.4784003515,"m_lower_bound":-1.2280442328,"m_upper_bound":1.0852244332,"kendall_tau":0.0909090909,"kendall_tau_lower_bound":-0.5555555556,"kendall_tau_upper_bound":0.6595744681},"HREM\/BAR\/RESP\/Force-Matching\/TIP3P":{"receipt_id":"3z83m","RMSE":4.3207629948,"RMSE_lower_bound":3.2345710689,"RMSE_upper_bound":5.3353564615,"MAE":3.8164285714,"MAE_lower_bound":2.7771428571,"MAE_upper_bound":4.8778571429,"ME":2.1978571429,"ME_lower_bound":0.1814285714,"ME_upper_bound":4.015,"R2":0.4866121489,"R2_lower_bound":0.1301007127,"R2_upper_bound":0.8057109357,"m":1.915992907,"m_lower_bound":1.2963076881,"m_upper_bound":3.578949002,"kendall_tau":0.5164835165,"kendall_tau_lower_bound":0.1860465116,"kendall_tau_upper_bound":0.7894736842},"US\/PMF\/MT\/MD_12":{"receipt_id":"j8yon","RMSE":4.3870605193,"RMSE_lower_bound":3.3496743397,"RMSE_upper_bound":5.2701207507,"MAE":4.0372727273,"MAE_lower_bound":3.0081818182,"MAE_upper_bound":5.0463636364,"ME":4.0372727273,"ME_lower_bound":3.0081818182,"ME_upper_bound":5.0463636364,"R2":0.2272086738,"R2_lower_bound":0.0008719361,"R2_upper_bound":0.6735885118,"m":0.382559199,"m_lower_bound":-0.3576788394,"m_upper_bound":1.069552891,"kendall_tau":0.2727272727,"kendall_tau_lower_bound":-0.2941176471,"kendall_tau_upper_bound":0.76},"US\/PMF\/MT\/MD_7":{"receipt_id":"dv8mj","RMSE":4.4089629785,"RMSE_lower_bound":3.605002837,"RMSE_upper_bound":5.0855007798,"MAE":4.1681818182,"MAE_lower_bound":3.2881818182,"MAE_upper_bound":4.9754545455,"ME":4.1681818182,"ME_lower_bound":3.2881818182,"ME_upper_bound":4.9754545455,"R2":0.3859083653,"R2_lower_bound":0.0016656337,"R2_upper_bound":0.7908136068,"m":0.4134278493,"m_lower_bound":-0.2118798783,"m_upper_bound":1.026006361,"kendall_tau":0.3090909091,"kendall_tau_lower_bound":-0.2195121951,"kendall_tau_upper_bound":0.76},"US\/PMF\/MT\/MD_20":{"receipt_id":"j6oi0","RMSE":4.7156624908,"RMSE_lower_bound":3.4899934879,"RMSE_upper_bound":5.8277744076,"MAE":4.1618181818,"MAE_lower_bound":2.8481818182,"MAE_upper_bound":5.4527272727,"ME":-4.1618181818,"ME_lower_bound":-5.4527272727,"ME_upper_bound":-2.8445454545,"R2":0.2998898255,"R2_lower_bound":0.0601634191,"R2_upper_bound":0.7960968138,"m":0.7793500309,"m_lower_bound":0.3102991066,"m_upper_bound":3.6721129484,