{"SOMD\/AM1BCC-GAFF-TIP3P-NOBUFFER\/MBAR\/D":{"receipt_id":"d4twv","RMSE":1.9230775524,"RMSE_lower_bound":1.2047838858,"RMSE_upper_bound":2.6772015115,"MAE":1.5063636364,"MAE_lower_bound":0.8815619288,"MAE_upper_bound":2.3354232843,"ME":-0.2372727273,"ME_lower_bound":-1.3905045148,"ME_upper_bound":0.9733141755,"R2":0.1282971758,"R2_lower_bound":0.0005777299,"R2_upper_bound":0.6986308623,"m":0.2942596188,"m_lower_bound":-0.8122389214,"m_upper_bound":0.7159735342,"kendall_tau":0.0909090909,"kendall_tau_lower_bound":-0.6170212766,"kendall_tau_upper_bound":0.64},"US\/PMF\/MT\/MD_15":{"receipt_id":"wtm6p","RMSE":1.9904750461,"RMSE_lower_bound":1.3206059215,"RMSE_upper_bound":2.5519903106,"MAE":1.6863636364,"MAE_lower_bound":1.08,"MAE_upper_bound":2.3218181818,"ME":-0.3790909091,"ME_lower_bound":-1.5318181818,"ME_upper_bound":0.7672727273,"R2":0.3582064575,"R2_lower_bound":0.0828890572,"R2_upper_bound":0.7191853627,"m":0.7802259489,"m_lower_bound":0.3834149172,"m_upper_bound":2.6406397874,"kendall_tau":0.4909090909,"kendall_tau_lower_bound":0.0909090909,"kendall_tau_upper_bound":0.875},"SOMD\/AM1BCC-GAFF-TIP3P\/MBAR\/D":{"receipt_id":"j37ec","RMSE":2.583705936,"RMSE_lower_bound":1.4311842844,"RMSE_upper_bound":3.7806291057,"MAE":2.0209090909,"MAE_lower_bound":1.0997004495,"MAE_upper_bound":3.1736818565,"ME":-1.8336363636,"ME_lower_bound":-3.0599648949,"ME_upper_bound":-0.6710824586,"R2":0.1251411194,"R2_lower_bound":0.0005448268,"R2_upper_bound":0.7640898876,"m":0.2443214483,"m_lower_bound":-0.9050101553,"m_upper_bound":0.6992262117,"kendall_tau":0.0909090909,"kendall_tau_lower_bound":-0.56,"kendall_tau_upper_bound":0.68},"US\/PMF\/MT\/MD_19":{"receipt_id":"xdmpa","RMSE":2.8806028409,"RMSE_lower_bound":1.6700163309,"RMSE_upper_bound":3.8324167547,"MAE":2.2781818182,"MAE_lower_bound":1.2854545455,"MAE_upper_bound":3.3509090909,"ME":1.6109090909,"ME_lower_bound":0.2290909091,"ME_upper_bound":3.0318181818,"R2":0.0752963947,"R2_lower_bound":0.0002702031,"R2_upper_bound":0.5011383501,"m":0.3170904338,"m_lower_bound":-0.9025575898,"m_upper_bound":1.6177258837,"kendall_tau":0.1272727273,"kendall_tau_lower_bound":-0.44,"kendall_tau_upper_bound":0.652173913},"US\/PMF\/MT\/MD_5":{"receipt_id":"ubz3m","RMSE":3.1865798137,"RMSE_lower_bound":2.2342967167,"RMSE_upper_bound":4.0154836684,"MAE":2.72,"MAE_lower_bound":1.7372727273,"MAE_upper_bound":3.7045454545,"ME":-2.72,"ME_lower_bound":-3.7045454545,"ME_upper_bound":-1.7372727273,"R2":0.3853788445,"R2_lower_bound":0.001489492,"R2_upper_bound":0.7903058645,"m":0.6681355693,"m_lower_bound":-0.3528550026,"m_upper_bound":1.6753265321,"kendall_tau":0.3090909091,"kendall_tau_lower_bound":-0.2244897959,"kendall_tau_upper_bound":0.76},"US\/PMF\/MT\/MD_13":{"receipt_id":"cco6p","RMSE":3.2306922985,"RMSE_lower_bound":2.0099118027,"RMSE_upper_bound":4.3448182303,"MAE":2.6827272727,"MAE_lower_bound":1.69,"MAE_upper_bound":3.8063636364,"ME":-2.2681818182,"ME_lower_bound":-3.6372727273,"ME_upper_bound":-0.9272727273,"R2":0.2431773578,"R2_lower_bound":0.0165949246,"R2_upper_bound":0.742927753,"m":0.6902694465,"m_lower_bound":0.1490062176,"m_upper_bound":3.5001068101,"kendall_tau":0.3090909091,"kendall_tau_lower_bound":-0.1666666667,"kendall_tau_upper_bound":0.72},"US\/PMF\/MT\/MD_2":{"receipt_id":"2mgw5","RMSE":3.5073533145,"RMSE_lower_bound":1.4201664435,"RMSE_upper_bound":5.2353344948,"MAE":2.4418181818,"MAE_lower_bound":1.14,"MAE_upper_bound":4.0690909091,"ME":1.6090909091,"ME_lower_bound":-0.0863636364,"ME_upper_bound":3.5672727273,"R2":0.0452474468,"R2_lower_bound":0.0004200491,"R2_upper_bound":0.6431036037,"m":0.3417110501,"m_lower_bound":-2.0809506747,"m_upper_bound":0.8133903134,"kendall_tau":-0.0909090909,"kendall_tau_lower_bound":-0.6470588235,"kendall_tau_upper_bound":0.48},"US\/PMF\/MT\/MD_10":{"receipt_id":"8wns3","RMSE":3.665317796,"RMSE_lower_bound":2.5629705776,"RMSE_upper_bound":4.5534392596,"MAE":3.0209090909,"MAE_lower_bound":1.7709090909,"MAE_upper_bound":4.2218181818,"ME":-2.9318181818,"ME_lower_bound":-4.2,"ME_upper_bound":-1.6018181818,"R2":0.2267344519,"R2_lower_bound":0.0009133035,"R2_upper_bound":0.6644892066,"m":0.6165540357,"m_lower_bound":-0.5682373584,"m_upper_bound":1.7527040198,"kendall_tau":0.2727272727,"kendall_tau_lower_bound":-0.2941176471,"kendall_tau_upper_bound":0.76},"US\/PMF\/MT\/MD_8":{"receipt_id":"cekua","RMSE":3.7293942964,"RMSE_lower_bound":2.6760894128,"RMSE_upper_bound":4.6102642401,"MAE":3.2381818182,"MAE_lower_bound":2.1427272727,"MAE_upper_bound":4.3181818182,"ME":-3.2381818182,"ME_lower_bound":-4.3172727273,"ME_upper_bound":-2.1418181818,"R2":0.3375610525,"R2_lower_bound":0.0011471995,"R2_upper_bound":0.7553146655,"m":0.6854396945,"m_lower_bound":-0.3735974308,"m_upper_bound":1.7464002425,"kendall_tau":0.3090909091,"kendall_tau_lower_bound":-0.2307692308,"kendall_tau_upper_bound":0.8},"AMOEBA\/BAR\/Tinker":{"receipt_id":"tqhg4","RMSE":3.7320341064,"RMSE_lower_bound":1.9202696983,"RMSE_upper_bound":5.2320714281,"MAE":2.7207142857,"MAE_lower_bound":1.5021428571,"MAE_upper_bound":4.1557142857,"ME":1.1835714286,"ME_lower_bound":-0.5592857143,"ME_upper_bound":3.1314285714,"R2":0.1404167204,"R2_lower_bound":0.0006191915,"R2_upper_bound":0.7383284833,"m":0.8319818183,"m_lower_bound":-1.6257238793,"m_upper_bound":1.6657484554,"kendall_tau":0.1428571429,"kendall_tau_lower_bound":-0.3333333333,"kendall_tau_upper_bound":0.6046511628},"SOMD\/AM1BCC-GAFF-TIP3P\/MBAR\/C":{"receipt_id":"f7duk","RMSE":3.7885341372,"RMSE_lower_bound":2.6901599107,"RMSE_upper_bound":5.4548440285,"MAE":3.4772727273,"MAE_lower_bound":2.3390924317,"MAE_upper_bound":4.878565095,"ME":2.8409090909,"ME_lower_bound":0.9986628019,"ME_upper_bound":4.5846132502,"R2":0.125009891,"R2_lower_bound":0.0005352342,"R2_upper_bound":0.7652816619,"m":0.4784003515,"m_lower_bound":-1.769985732,"m_upper_bound":1.3811247928,"kendall_tau":0.0909090909,"kendall_tau_lower_bound":-0.56,"kendall_tau_upper_bound":0.68},"HREM\/BAR\/RESP\/Force-Matching\/TIP3P":{"receipt_id":"3z83m","RMSE":4.3207629948,"RMSE_lower_bound":3.138327208,"RMSE_upper_bound":5.6463470563,"MAE":3.8164285714,"MAE_lower_bound":2.6603663349,"MAE_upper_bound":5.0934917948,"ME":2.1978571429,"ME_lower_bound":0.0414186115,"ME_upper_bound":4.1525353819,"R2":0.4866121489,"R2_lower_bound":0.0954702503,"R2_upper_bound":0.8044947244,"m":1.915992907,"m_lower_bound":1.1113387204,"m_upper_bound":3.8471101995,"kendall_tau":0.5164835165,"kendall_tau_lower_bound":0.1764705882,"kendall_tau_upper_bound":0.8095238095},"US\/PMF\/MT\/MD_12":{"receipt_id":"j8yon","RMSE":4.3870605193,"RMSE_lower_bound":3.3621556938,"RMSE_upper_bound":5.2639062578,"MAE":4.0372727273,"MAE_lower_bound":3.0181818182,"MAE_upper_bound":5.0436363636,"ME":4.0372727273,"ME_lower_bound":3.0181818182,"ME_upper_bound":5.0436363636,"R2":0.2272086738,"R2_lower_bound":0.0009134897,"R2_upper_bound":0.6669963472,"m":0.382559199,"m_lower_bound":-0.3523184433,"m_upper_bound":1.0682579649,"kendall_tau":0.2727272727,"kendall_tau_lower_bound":-0.3043478261,"kendall_tau_upper_bound":0.76},"US\/PMF\/MT\/MD_7":{"receipt_id":"dv8mj","RMSE":4.4089629785,"RMSE_lower_bound":3.601283862,"RMSE_upper_bound":5.0801637411,"MAE":4.1681818182,"MAE_lower_bound":3.2845454545,"MAE_upper_bound":4.97,"ME":4.1681818182,"ME_lower_bound":3.2845454545,"ME_upper_bound":4.97,"R2":0.3859083653,"R2_lower_bound":0.0016880802,"R2_upper_bound":0.7903764445,"m":0.4134278493,"m_lower_bound":-0.2124231078,"m_upper_bound":1.0306477976,"kendall_tau":0.3090909091,"kendall_tau_lower_bound":-0.2173913043,"kendall_tau_upper_bound":0.76},"US\/PMF\/MT\/MD_20":{"receipt_id":"j6oi0","RMSE":4.7156624908,"RMSE_lower_bound":3.4880757915,"RMSE_upper_bound":5.8359185613,"MAE":4.1618181818,"MAE_lower_bound":2.8481818182,"MAE_upper_bound":5.4581818182,"ME":-4.1618181818,"ME_lower_bound":-5.4581818182,"ME_upper_bound":-2.8481818182,"R2":0.2998898255,"R2_lower_bound":0.062322036,"R2_upper_bound":0.7909928337,"m":0.7793500309,"m_lower_bound":0.3070542571,"m_upper_bound":3.6083984038,