{"d4twv":{"name":"SOMD\/AM1BCC-GAFF-TIP3P-NOBUFFER\/MBAR\/D","RMSE":1.9230775524,"RMSE_lower_bound":1.1538670161,"RMSE_upper_bound":2.4938232787,"MAE":1.5063636364,"MAE_lower_bound":0.7927272727,"MAE_upper_bound":2.17,"ME":0.2372727273,"ME_lower_bound":-0.8081818182,"ME_upper_bound":1.4445454545,"R2":0.1282971758,"R2_lower_bound":0.0010065627,"R2_upper_bound":0.7153297465,"m":0.4359999386,"m_lower_bound":-0.8024923336,"m_upper_bound":1.6338366279},"wtm6p":{"name":"US\/PMF\/MT\/MD_15","RMSE":1.9904750461,"RMSE_lower_bound":1.3316496946,"RMSE_upper_bound":2.5268899318,"MAE":1.6863636364,"MAE_lower_bound":1.0927272727,"MAE_upper_bound":2.3018181818,"ME":0.3790909091,"ME_lower_bound":-0.6909090909,"ME_upper_bound":1.5227272727,"R2":0.3582064575,"R2_lower_bound":0.0718304557,"R2_upper_bound":0.698229402,"m":0.4591060551,"m_lower_bound":0.0913243405,"m_upper_bound":1.0650465208},"j37ec":{"name":"SOMD\/AM1BCC-GAFF-TIP3P\/MBAR\/D","RMSE":2.583705936,"RMSE_lower_bound":1.3924406304,"RMSE_upper_bound":3.4665531741,"MAE":2.0209090909,"MAE_lower_bound":1.1590909091,"MAE_upper_bound":3.0263636364,"ME":1.8336363636,"ME_lower_bound":0.8663636364,"ME_upper_bound":2.9718181818,"R2":0.1251411194,"R2_lower_bound":0.0014612707,"R2_upper_bound":0.7409805853,"m":0.5121986641,"m_lower_bound":-0.8353002306,"m_upper_bound":2.2530682717},"xdmpa":{"name":"US\/PMF\/MT\/MD_19","RMSE":2.8806028409,"RMSE_lower_bound":1.6615409059,"RMSE_upper_bound":3.8421951585,"MAE":2.2781818182,"MAE_lower_bound":1.2145454545,"MAE_upper_bound":3.3436363636,"ME":-1.6109090909,"ME_lower_bound":-3.0227272727,"ME_upper_bound":-0.1363636364,"R2":0.0752963947,"R2_lower_bound":0.0001957934,"R2_upper_bound":0.5304715161,"m":0.2374603162,"m_lower_bound":-0.2570461329,"m_upper_bound":0.870954407},"ubz3m":{"name":"US\/PMF\/MT\/MD_5","RMSE":3.1865798137,"RMSE_lower_bound":2.2818055052,"RMSE_upper_bound":4.0207021097,"MAE":2.72,"MAE_lower_bound":1.7490909091,"MAE_upper_bound":3.6809090909,"ME":2.72,"ME_lower_bound":1.7490909091,"ME_upper_bound":3.6809090909,"R2":0.3853788445,"R2_lower_bound":0.0007406192,"R2_upper_bound":0.7768077254,"m":0.576797378,"m_lower_bound":-0.1458537497,"m_upper_bound":0.9877677476},"cco6p":{"name":"US\/PMF\/MT\/MD_13","RMSE":3.2306922985,"RMSE_lower_bound":2.0145674022,"RMSE_upper_bound":4.3439351661,"MAE":2.6827272727,"MAE_lower_bound":1.6718181818,"MAE_upper_bound":3.8518181818,"ME":2.2681818182,"ME_lower_bound":0.89,"ME_upper_bound":3.6663636364,"R2":0.2431773578,"R2_lower_bound":0.0197030142,"R2_upper_bound":0.7413362222,"m":0.352293382,"m_lower_bound":0.0806244805,"m_upper_bound":1.1432774517},"2mgw5":{"name":"US\/PMF\/MT\/MD_2","RMSE":3.5073533145,"RMSE_lower_bound":1.3276739742,"RMSE_upper_bound":5.3924079627,"MAE":2.4418181818,"MAE_lower_bound":1.1227272727,"MAE_upper_bound":4.2827272727,"ME":-1.6090909091,"ME_lower_bound":-3.6809090909,"ME_upper_bound":0.1390909091,"R2":0.0452474468,"R2_lower_bound":0.0004417042,"R2_upper_bound":0.660716489,"m":0.1324143507,"m_lower_bound":-0.4332693443,"m_upper_bound":0.8434762723},"8wns3":{"name":"US\/PMF\/MT\/MD_10","RMSE":3.665317796,"RMSE_lower_bound":2.5711087103,"RMSE_upper_bound":4.5938011593,"MAE":3.0209090909,"MAE_lower_bound":1.7445454545,"MAE_upper_bound":4.3218181818,"ME":2.9318181818,"ME_lower_bound":1.5690909091,"ME_upper_bound":4.3036363636,"R2":0.2267344519,"R2_lower_bound":0.0004580619,"R2_upper_bound":0.6793777987,"m":0.3677446562,"m_lower_bound":-0.122984293,"m_upper_bound":0.8593991521},"cekua":{"name":"US\/PMF\/MT\/MD_8","RMSE":3.7293942964,"RMSE_lower_bound":2.7038961787,"RMSE_upper_bound":4.640206696,"MAE":3.2381818182,"MAE_lower_bound":2.1809090909,"MAE_upper_bound":4.3718181818,"ME":3.2381818182,"ME_lower_bound":2.1809090909,"ME_upper_bound":4.3718181818,"R2":0.3375610525,"R2_lower_bound":0.0017677884,"R2_upper_bound":0.7766570305,"m":0.4924737437,"m_lower_bound":-0.1507765466,"m_upper_bound":0.9811402433},"tqhg4":{"name":"AMOEBA\/BAR\/Tinker","RMSE":3.7320341064,"RMSE_lower_bound":1.8797245239,"RMSE_upper_bound":5.1564197158,"MAE":2.7207142857,"MAE_lower_bound":1.4728571429,"MAE_upper_bound":4.0842857143,"ME":-1.1835714286,"ME_lower_bound":-3.0742857143,"ME_upper_bound":0.5414285714,"R2":0.1404167204,"R2_lower_bound":0.0005803606,"R2_upper_bound":0.7468864087,"m":0.1687737848,"m_lower_bound":-0.1450099816,"m_upper_bound":0.4934614279},"f7duk":{"name":"SOMD\/AM1BCC-GAFF-TIP3P\/MBAR\/C","RMSE":3.7885341372,"RMSE_lower_bound":2.7290741021,"RMSE_upper_bound":4.732442191,"MAE":3.4772727273,"MAE_lower_bound":2.5690909091,"MAE_upper_bound":4.4236363636,"ME":-2.8409090909,"ME_lower_bound":-4.2754545455,"ME_upper_bound":-1.1109090909,"R2":0.125009891,"R2_lower_bound":0.0009673554,"R2_upper_bound":0.6620229468,"m":0.2613081086,"m_lower_bound":-0.438188179,"m_upper_bound":1.0980304875},"3z83m":{"name":"HREM\/BAR\/RESP\/Force-Matching\/TIP3P","RMSE":4.3207629948,"RMSE_lower_bound":3.1907309955,"RMSE_upper_bound":5.3990085069,"MAE":3.8164285714,"MAE_lower_bound":2.7342857143,"MAE_upper_bound":4.9907142857,"ME":-2.1978571429,"ME_lower_bound":-4.005,"ME_upper_bound":-0.0457142857,"R2":0.4866121489,"R2_lower_bound":0.1294405074,"R2_upper_bound":0.8109787385,"m":0.253973878,"m_lower_bound":0.0692496139,"m_upper_bound":0.4721039228},"j8yon":{"name":"US\/PMF\/MT\/MD_12","RMSE":4.3870605193,"RMSE_lower_bound":3.2914185944,"RMSE_upper_bound":5.2395792683,"MAE":4.0372727273,"MAE_lower_bound":3.0127272727,"MAE_upper_bound":5.02,"ME":-4.0372727273,"ME_lower_bound":-5.0118181818,"ME_upper_bound":-2.99,"R2":0.2272086738,"R2_lower_bound":0.0013136727,"R2_upper_bound":0.6836612176,"m":0.5939176849,"m_lower_bound":-0.1927144663,"m_upper_bound":1.3598272314},"dv8mj":{"name":"US\/PMF\/MT\/MD_7","RMSE":4.4089629785,"RMSE_lower_bound":3.6222055059,"RMSE_upper_bound":5.110981048,"MAE":4.1681818182,"MAE_lower_bound":3.2836363636,"MAE_upper_bound":4.9854545455,"ME":-4.1681818182,"ME_lower_bound":-4.9845454545,"ME_upper_bound":-3.28,"R2":0.3859083653,"R2_lower_bound":0.0014159154,"R2_upper_bound":0.7908195661,"m":0.9334358242,"m_lower_bound":-0.2335127947,"m_upper_bound":1.6444129761},"j6oi0":{"name":"US\/PMF\/MT\/MD_20","RMSE":4.7156624908,"RMSE_lower_bound":3.4550253255,"RMSE_upper_bound":5.9094400596,"MAE":4.1618181818,"MAE_lower_bound":2.8036363636,"MAE_upper_bound":5.4863636364,"ME":4.1618181818,"ME_lower_bound":2.8036363636,"ME_upper_bound":5.4863636364,"R2":0.2998898255,"R2_lower_bound":0.0761383443,"R2_upper_bound":0.7891170111,"m":0.3847947824,"m_lower_bound":0.1163716825,"m_upper_bound":1.0888103988},"vrsfp":{"name":"US\/PMF\/MT\/MD_18","RMSE":4.7858285119,"RMSE_lower_bound":3.7755938726,"RMSE_upper_bound":5.5683243767,"MAE":4.4318181818,"MAE_lower_bound":3.1718181818,"MAE_upper_bound":5.4445454545,"ME":-4.4318181818,"ME_lower_bound":-5.4327272727,"ME_upper_bound":-3.1609090909,"R2":0.0751833515,"R2_lower_bound":0.0002278636,"R2_upper_bound":0.5215141586,"m":0.5543753641,"m_lower_bound":-0.5923027231,"m_upper_bound":2.0891413366},"2vfcf":{"name":"US\/PMF\/MT\/MD_4","RMSE":5.0529496336,"RMSE_lower_bound":3.881844688,"RMSE_upper_bound":6.1114564549,"MAE":4.6827272727,"MAE_lower_bound":3.5609090909,"MAE_upper_bound":5.9090909091,"ME":-4.6827272727,"ME_lower_bound":-5.8809090909,"ME_upper_bound":-3.5518181818,"R2":0.2864478095,"R2_lower_bound":0.0404033668,"R2_upper_bound":0.7390964929,"m":0.4708994911,"m_lower_bound":0.1008868001,"m_upper_bound":1.0045089956},"46vw8":{"name":"SOMD\/AM1BCC-GAFF-TIP3P\/MBAR\/A","RMSE":5.0679509935,"RMSE_lower_bound":3.8508605886,"RMSE_upper_bound":6.0832303022,"MAE":4.4745454545,"MAE_lower_bound":2.9709090909,"MAE_upper_bound":5.7772727273,"ME":-4.4090909091,"ME_lower_bound":-5.7509090909,"ME_upper_bound":-2.7790909091,"R2":0.1277433045,"R2_lower_bound":0.0012544951,"R2_upper_bound":0.7178368892,"m":0.2642461827,"m_lower_bound":-0.4895579855,"m_upper_bound":1.1284176998},"qfqyx":{"name":"US\/PMF\/MT\/MD_22","RMSE":5.3064437672,"RMSE_lower_bound":4.116066083,"RMSE_upper_bound":6.3955147636,"MAE":4.9618181818,