{
    "CB8-G3-0": 4817193.895270763,
    "CB8-G3-1": 4962434.615210861,
    "CB8-G3-2": 4679853.178244552,
    "CB8-G3-3": 4840943.110091505,
    "CB8-G3-4": 4815309.627009351,
    "OA-G3-0": 3317831.1271852497,
    "OA-G3-1": 3556865.5216380414,
    "OA-G3-2": 3389639.228275072,
    "OA-G3-3": 3400846.898200306,
    "OA-G3-4": 3356632.475811895,
    "OA-G6-0": 3316232.4258106453,
    "OA-G6-1": 3109372.534313358,
    "OA-G6-2": 3178427.505495878,
    "OA-G6-3": 3108986.0457682004,
    "OA-G6-4": 3147959.698992475
}