{"nb011":{"name":"Jaguar","RMSE":0.5091886457,"RMSE_lower_bound":0.332536869,"RMSE_upper_bound":0.7009965434,"MAE":0.3773076923,"MAE_lower_bound":0.2596153846,"MAE_upper_bound":0.5230769231,"ME":-0.0119230769,"ME_lower_bound":-0.2153846154,"ME_upper_bound":0.1753846154,"R2":0.9613752538,"R2_lower_bound":0.9072836214,"R2_upper_bound":0.9862994339,"m":1.0202105127,"m_lower_bound":0.9584409596,"m_upper_bound":1.0905866873},"hdiyq":{"name":"S+pKa","RMSE":0.6272344673,"RMSE_lower_bound":0.4620564401,"RMSE_upper_bound":0.7714471915,"MAE":0.4776923077,"MAE_lower_bound":0.3269230769,"MAE_upper_bound":0.6357692308,"ME":0.1515384615,"ME_lower_bound":-0.0842307692,"ME_upper_bound":0.3819230769,"R2":0.9481165538,"R2_lower_bound":0.908120112,"R2_upper_bound":0.9754668345,"m":1.0377981556,"m_lower_bound":0.9511411234,"m_upper_bound":1.1592353897},"epvmk":{"name":"EC-RISM\/MP2\/cc-pVTZ-P2-phi-noThiols-2par","RMSE":0.6522557014,"RMSE_lower_bound":0.4279213323,"RMSE_upper_bound":0.8512637664,"MAE":0.4945833333,"MAE_lower_bound":0.3354166667,"MAE_upper_bound":0.6745833333,"ME":0.02625,"ME_lower_bound":-0.2291666667,"ME_upper_bound":0.2908333333,"R2":0.9361368094,"R2_lower_bound":0.8469858954,"R2_upper_bound":0.9777322342,"m":0.9783570667,"m_lower_bound":0.9019946833,"m_upper_bound":1.0546263457},"xnoe0":{"name":"EC-RISM\/MP2\/cc-pVTZ-P2-phi-all-2par","RMSE":0.6553685986,"RMSE_lower_bound":0.457790345,"RMSE_upper_bound":0.8392663463,"MAE":0.5204,"MAE_lower_bound":0.3744,"MAE_upper_bound":0.6848,"ME":-0.0892,"ME_lower_bound":-0.3428,"ME_upper_bound":0.1652,"R2":0.9434042587,"R2_lower_bound":0.858137421,"R2_upper_bound":0.9808269894,"m":1.0385547269,"m_lower_bound":0.9691988016,"m_upper_bound":1.0922535102},"4o0ia":{"name":"EC-RISM\/MP2\/cc-pVTZ-P3NI-phi-noThiols-2par","RMSE":0.6910916671,"RMSE_lower_bound":0.4427101848,"RMSE_upper_bound":0.9074372197,"MAE":0.4946153846,"MAE_lower_bound":0.3246153846,"MAE_upper_bound":0.6923076923,"ME":0.0576923077,"ME_lower_bound":-0.2,"ME_upper_bound":0.3311538462,"R2":0.9242026575,"R2_lower_bound":0.846111621,"R2_upper_bound":0.9729473339,"m":0.961268015,"m_lower_bound":0.8454392083,"m_upper_bound":1.0655101153},"gdqeg":{"name":"PCM\/B3LYP\/6-311+G(d,p)","RMSE":0.7033349131,"RMSE_lower_bound":0.4333728187,"RMSE_upper_bound":0.9697195471,"MAE":0.48,"MAE_lower_bound":0.298,"MAE_upper_bound":0.7012,"ME":0.1592,"ME_lower_bound":-0.104,"ME_upper_bound":0.4416,"R2":0.9199853181,"R2_lower_bound":0.8217153953,"R2_upper_bound":0.9737820206,"m":0.939420173,"m_lower_bound":0.8341893088,"m_upper_bound":1.0575090373},"ftc8w":{"name":"EC-RISM\/MP2\/cc-pVTZ-P2-q-noThiols-2par","RMSE":0.7940957121,"RMSE_lower_bound":0.4819045549,"RMSE_upper_bound":1.088529283,"MAE":0.5772,"MAE_lower_bound":0.3848,"MAE_upper_bound":0.8132,"ME":0.018,"ME_lower_bound":-0.3016,"ME_upper_bound":0.324,"R2":0.8999617824,"R2_lower_bound":0.750303382,"R2_upper_bound":0.9712944362,"m":0.8993109199,"m_lower_bound":0.821719121,"m_upper_bound":0.9696884485},"ccpmw":{"name":"ReSCoSS conformations \/\/ COSMOtherm pKa","RMSE":0.7978745805,"RMSE_lower_bound":0.6203906958,"RMSE_upper_bound":0.9525148898,"MAE":0.6388461538,"MAE_lower_bound":0.46,"MAE_upper_bound":0.82,"ME":-0.2426923077,"ME_lower_bound":-0.5296153846,"ME_upper_bound":0.0469230769,"R2":0.9111975461,"R2_lower_bound":0.8188604191,"R2_upper_bound":0.9574016026,"m":0.9809169766,"m_lower_bound":0.8234715844,"m_upper_bound":1.0897064386},"nb008":{"name":"Epik Microscopic","RMSE":0.8152054956,"RMSE_lower_bound":0.5059288488,"RMSE_upper_bound":1.0954232059,"MAE":0.5712,"MAE_lower_bound":0.362,"MAE_upper_bound":0.8148,"ME":-0.08,"ME_lower_bound":-0.4092,"ME_upper_bound":0.2232,"R2":0.9048706477,"R2_lower_bound":0.7788242396,"R2_upper_bound":0.9720191852,"m":0.8198150024,"m_lower_bound":0.7431951516,"m_upper_bound":0.9121074267},"kxztt":{"name":"EC-RISM\/MP2\/6-311+G(d,p)-P3NI-q-noThiols-2par","RMSE":0.8468175719,"RMSE_lower_bound":0.5462746562,"RMSE_upper_bound":1.1529579351,"MAE":0.6308,"MAE_lower_bound":0.4252,"MAE_upper_bound":0.8736,"ME":-0.0908,"ME_lower_bound":-0.4244,"ME_upper_bound":0.2288,"R2":0.9233096784,"R2_lower_bound":0.8115626507,"R2_upper_bound":0.9763692174,"m":1.1051764532,"m_lower_bound":1.0186810766,"m_upper_bound":1.1868278126},"0xi4b":{"name":"EC-RISM\/B3LYP\/6-311+G(d,p)-P3NI-phi-noThiols-2par","RMSE":0.911918856,"RMSE_lower_bound":0.6426196387,"RMSE_upper_bound":1.1642181926,"MAE":0.698,"MAE_lower_bound":0.4828,"MAE_upper_bound":0.9392,"ME":0.2756,"ME_lower_bound":-0.062,"ME_upper_bound":0.622,"R2":0.8922983646,"R2_lower_bound":0.7751740159,"R2_upper_bound":0.9546478002,"m":0.9970824905,"m_lower_bound":0.8779636193,"m_upper_bound":1.1210146629},"cywyk":{"name":"EC-RISM\/B3LYP\/6-311+G(d,p)-P2-phi-noThiols-2par","RMSE":0.9331378,"RMSE_lower_bound":0.6625823606,"RMSE_upper_bound":1.180229769,"MAE":0.7107692308,"MAE_lower_bound":0.49,"MAE_upper_bound":0.9465384615,"ME":0.1715384615,"ME_lower_bound":-0.1776923077,"ME_upper_bound":0.5207692308,"R2":0.8702898268,"R2_lower_bound":0.7529771331,"R2_upper_bound":0.9386276148,"m":0.9504487552,"m_lower_bound":0.8176100921,"m_upper_bound":1.1167638879},"nxaaw":{"name":"EC-RISM\/B3LYP\/6-311+G(d,p)-P3NI-q-noThiols-2par","RMSE":0.965194281,"RMSE_lower_bound":0.5962220805,"RMSE_upper_bound":1.3544769073,"MAE":0.6938461538,"MAE_lower_bound":0.4611538462,"MAE_upper_bound":0.9803846154,"ME":-0.0030769231,"ME_lower_bound":-0.3926923077,"ME_upper_bound":0.3484615385,"R2":0.8534403805,"R2_lower_bound":0.6571208769,"R2_upper_bound":0.9543997704,"m":0.9203336967,"m_lower_bound":0.7999499994,"m_upper_bound":1.0068147632},"nb016":{"name":"MoKa","RMSE":1.0099031378,"RMSE_lower_bound":0.7363098355,"RMSE_upper_bound":1.2576617365,"MAE":0.8147826087,"MAE_lower_bound":0.5791304348,"MAE_upper_bound":1.0656521739,"ME":-0.272173913,"ME_lower_bound":-0.6704347826,"ME_upper_bound":0.1234782609,"R2":0.8716647559,"R2_lower_bound":0.775516841,"R2_upper_bound":0.9359756679,"m":0.959844907,"m_lower_bound":0.8021289865,"m_upper_bound":1.1467021718},"eyetm":{"name":"ReSCoSS conformations \/\/ DSD-BLYP-D3 reranking \/\/ COSMOtherm pKa","RMSE":1.043492656,"RMSE_lower_bound":0.7161972225,"RMSE_upper_bound":1.3584111194,"MAE":0.7661538462,"MAE_lower_bound":0.5038461538,"MAE_upper_bound":1.0515384615,"ME":-0.4092307692,"ME_lower_bound":-0.7880769231,"ME_upper_bound":-0.0511538462,"R2":0.9151839371,"R2_lower_bound":0.8259689185,"R2_upper_bound":0.9628310434,"m":1.1596967373,"m_lower_bound":0.9929434263,"m_upper_bound":1.2969626768},"cm2yq":{"name":"EC-RISM\/MP2\/6-311+G(d,p)-P3NI-phi-noThiols-2par","RMSE":1.0733648029,"RMSE_lower_bound":0.4631630382,"RMSE_upper_bound":1.6723169556,"MAE":0.6112,"MAE_lower_bound":0.3272,"MAE_upper_bound":1.008,"ME":0.1264,"ME_lower_bound":-0.2456,"ME_upper_bound":0.5916,"R2":0.8923920318,"R2_lower_bound":0.800974894,"R2_upper_bound":0.9746980224,"m":1.1437320289,"m_lower_bound":0.9685341301,"m_upper_bound":1.3564913198},"2umai":{"name":"EC-RISM\/MP2\/6-311+G(d,p)-P3NI-phi-all-2par","RMSE":1.0847727873,"RMSE_lower_bound":0.4824769425,"RMSE_upper_bound":1.675681354,"MAE":0.6292,"MAE_lower_bound":0.3396,"MAE_upper_bound":1.0208,"ME":0.0852,"ME_lower_bound":-0.288,"ME_upper_bound":0.552,"R2":0.8919511172,"R2_lower_bound":0.7985131361,"R2_upper_bound":0.9744006275,"m":1.1515979102,"m_lower_bound":0.9723545109,"m_upper_bound":1.3594055496},"wuuvc":{"name":"EC-RISM\/MP2\/6-311+G(d,p)-P2-phi-noThiols-2par","RMSE":1.0858424592,"RMSE_lower_bound":0.5204694626,"RMSE_upper_bound":1.6656484069,"MAE":0.6653846154,"MAE_lower_bound":0.3919230769,"MAE_upper_bound":1.0507692308,"ME":0.2384615385,"ME_lower_bound":-0.1261538462,"ME_upper_bound":0.6819230769,"R2":0.850875436,"R2_lower_bound":0.7700406276,"R2_upper_bound":0.9558364978,"m":1.0203023288,"m_lower_bound":0.819601799,"m_upper_bound":1.2903502329},"ktpj5":{"name":"EC-RISM\/MP2\/6-311+G(d,p)-P2-phi-all-2par","RMSE":1.0946561104,"RMSE_lower_bound":0.5171266769,"RMSE_upper_bound":1.68237689,"MAE":0.6592,"MAE_lower_bound":0.374,