{"hdiyq":{"name":"S+pKa","RMSE":0.6272344673,"RMSE_lower_bound":0.4609772229,"RMSE_upper_bound":0.7723839221,"MAE":0.4776923077,"MAE_lower_bound":0.3238461538,"MAE_upper_bound":0.6380769231,"ME":0.1515384615,"ME_lower_bound":-0.0869230769,"ME_upper_bound":0.3792307692,"R2":0.9481165538,"R2_lower_bound":0.9087535873,"R2_upper_bound":0.9750769261,"m":1.0377981556,"m_lower_bound":0.9494503166,"m_upper_bound":1.1624183855},"epvmk":{"name":"EC-RISM\/MP2\/cc-pVTZ-P2-phi-noThiols-2par","RMSE":0.6522557014,"RMSE_lower_bound":0.4273610885,"RMSE_upper_bound":0.8494213717,"MAE":0.4945833333,"MAE_lower_bound":0.3345833333,"MAE_upper_bound":0.6720833333,"ME":0.02625,"ME_lower_bound":-0.2270833333,"ME_upper_bound":0.2904166667,"R2":0.9361368094,"R2_lower_bound":0.8507070017,"R2_upper_bound":0.9771465772,"m":0.9783570667,"m_lower_bound":0.9030167014,"m_upper_bound":1.0527481685},"xnoe0":{"name":"EC-RISM\/MP2\/cc-pVTZ-P2-phi-all-2par","RMSE":0.6553685986,"RMSE_lower_bound":0.4570251634,"RMSE_upper_bound":0.8462907302,"MAE":0.5204,"MAE_lower_bound":0.3748,"MAE_upper_bound":0.6884,"ME":-0.0892,"ME_lower_bound":-0.3412,"ME_upper_bound":0.1628,"R2":0.9434042587,"R2_lower_bound":0.8571373241,"R2_upper_bound":0.9812160408,"m":1.0385547269,"m_lower_bound":0.9684188807,"m_upper_bound":1.0898352539},"4o0ia":{"name":"EC-RISM\/MP2\/cc-pVTZ-P3NI-phi-noThiols-2par","RMSE":0.6910916671,"RMSE_lower_bound":0.4440114344,"RMSE_upper_bound":0.908354387,"MAE":0.4946153846,"MAE_lower_bound":0.3215384615,"MAE_upper_bound":0.6957692308,"ME":0.0576923077,"ME_lower_bound":-0.2076923077,"ME_upper_bound":0.335,"R2":0.9242026575,"R2_lower_bound":0.8475345285,"R2_upper_bound":0.9719898574,"m":0.961268015,"m_lower_bound":0.8477570913,"m_upper_bound":1.0637579869},"gdqeg":{"name":"PCM\/B3LYP\/6-311+G(d,p)","RMSE":0.7033349131,"RMSE_lower_bound":0.4266520831,"RMSE_upper_bound":0.9695565997,"MAE":0.48,"MAE_lower_bound":0.2952,"MAE_upper_bound":0.6976,"ME":0.1592,"ME_lower_bound":-0.0952,"ME_upper_bound":0.4468,"R2":0.9199853181,"R2_lower_bound":0.8247079676,"R2_upper_bound":0.9745901912,"m":0.939420173,"m_lower_bound":0.8326754428,"m_upper_bound":1.0567711159},"ftc8w":{"name":"EC-RISM\/MP2\/cc-pVTZ-P2-q-noThiols-2par","RMSE":0.7940957121,"RMSE_lower_bound":0.4799791662,"RMSE_upper_bound":1.096074815,"MAE":0.5772,"MAE_lower_bound":0.3824,"MAE_upper_bound":0.816,"ME":0.018,"ME_lower_bound":-0.308,"ME_upper_bound":0.3148,"R2":0.8999617824,"R2_lower_bound":0.7474980882,"R2_upper_bound":0.9726387323,"m":0.8993109199,"m_lower_bound":0.8234099682,"m_upper_bound":0.9710596793},"ccpmw":{"name":"ReSCoSS conformations \/\/ COSMOtherm pKa","RMSE":0.7978745805,"RMSE_lower_bound":0.6179027805,"RMSE_upper_bound":0.9548761498,"MAE":0.6388461538,"MAE_lower_bound":0.4561538462,"MAE_upper_bound":0.825,"ME":-0.2426923077,"ME_lower_bound":-0.5342307692,"ME_upper_bound":0.0473076923,"R2":0.9111975461,"R2_lower_bound":0.8180706033,"R2_upper_bound":0.9580405514,"m":0.9809169766,"m_lower_bound":0.8250313971,"m_upper_bound":1.0918503925},"kxztt":{"name":"EC-RISM\/MP2\/6-311+G(d,p)-P3NI-q-noThiols-2par","RMSE":0.8468175719,"RMSE_lower_bound":0.5494761141,"RMSE_upper_bound":1.1431867739,"MAE":0.6308,"MAE_lower_bound":0.4292,"MAE_upper_bound":0.868,"ME":-0.0908,"ME_lower_bound":-0.4228,"ME_upper_bound":0.2292,"R2":0.9233096784,"R2_lower_bound":0.8123775781,"R2_upper_bound":0.9756017696,"m":1.1051764532,"m_lower_bound":1.0164166479,"m_upper_bound":1.1887249575},"0xi4b":{"name":"EC-RISM\/B3LYP\/6-311+G(d,p)-P3NI-phi-noThiols-2par","RMSE":0.911918856,"RMSE_lower_bound":0.6428125699,"RMSE_upper_bound":1.1573383256,"MAE":0.698,"MAE_lower_bound":0.4784,"MAE_upper_bound":0.934,"ME":0.2756,"ME_lower_bound":-0.0692,"ME_upper_bound":0.6156,"R2":0.8922983646,"R2_lower_bound":0.77413403,"R2_upper_bound":0.9549942202,"m":0.9970824905,"m_lower_bound":0.8768123478,"m_upper_bound":1.118327365},"cywyk":{"name":"EC-RISM\/B3LYP\/6-311+G(d,p)-P2-phi-noThiols-2par","RMSE":0.9331378,"RMSE_lower_bound":0.6632379779,"RMSE_upper_bound":1.1871685772,"MAE":0.7107692308,"MAE_lower_bound":0.4946153846,"MAE_upper_bound":0.9542307692,"ME":0.1715384615,"ME_lower_bound":-0.1696153846,"ME_upper_bound":0.5296153846,"R2":0.8702898268,"R2_lower_bound":0.7579307713,"R2_upper_bound":0.936993946,"m":0.9504487552,"m_lower_bound":0.8153028576,"m_upper_bound":1.1216264148},"nxaaw":{"name":"EC-RISM\/B3LYP\/6-311+G(d,p)-P3NI-q-noThiols-2par","RMSE":0.965194281,"RMSE_lower_bound":0.5951987386,"RMSE_upper_bound":1.3466839616,"MAE":0.6938461538,"MAE_lower_bound":0.4584615385,"MAE_upper_bound":0.9723076923,"ME":-0.0030769231,"ME_lower_bound":-0.3915384615,"ME_upper_bound":0.3526923077,"R2":0.8534403805,"R2_lower_bound":0.657705452,"R2_upper_bound":0.9553465448,"m":0.9203336967,"m_lower_bound":0.7985021845,"m_upper_bound":1.0113247213},"eyetm":{"name":"ReSCoSS conformations \/\/ DSD-BLYP-D3 reranking \/\/ COSMOtherm pKa","RMSE":1.043492656,"RMSE_lower_bound":0.7210275787,"RMSE_upper_bound":1.3552731771,"MAE":0.7661538462,"MAE_lower_bound":0.5053846154,"MAE_upper_bound":1.0465384615,"ME":-0.4092307692,"ME_lower_bound":-0.7861538462,"ME_upper_bound":-0.0442307692,"R2":0.9151839371,"R2_lower_bound":0.8242032852,"R2_upper_bound":0.9638782039,"m":1.1596967373,"m_lower_bound":0.9957190736,"m_upper_bound":1.2997872801},"cm2yq":{"name":"EC-RISM\/MP2\/6-311+G(d,p)-P3NI-phi-noThiols-2par","RMSE":1.0733648029,"RMSE_lower_bound":0.4560175435,"RMSE_upper_bound":1.6661464521,"MAE":0.6112,"MAE_lower_bound":0.3236,"MAE_upper_bound":1.0052,"ME":0.1264,"ME_lower_bound":-0.246,"ME_upper_bound":0.5892,"R2":0.8923920318,"R2_lower_bound":0.8014642254,"R2_upper_bound":0.9753412149,"m":1.1437320289,"m_lower_bound":0.9660724193,"m_upper_bound":1.3515075632},"2umai":{"name":"EC-RISM\/MP2\/6-311+G(d,p)-P3NI-phi-all-2par","RMSE":1.0847727873,"RMSE_lower_bound":0.4766466196,"RMSE_upper_bound":1.6725011211,"MAE":0.6292,"MAE_lower_bound":0.3368,"MAE_upper_bound":1.0188,"ME":0.0852,"ME_lower_bound":-0.2932,"ME_upper_bound":0.5552,"R2":0.8919511172,"R2_lower_bound":0.7996525188,"R2_upper_bound":0.974398222,"m":1.1515979102,"m_lower_bound":0.9676437492,"m_upper_bound":1.3620099792},"wuuvc":{"name":"EC-RISM\/MP2\/6-311+G(d,p)-P2-phi-noThiols-2par","RMSE":1.0858424592,"RMSE_lower_bound":0.5237622773,"RMSE_upper_bound":1.6526330972,"MAE":0.6653846154,"MAE_lower_bound":0.3953846154,"MAE_upper_bound":1.0292307692,"ME":0.2384615385,"ME_lower_bound":-0.1261538462,"ME_upper_bound":0.6742307692,"R2":0.850875436,"R2_lower_bound":0.7672127864,"R2_upper_bound":0.9541677303,"m":1.0203023288,"m_lower_bound":0.8208110172,"m_upper_bound":1.2851710843},"ktpj5":{"name":"EC-RISM\/MP2\/6-311+G(d,p)-P2-phi-all-2par","RMSE":1.0946561104,"RMSE_lower_bound":0.5141867365,"RMSE_upper_bound":1.6884454389,"MAE":0.6592,"MAE_lower_bound":0.3756,"MAE_upper_bound":1.0692,"ME":0.2248,"ME_lower_bound":-0.1464,"ME_upper_bound":0.684,"R2":0.8584845967,"R2_lower_bound":0.7783111161,"R2_upper_bound":0.9591395402,"m":1.0500939602,"m_lower_bound":0.8431555211,"m_upper_bound":1.3292132216},"arcko":{"name":"Vertical scheme for type I submission","RMSE":1.0951325877,"RMSE_lower_bound":0.7510735906,"RMSE_upper_bound":1.4142380389,"MAE":0.8153846154,"MAE_lower_bound":0.5507692308,"MAE_upper_bound":1.1138461538,"ME":0.4338461538,"ME_lower_bound":0.0546153846,"ME_upper_bound":0.8453846154,"R2":0.8646248293,"R2_lower_bound":0.7582902284,"R2_upper_bound":0.9333704414,"m":1.0240138307,"m_lower_bound":0.8956361215,"m_upper_bound":1.198939368},"ko8yx":{"name":"Adiabatic scheme with single point correction for type I submission","RMSE":1.0984236957,"RMSE_lower_bound":0.8302687239,"RMSE_upper_bound":1.3484093193,"MAE":0.8926923077,"MAE_lower_bound":0.6553846154,"MAE_upper_bound":1.1415384615,"ME":0.4403846154,"ME_lower_bound":0.0446153846,"ME_upper_bound":0.8173076923,"R2":0.890331357,"R2_lower_bound":0.7597665651,"R2_upper_bound":0.9565482815,"m":1.1122898531,"m_lower_bound":0.9659088024,"m_upper_bound":1.2527311818},