{"nb016":{"name":"MoKa","RMSE":0.5158349681,"RMSE_lower_bound":0.2526714411,"RMSE_upper_bound":0.71,"MAE":0.4285714286,"MAE_lower_bound":0.2285714286,"MAE_upper_bound":0.65,"ME":-0.0914285714,"ME_lower_bound":-0.4485714286,"ME_upper_bound":0.3014285714,"R2":0.9216489355,"R2_lower_bound":0.049377804,"R2_upper_bound":0.9938092372,"m":0.9906728535,"m_lower_bound":0.1407355353,"m_upper_bound":1.1589844988,"kendall_tau":0.619047619,"kendall_tau_lower_bound":-0.1428571429,"kendall_tau_upper_bound":1.0},"hdiyq":{"name":"S+pKa","RMSE":0.6800147057,"RMSE_lower_bound":0.4893771552,"RMSE_upper_bound":0.834997006,"MAE":0.598,"MAE_lower_bound":0.393,"MAE_upper_bound":0.796,"ME":0.382,"ME_lower_bound":0.021,"ME_upper_bound":0.705,"R2":0.8590670774,"R2_lower_bound":0.4708889668,"R2_upper_bound":0.9849581053,"m":0.9089242145,"m_lower_bound":0.4451842429,"m_upper_bound":1.2568921068,"kendall_tau":0.7777777778,"kendall_tau_lower_bound":0.4,"kendall_tau_upper_bound":1.0},"nb011":{"name":"Jaguar","RMSE":0.7212627815,"RMSE_lower_bound":0.3546124645,"RMSE_upper_bound":1.0734244268,"MAE":0.538,"MAE_lower_bound":0.283,"MAE_upper_bound":0.865,"ME":0.454,"ME_lower_bound":0.136,"ME_upper_bound":0.825,"R2":0.8625638082,"R2_lower_bound":0.1778839669,"R2_upper_bound":0.9788625482,"m":0.930198074,"m_lower_bound":0.5011894997,"m_upper_bound":1.2078240112,"kendall_tau":0.6444444444,"kendall_tau_lower_bound":0.2631578947,"kendall_tau_upper_bound":0.95},"ftc8w":{"name":"EC-RISM\/MP2\/cc-pVTZ-P2-q-noThiols-2par","RMSE":0.7476095237,"RMSE_lower_bound":0.5202018839,"RMSE_upper_bound":0.9631199302,"MAE":0.676,"MAE_lower_bound":0.497,"MAE_upper_bound":0.89,"ME":-0.314,"ME_lower_bound":-0.678,"ME_upper_bound":0.162,"R2":0.8656618683,"R2_lower_bound":0.0179430464,"R2_upper_bound":0.9908608725,"m":1.1202077126,"m_lower_bound":-0.1131400593,"m_upper_bound":1.3918902261,"kendall_tau":0.5555555556,"kendall_tau_lower_bound":-0.1,"kendall_tau_upper_bound":1.0},"6tvf8":{"name":"OE Gaussian Process","RMSE":0.7633740892,"RMSE_lower_bound":0.5518604896,"RMSE_upper_bound":0.9487834316,"MAE":0.68,"MAE_lower_bound":0.464,"MAE_upper_bound":0.897,"ME":-0.628,"ME_lower_bound":-0.887,"ME_upper_bound":-0.347,"R2":0.9151074229,"R2_lower_bound":0.7806382456,"R2_upper_bound":0.9892546663,"m":0.940466458,"m_lower_bound":0.6904433467,"m_upper_bound":1.4085288875,"kendall_tau":0.8666666667,"kendall_tau_lower_bound":0.6,"kendall_tau_upper_bound":1.0},"t8ewk":{"name":"COSMOlogic_FINE17","RMSE":0.9551846825,"RMSE_lower_bound":0.6452131431,"RMSE_upper_bound":1.1945617513,"MAE":0.8088888889,"MAE_lower_bound":0.4644444444,"MAE_upper_bound":1.1255555556,"ME":-0.7688888889,"ME_lower_bound":-1.1177777778,"ME_upper_bound":-0.3777777778,"R2":0.8012690651,"R2_lower_bound":0.5288638091,"R2_upper_bound":0.9649588136,"m":0.9633371717,"m_lower_bound":0.755147995,"m_upper_bound":2.2617293202,"kendall_tau":0.7777777778,"kendall_tau_lower_bound":0.3125,"kendall_tau_upper_bound":1.0},"v8qph":{"name":"ACD\/pKa GALAS","RMSE":0.9870055724,"RMSE_lower_bound":0.3965097729,"RMSE_upper_bound":1.5151765574,"MAE":0.668,"MAE_lower_bound":0.285,"MAE_upper_bound":1.167,"ME":-0.088,"ME_lower_bound":-0.752,"ME_upper_bound":0.447,"R2":0.6798441193,"R2_lower_bound":0.1051974972,"R2_upper_bound":0.9741283038,"m":0.9643060502,"m_lower_bound":-1.2592346784,"m_upper_bound":1.1617944834,"kendall_tau":0.3777777778,"kendall_tau_lower_bound":-0.3,"kendall_tau_upper_bound":1.0},"ccpmw":{"name":"ReSCoSS conformations \/\/ COSMOtherm pKa","RMSE":1.0667083325,"RMSE_lower_bound":0.7765021285,"RMSE_upper_bound":1.2718141024,"MAE":0.9466666667,"MAE_lower_bound":0.6022222222,"MAE_upper_bound":1.2522222222,"ME":-0.8311111111,"ME_lower_bound":-1.2488888889,"ME_upper_bound":-0.3744444444,"R2":0.7387876958,"R2_lower_bound":0.4336926935,"R2_upper_bound":0.9875999425,"m":0.9512001737,"m_lower_bound":0.7034240466,"m_upper_bound":2.3217102926,"kendall_tau":0.8888888889,"kendall_tau_lower_bound":0.5151515152,"kendall_tau_upper_bound":1.0},"0xi4b":{"name":"EC-RISM\/B3LYP\/6-311+G(d,p)-P3NI-phi-noThiols-2par","RMSE":1.145010917,"RMSE_lower_bound":0.7526486564,"RMSE_upper_bound":1.5041043847,"MAE":0.979,"MAE_lower_bound":0.632,"MAE_upper_bound":1.357,"ME":-0.299,"ME_lower_bound":-0.94,"ME_upper_bound":0.443,"R2":0.7660768276,"R2_lower_bound":0.0228075545,"R2_upper_bound":0.9796971622,"m":1.2621523525,"m_lower_bound":0.0912010587,"m_upper_bound":2.0970086826,"kendall_tau":0.5111111111,"kendall_tau_lower_bound":-0.1351351351,"kendall_tau_upper_bound":1.0},"cywyk":{"name":"EC-RISM\/B3LYP\/6-311+G(d,p)-P2-phi-noThiols-2par","RMSE":1.1706323078,"RMSE_lower_bound":0.8784930279,"RMSE_upper_bound":1.4119985836,"MAE":1.058,"MAE_lower_bound":0.736,"MAE_upper_bound":1.353,"ME":-0.474,"ME_lower_bound":-1.087,"ME_upper_bound":0.237,"R2":0.7284001321,"R2_lower_bound":0.0206278302,"R2_upper_bound":0.9798541642,"m":1.1543175065,"m_lower_bound":-0.0416138456,"m_upper_bound":1.9950996728,"kendall_tau":0.5555555556,"kendall_tau_lower_bound":-0.0810810811,"kendall_tau_upper_bound":1.0},"eyetm":{"name":"ReSCoSS conformations \/\/ DSD-BLYP-D3 reranking \/\/ COSMOtherm pKa","RMSE":1.1707215249,"RMSE_lower_bound":0.7656587578,"RMSE_upper_bound":1.5196381148,"MAE":1.0011111111,"MAE_lower_bound":0.61,"MAE_upper_bound":1.4133333333,"ME":-0.8855555556,"ME_lower_bound":-1.3844444444,"ME_upper_bound":-0.3766666667,"R2":0.6725356023,"R2_lower_bound":0.3011234724,"R2_upper_bound":0.9413252125,"m":0.9255646698,"m_lower_bound":0.6481281152,"m_upper_bound":2.5939528257,"kendall_tau":0.7222222222,"kendall_tau_lower_bound":0.2903225806,"kendall_tau_upper_bound":1.0},"nb008":{"name":"Epik Microscopic","RMSE":1.2584911601,"RMSE_lower_bound":0.7362550024,"RMSE_upper_bound":1.7125503121,"MAE":1.0857142857,"MAE_lower_bound":0.6257142857,"MAE_upper_bound":1.5657142857,"ME":0.4657142857,"ME_lower_bound":-0.4014285714,"ME_upper_bound":1.32,"R2":0.7868526127,"R2_lower_bound":0.0126415384,"R2_upper_bound":0.9909587202,"m":1.2121004895,"m_lower_bound":-0.5884217551,"m_upper_bound":1.8491757038,"kendall_tau":0.5238095238,"kendall_tau_lower_bound":-0.2,"kendall_tau_upper_bound":1.0},"y4wws":{"name":"microscopic pKa prediction with Gaussian and global fitting","RMSE":1.4136725222,"RMSE_lower_bound":0.9454364072,"RMSE_upper_bound":1.8007998223,"MAE":1.215,"MAE_lower_bound":0.775,"MAE_upper_bound":1.659,"ME":-0.713,"ME_lower_bound":-1.439,"ME_upper_bound":0.064,"R2":0.8675138303,"R2_lower_bound":0.0544659745,"R2_upper_bound":0.9836043734,"m":1.5549039986,"m_lower_bound":0.4108247705,"m_upper_bound":2.0160672298,"kendall_tau":0.5555555556,"kendall_tau_lower_bound":-0.1052631579,"kendall_tau_upper_bound":1.0},"ktpj5":{"name":"EC-RISM\/MP2\/6-311+G(d,p)-P2-phi-all-2par","RMSE":1.4558262259,"RMSE_lower_bound":0.8284382898,"RMSE_upper_bound":2.0958983754,"MAE":1.155,"MAE_lower_bound":0.673,"MAE_upper_bound":1.769,"ME":0.943,"ME_lower_bound":0.288,"ME_upper_bound":1.685,"R2":0.7731535101,"R2_lower_bound":0.0144582641,"R2_upper_bound":0.9755385341,"m":1.2799407055,"m_lower_bound":-0.2617436233,"m_upper_bound":1.6036406411,"kendall_tau":0.4222222222,"kendall_tau_lower_bound":-0.2682926829,"kendall_tau_upper_bound":0.9473684211},"wuuvc":{"name":"EC-RISM\/MP2\/6-311+G(d,p)-P2-phi-noThiols-2par","RMSE":1.4664310417,"RMSE_lower_bound":0.8369408581,"RMSE_upper_bound":2.090385132,"MAE":1.18,"MAE_lower_bound":0.699,"MAE_upper_bound":1.768,"ME":0.99,"ME_lower_bound":0.357,"ME_upper_bound":1.679,"R2":0.7790940498,"R2_lower_bound":0.0147081495,"R2_upper_bound":0.9775621069,"m":1.2712742003,"m_lower_bound":-0.2432292923,"m_upper_bound":1.5824406011,"kendall_tau":0.4666666667,"kendall_tau_lower_bound":-0.2,"kendall_tau_upper_bound":1.0},"xnoe0":{"name":"EC-RISM\/MP2\/cc-pVTZ-P2-phi-all-2par","RMSE":1.5400519472,"RMSE_lower_bound":1.0939012753,"RMSE_upper_bound":2.0046121819,"MAE":1.392,"MAE_lower_bound":1.018,"MAE_upper_bound":1.829,"ME":0.908,"ME_lower_bound":0.11,"ME_upper_bound":1.638,"R2":0.8151604343,"R2_lower_bound":0.0101835052,