{"3vqbi":{"name":"cosmoquick_TZVP18+ML","category":"Mixed","reassigned_category":"Mixed","type":"Standard","RMSE":0.4091343411,"RMSE_lower_bound":0.2870064934,"RMSE_upper_bound":0.5489411295,"MAE":0.3554545455,"MAE_lower_bound":0.2436363636,"MAE_upper_bound":0.4981818182,"ME":-0.0790909091,"ME_lower_bound":-0.3181818182,"ME_upper_bound":0.1745454545,"R2":0.6602947395,"R2_lower_bound":0.2654015811,"R2_upper_bound":0.9263242024,"m":0.7835093737,"m_lower_bound":0.5137663512,"m_upper_bound":1.1087976758,"kendall_tau":0.5636363636,"kendall_tau_lower_bound":0.12,"kendall_tau_upper_bound":0.914893617,"ES":1.0621980426,"ES_lower_bound":0.8616083171,"ES_upper_bound":1.2503010922},"yd6ub":{"name":"S+logP","category":"Empirical","reassigned_category":"Empirical","type":"Standard","RMSE":0.5078117045,"RMSE_lower_bound":0.3084860392,"RMSE_upper_bound":0.6463674722,"MAE":0.4054545455,"MAE_lower_bound":0.2181818182,"MAE_upper_bound":0.5836363636,"ME":0.0854545455,"ME_lower_bound":-0.2045454545,"ME_upper_bound":0.3836363636,"R2":0.6329498838,"R2_lower_bound":0.1605339909,"R2_upper_bound":0.9111534652,"m":0.9860259019,"m_lower_bound":0.4339672052,"m_upper_bound":1.4065000966,"kendall_tau":0.5272727273,"kendall_tau_lower_bound":-0.04,"kendall_tau_upper_bound":0.8636363636,"ES":0.7284909395,"ES_lower_bound":0.359344934,"ES_upper_bound":1.1319960685},"0a7a8":{"name":"ML Prediction using MD Feature Vector Trained on logP_octanol_water, with Additional Meta-learner","category":"Mixed","reassigned_category":"Mixed","type":"Standard","RMSE":0.5284109971,"RMSE_lower_bound":0.3468560089,"RMSE_upper_bound":0.6949231481,"MAE":0.4290909091,"MAE_lower_bound":0.2563636364,"MAE_upper_bound":0.63,"ME":0.3163636364,"ME_lower_bound":0.0736363636,"ME_upper_bound":0.5581818182,"R2":0.6195061149,"R2_lower_bound":0.1360995217,"R2_upper_bound":0.9098272295,"m":0.738125179,"m_lower_bound":0.3221829744,"m_upper_bound":1.0319195875,"kendall_tau":0.4545454545,"kendall_tau_lower_bound":-0.125,"kendall_tau_upper_bound":0.8367346939,"ES":1.0061325913,"ES_lower_bound":0.7421404543,"ES_upper_bound":1.2644489666},"REF13":{"name":"SlogP (MOE)","category":"Empirical","reassigned_category":"Empirical","type":"Reference","RMSE":0.5519057891,"RMSE_lower_bound":0.3681526363,"RMSE_upper_bound":0.7086093936,"MAE":0.4727272727,"MAE_lower_bound":0.3054545455,"MAE_upper_bound":0.6454545455,"ME":-0.2727272727,"ME_lower_bound":-0.5463636364,"ME_upper_bound":0.0236363636,"R2":0.6858124464,"R2_lower_bound":0.3151884222,"R2_upper_bound":0.9307397577,"m":1.0598624169,"m_lower_bound":0.5713928743,"m_upper_bound":1.5405039158,"kendall_tau":0.6,"kendall_tau_lower_bound":0.0697674419,"kendall_tau_upper_bound":0.9555555556,"ES":0.0107977906,"ES_lower_bound":0.0,"ES_upper_bound":0.1629358916},"arw58":{"name":"DLPNO-CCSD(T)\/cc-pVTZ\/\/B3LYP-D3\/cc-pVTZ","category":"Other","reassigned_category":"Physical (QM)","type":"Standard","RMSE":1.4057835085,"RMSE_lower_bound":0.8083203685,"RMSE_upper_bound":1.8965710686,"MAE":1.0936363636,"MAE_lower_bound":0.6,"MAE_upper_bound":1.6427272727,"ME":1.01,"ME_lower_bound":0.4363636364,"ME_upper_bound":1.6009090909,"R2":0.0874294217,"R2_lower_bound":0.0001195776,"R2_upper_bound":0.5430713323,"m":-0.2417731032,"m_lower_bound":-0.7719299348,"m_upper_bound":0.3112801467,"kendall_tau":-0.2,"kendall_tau_lower_bound":-0.64,"kendall_tau_upper_bound":0.375,"ES":0.0,"ES_lower_bound":0.0,"ES_upper_bound":0.0},"3oqhx":{"name":"MD-CHARMM-dryoct","category":"Physical","reassigned_category":"Physical (MM)","type":"Standard","RMSE":2.1433024645,"RMSE_lower_bound":1.253645593,"RMSE_upper_bound":2.8428602754,"MAE":1.6418181818,"MAE_lower_bound":0.8709090909,"MAE_upper_bound":2.4690909091,"ME":1.1054545455,"ME_lower_bound":0.0881818182,"ME_upper_bound":2.1527272727,"R2":0.0331352581,"R2_lower_bound":0.0001669252,"R2_upper_bound":0.3913089567,"m":-0.4353065484,"m_lower_bound":-2.0853532281,"m_upper_bound":0.9938816116,"kendall_tau":0.0,"kendall_tau_lower_bound":-0.4849533856,"kendall_tau_upper_bound":0.4893617021,"ES":0.7452413583,"ES_lower_bound":0.3971925744,"ES_upper_bound":1.1292827775},"REF01":{"name":"YANK-GAFF-TIP3P-FB-wet-oct","category":"Physical","reassigned_category":"Physical (MM)","type":"Reference","RMSE":2.3996458072,"RMSE_lower_bound":1.116606059,"RMSE_upper_bound":3.6700433488,"MAE":1.8209090909,"MAE_lower_bound":1.0590909091,"MAE_upper_bound":2.9290909091,"ME":-1.8209090909,"ME_lower_bound":-2.9018181818,"ME_upper_bound":-1.0545454545,"R2":0.1522808976,"R2_lower_bound":0.0034566343,"R2_upper_bound":0.8616286106,"m":0.9937961106,"m_lower_bound":-0.2253039388,"m_upper_bound":2.163550819,"kendall_tau":0.4181818182,"kendall_tau_lower_bound":-0.0833333333,"kendall_tau_upper_bound":0.7959183673,"ES":0.8755623849,"ES_lower_bound":0.6212605728,"ES_upper_bound":1.1182911804},"eg52i":{"name":"ARROW_2017","category":"Physical","reassigned_category":"Physical (MM)","type":"Standard","RMSE":2.8615571095,"RMSE_lower_bound":2.0243966553,"RMSE_upper_bound":3.5617385949,"MAE":2.4109090909,"MAE_lower_bound":1.4918181818,"MAE_upper_bound":3.3281818182,"ME":2.0618181818,"ME_lower_bound":0.9327272727,"ME_upper_bound":3.2372727273,"R2":0.1471175625,"R2_lower_bound":0.0028470247,"R2_upper_bound":0.5962126731,"m":-0.9384150039,"m_lower_bound":-2.0916522217,"m_upper_bound":0.1650921273,"kendall_tau":-0.1636363636,"kendall_tau_lower_bound":-0.625,"kendall_tau_upper_bound":0.32,"ES":0.9562412614,"ES_lower_bound":0.6825864861,"ES_upper_bound":1.2063623905}}