{"3vqbi":{"name":"cosmoquick_TZVP18+ML","category":"Mixed","reassigned_category":"Mixed","type":"Standard","RMSE":0.4091343411,"RMSE_lower_bound":0.2828748519,"RMSE_upper_bound":0.5335643439,"MAE":0.3554545455,"MAE_lower_bound":0.2481818182,"MAE_upper_bound":0.4836363636,"ME":-0.0790909091,"ME_lower_bound":-0.31,"ME_upper_bound":0.19,"R2":0.6602947395,"R2_lower_bound":0.3193456847,"R2_upper_bound":0.9269607251,"m":0.7835093737,"m_lower_bound":0.539369935,"m_upper_bound":1.1331529726,"kendall_tau":0.5636363636,"kendall_tau_lower_bound":0.16,"kendall_tau_upper_bound":0.9166666667,"ES":1.0621980426,"ES_lower_bound":0.8676716918,"ES_upper_bound":1.2533189363},"yd6ub":{"name":"S+logP","category":"Empirical","reassigned_category":"Empirical","type":"Standard","RMSE":0.5078117045,"RMSE_lower_bound":0.3249475482,"RMSE_upper_bound":0.6640714638,"MAE":0.4054545455,"MAE_lower_bound":0.2245454545,"MAE_upper_bound":0.6018181818,"ME":0.0854545455,"ME_lower_bound":-0.1854545455,"ME_upper_bound":0.3981818182,"R2":0.6329498838,"R2_lower_bound":0.2309257828,"R2_upper_bound":0.9036247504,"m":0.9860259019,"m_lower_bound":0.4925004462,"m_upper_bound":1.4230216464,"kendall_tau":0.5272727273,"kendall_tau_lower_bound":0.04,"kendall_tau_upper_bound":0.88,"ES":0.7284909395,"ES_lower_bound":0.3738804214,"ES_upper_bound":1.0826030981},"0a7a8":{"name":"ML Prediction using MD Feature Vector Trained on logP_octanol_water, with Additional Meta-learner","category":"Mixed","reassigned_category":"Mixed","type":"Standard","RMSE":0.5284109971,"RMSE_lower_bound":0.3085449724,"RMSE_upper_bound":0.6782933128,"MAE":0.4290909091,"MAE_lower_bound":0.2390909091,"MAE_upper_bound":0.6009090909,"ME":0.3163636364,"ME_lower_bound":0.0645454545,"ME_upper_bound":0.5472727273,"R2":0.6195061149,"R2_lower_bound":0.125244454,"R2_upper_bound":0.9166397142,"m":0.738125179,"m_lower_bound":0.3634391534,"m_upper_bound":1.012017185,"kendall_tau":0.4545454545,"kendall_tau_lower_bound":-0.1764705882,"kendall_tau_upper_bound":0.8666666667,"ES":1.0061325913,"ES_lower_bound":0.7429710536,"ES_upper_bound":1.2634799341},"REF13":{"name":"SlogP (MOE)","category":"Empirical","reassigned_category":"Empirical","type":"Reference","RMSE":0.5519057891,"RMSE_lower_bound":0.3766599624,"RMSE_upper_bound":0.7054141272,"MAE":0.4727272727,"MAE_lower_bound":0.3145454545,"MAE_upper_bound":0.6490909091,"ME":-0.2727272727,"ME_lower_bound":-0.5418181818,"ME_upper_bound":0.0090909091,"R2":0.6858124464,"R2_lower_bound":0.3191247381,"R2_upper_bound":0.9081004142,"m":1.0598624169,"m_lower_bound":0.554602734,"m_upper_bound":1.5489565865,"kendall_tau":0.6,"kendall_tau_lower_bound":0.137254902,"kendall_tau_upper_bound":0.96,"ES":0.0107977906,"ES_lower_bound":0.0,"ES_upper_bound":0.1587275219},"arw58":{"name":"DLPNO-CCSD(T)\/cc-pVTZ\/\/B3LYP-D3\/cc-pVTZ","category":"Other","reassigned_category":"Physical (QM)","type":"Standard","RMSE":1.4057835085,"RMSE_lower_bound":0.795452987,"RMSE_upper_bound":1.9068393649,"MAE":1.0936363636,"MAE_lower_bound":0.5827272727,"MAE_upper_bound":1.6363636364,"ME":1.01,"ME_lower_bound":0.4345454545,"ME_upper_bound":1.6036363636,"R2":0.0874294217,"R2_lower_bound":0.0001827552,"R2_upper_bound":0.5630819677,"m":-0.2417731032,"m_lower_bound":-0.7001665648,"m_upper_bound":0.2798141239,"kendall_tau":-0.2,"kendall_tau_lower_bound":-0.6595744681,"kendall_tau_upper_bound":0.3333333333,"ES":0.0,"ES_lower_bound":0.0,"ES_upper_bound":0.0},"3oqhx":{"name":"MD-CHARMM-dryoct","category":"Physical","reassigned_category":"Physical (MM)","type":"Standard","RMSE":2.1433024645,"RMSE_lower_bound":1.1853231243,"RMSE_upper_bound":2.9006723359,"MAE":1.6418181818,"MAE_lower_bound":0.7918181818,"MAE_upper_bound":2.5354545455,"ME":1.1054545455,"ME_lower_bound":0.02,"ME_upper_bound":2.2572727273,"R2":0.0331352581,"R2_lower_bound":0.0001483983,"R2_upper_bound":0.4168734432,"m":-0.4353065484,"m_lower_bound":-2.0843222483,"m_upper_bound":1.0273959654,"kendall_tau":0.0,"kendall_tau_lower_bound":-0.5106296064,"kendall_tau_upper_bound":0.5294117647,"ES":0.7452413583,"ES_lower_bound":0.3922920387,"ES_upper_bound":1.113058405},"REF01":{"name":"YANK-GAFF-TIP3P-FB-wet-oct","category":"Physical","reassigned_category":"Physical (MM)","type":"Reference","RMSE":2.3996458072,"RMSE_lower_bound":1.1201217466,"RMSE_upper_bound":3.6089837401,"MAE":1.8209090909,"MAE_lower_bound":1.0636363636,"MAE_upper_bound":2.8736363636,"ME":-1.8209090909,"ME_lower_bound":-2.8490909091,"ME_upper_bound":-1.0618181818,"R2":0.1522808976,"R2_lower_bound":0.0022576588,"R2_upper_bound":0.8604119753,"m":0.9937961106,"m_lower_bound":-0.1885002357,"m_upper_bound":1.9883949646,"kendall_tau":0.4181818182,"kendall_tau_lower_bound":-0.08,"kendall_tau_upper_bound":0.8,"ES":0.8755623849,"ES_lower_bound":0.5990835721,"ES_upper_bound":1.1179866274},"eg52i":{"name":"ARROW_2017","category":"Physical","reassigned_category":"Physical (MM)","type":"Standard","RMSE":2.8615571095,"RMSE_lower_bound":1.9750972358,"RMSE_upper_bound":3.5897530936,"MAE":2.4109090909,"MAE_lower_bound":1.4763636364,"MAE_upper_bound":3.3490909091,"ME":2.0618181818,"ME_lower_bound":0.7945454545,"ME_upper_bound":3.2472727273,"R2":0.1471175625,"R2_lower_bound":0.0023483955,"R2_upper_bound":0.5785088465,"m":-0.9384150039,"m_lower_bound":-2.2864238699,"m_upper_bound":0.3897947186,"kendall_tau":-0.1636363636,"kendall_tau_lower_bound":-0.5918367347,"kendall_tau_upper_bound":0.3333333333,"ES":0.9562412614,"ES_lower_bound":0.6946301757,"ES_upper_bound":1.2128687515}}