{"3vqbi":{"name":"cosmoquick_TZVP18+ML","category":"Mixed","reassigned_category":"Mixed","type":"Standard","RMSE":0.4091343411,"RMSE_lower_bound":0.2775378762,"RMSE_upper_bound":0.5262733476,"MAE":0.3554545455,"MAE_lower_bound":0.2336363636,"MAE_upper_bound":0.4790909091,"ME":-0.0790909091,"ME_lower_bound":-0.3145454545,"ME_upper_bound":0.1909090909,"R2":0.6602947395,"R2_lower_bound":0.2960131472,"R2_upper_bound":0.9273119971,"m":0.7835093737,"m_lower_bound":0.5004463673,"m_upper_bound":1.0910751207,"kendall_tau":0.5636363636,"kendall_tau_lower_bound":0.125,"kendall_tau_upper_bound":0.8823529412,"ES":1.0621980426,"ES_lower_bound":0.8405664687,"ES_upper_bound":1.2582748453},"yd6ub":{"name":"S+logP","category":"Empirical","reassigned_category":"Empirical","type":"Standard","RMSE":0.5078117045,"RMSE_lower_bound":0.3184764869,"RMSE_upper_bound":0.651362209,"MAE":0.4054545455,"MAE_lower_bound":0.2227272727,"MAE_upper_bound":0.5845454545,"ME":0.0854545455,"ME_lower_bound":-0.2009090909,"ME_upper_bound":0.3854545455,"R2":0.6329498838,"R2_lower_bound":0.20136565,"R2_upper_bound":0.9171544012,"m":0.9860259019,"m_lower_bound":0.481317891,"m_upper_bound":1.4379088454,"kendall_tau":0.5272727273,"kendall_tau_lower_bound":-0.04,"kendall_tau_upper_bound":0.8775510204,"ES":0.7284909395,"ES_lower_bound":0.3406564503,"ES_upper_bound":1.0891648324},"0a7a8":{"name":"ML Prediction using MD Feature Vector Trained on logP_octanol_water, with Additional Meta-learner","category":"Mixed","reassigned_category":"Mixed","type":"Standard","RMSE":0.5284109971,"RMSE_lower_bound":0.3475237075,"RMSE_upper_bound":0.6818757551,"MAE":0.4290909091,"MAE_lower_bound":0.2572727273,"MAE_upper_bound":0.6190909091,"ME":0.3163636364,"ME_lower_bound":0.0590909091,"ME_upper_bound":0.5627272727,"R2":0.6195061149,"R2_lower_bound":0.1014107323,"R2_upper_bound":0.8986019063,"m":0.738125179,"m_lower_bound":0.2795296784,"m_upper_bound":1.0055745025,"kendall_tau":0.4545454545,"kendall_tau_lower_bound":-0.1818181818,"kendall_tau_upper_bound":0.8636363636,"ES":1.0061325913,"ES_lower_bound":0.7282694464,"ES_upper_bound":1.2632307543},"REF13":{"name":"SlogP (MOE)","category":"Empirical","reassigned_category":"Empirical","type":"Reference","RMSE":0.5519057891,"RMSE_lower_bound":0.3655879449,"RMSE_upper_bound":0.7148680743,"MAE":0.4727272727,"MAE_lower_bound":0.3081818182,"MAE_upper_bound":0.6454545455,"ME":-0.2727272727,"ME_lower_bound":-0.5581818182,"ME_upper_bound":0.0427272727,"R2":0.6858124464,"R2_lower_bound":0.272872951,"R2_upper_bound":0.9309919726,"m":1.0598624169,"m_lower_bound":0.4974718776,"m_upper_bound":1.5446026052,"kendall_tau":0.6,"kendall_tau_lower_bound":0.0638297872,"kendall_tau_upper_bound":0.9583333333,"ES":0.0107977906,"ES_lower_bound":0.0,"ES_upper_bound":0.1643479104},"arw58":{"name":"DLPNO-CCSD(T)\/cc-pVTZ\/\/B3LYP-D3\/cc-pVTZ","category":"Other","reassigned_category":"Physical (QM)","type":"Standard","RMSE":1.4057835085,"RMSE_lower_bound":0.7932384715,"RMSE_upper_bound":1.9050936508,"MAE":1.0936363636,"MAE_lower_bound":0.6154545455,"MAE_upper_bound":1.6545454545,"ME":1.01,"ME_lower_bound":0.4690909091,"ME_upper_bound":1.61,"R2":0.0874294217,"R2_lower_bound":0.0003090952,"R2_upper_bound":0.5232947013,"m":-0.2417731032,"m_lower_bound":-0.689608363,"m_upper_bound":0.2402736734,"kendall_tau":-0.2,"kendall_tau_lower_bound":-0.6595744681,"kendall_tau_upper_bound":0.3461538462,"ES":0.0,"ES_lower_bound":0.0,"ES_upper_bound":0.0},"3oqhx":{"name":"MD-CHARMM-dryoct","category":"Physical","reassigned_category":"Physical (MM)","type":"Standard","RMSE":2.1433024645,"RMSE_lower_bound":1.2277510852,"RMSE_upper_bound":2.8246753635,"MAE":1.6418181818,"MAE_lower_bound":0.8909090909,"MAE_upper_bound":2.4181818182,"ME":1.1054545455,"ME_lower_bound":-0.0018181818,"ME_upper_bound":2.09,"R2":0.0331352581,"R2_lower_bound":0.000089595,"R2_upper_bound":0.3748718035,"m":-0.4353065484,"m_lower_bound":-1.832131414,"m_upper_bound":0.9638135846,"kendall_tau":0.0,"kendall_tau_lower_bound":-0.4697792379,"kendall_tau_upper_bound":0.5102040816,"ES":0.7452413583,"ES_lower_bound":0.3961681687,"ES_upper_bound":1.0963633595},"REF01":{"name":"YANK-GAFF-TIP3P-FB-wet-oct","category":"Physical","reassigned_category":"Physical (MM)","type":"Reference","RMSE":2.3996458072,"RMSE_lower_bound":1.1308363759,"RMSE_upper_bound":3.6177102251,"MAE":1.8209090909,"MAE_lower_bound":1.0663636364,"MAE_upper_bound":2.8463636364,"ME":-1.8209090909,"ME_lower_bound":-2.8218181818,"ME_upper_bound":-1.0609090909,"R2":0.1522808976,"R2_lower_bound":0.0009882788,"R2_upper_bound":0.8478098793,"m":0.9937961106,"m_lower_bound":-0.1531201527,"m_upper_bound":1.9822764596,"kendall_tau":0.4181818182,"kendall_tau_lower_bound":-0.08,"kendall_tau_upper_bound":0.7959183673,"ES":0.8755623849,"ES_lower_bound":0.608081731,"ES_upper_bound":1.1407727342},"eg52i":{"name":"ARROW_2017","category":"Physical","reassigned_category":"Physical (MM)","type":"Standard","RMSE":2.8615571095,"RMSE_lower_bound":1.9802318505,"RMSE_upper_bound":3.5344036401,"MAE":2.4109090909,"MAE_lower_bound":1.4809090909,"MAE_upper_bound":3.3354545455,"ME":2.0618181818,"ME_lower_bound":0.8409090909,"ME_upper_bound":3.21,"R2":0.1471175625,"R2_lower_bound":0.0034578671,"R2_upper_bound":0.5998743472,"m":-0.9384150039,"m_lower_bound":-2.1828801916,"m_upper_bound":0.2440237574,"kendall_tau":-0.1636363636,"kendall_tau_lower_bound":-0.6595744681,"kendall_tau_upper_bound":0.3469387755,"ES":0.9562412614,"ES_lower_bound":0.6967066739,"ES_upper_bound":1.2226698229}}