{"3vqbi":{"name":"cosmoquick_TZVP18+ML","category":"Mixed","reassigned_category":"Mixed","type":"Standard","RMSE":0.4091343411,"RMSE_lower_bound":0.2902663354,"RMSE_upper_bound":0.5330359019,"MAE":0.3554545455,"MAE_lower_bound":0.2472727273,"MAE_upper_bound":0.4872727273,"ME":-0.0790909091,"ME_lower_bound":-0.3018181818,"ME_upper_bound":0.1763636364,"R2":0.6602947395,"R2_lower_bound":0.257895799,"R2_upper_bound":0.9281441202,"m":0.7835093737,"m_lower_bound":0.4805786294,"m_upper_bound":1.1325225824,"kendall_tau":0.5636363636,"kendall_tau_lower_bound":0.12,"kendall_tau_upper_bound":0.9166666667,"ES":1.0621980426,"ES_lower_bound":0.8541606102,"ES_upper_bound":1.2633415009},"yd6ub":{"name":"S+logP","category":"Empirical","reassigned_category":"Empirical","type":"Standard","RMSE":0.5078117045,"RMSE_lower_bound":0.3282183309,"RMSE_upper_bound":0.6581724007,"MAE":0.4054545455,"MAE_lower_bound":0.2345454545,"MAE_upper_bound":0.5936363636,"ME":0.0854545455,"ME_lower_bound":-0.2363636364,"ME_upper_bound":0.3927272727,"R2":0.6329498838,"R2_lower_bound":0.1923431011,"R2_upper_bound":0.8960733137,"m":0.9860259019,"m_lower_bound":0.4600714738,"m_upper_bound":1.4043025184,"kendall_tau":0.5272727273,"kendall_tau_lower_bound":-0.04,"kendall_tau_upper_bound":0.8846153846,"ES":0.7284909395,"ES_lower_bound":0.3713332503,"ES_upper_bound":1.0905768512},"0a7a8":{"name":"ML Prediction using MD Feature Vector Trained on logP_octanol_water, with Additional Meta-learner","category":"Mixed","reassigned_category":"Mixed","type":"Standard","RMSE":0.5284109971,"RMSE_lower_bound":0.3378272824,"RMSE_upper_bound":0.6922886944,"MAE":0.4290909091,"MAE_lower_bound":0.2509090909,"MAE_upper_bound":0.6290909091,"ME":0.3163636364,"ME_lower_bound":0.0554545455,"ME_upper_bound":0.5772727273,"R2":0.6195061149,"R2_lower_bound":0.0810865459,"R2_upper_bound":0.9109153627,"m":0.738125179,"m_lower_bound":0.2870502957,"m_upper_bound":1.0303586223,"kendall_tau":0.4545454545,"kendall_tau_lower_bound":-0.2156862745,"kendall_tau_upper_bound":0.8695652174,"ES":1.0061325913,"ES_lower_bound":0.7238395836,"ES_upper_bound":1.2621786619},"REF13":{"name":"SlogP (MOE)","category":"Empirical","reassigned_category":"Empirical","type":"Reference","RMSE":0.5519057891,"RMSE_lower_bound":0.3708221823,"RMSE_upper_bound":0.7136462072,"MAE":0.4727272727,"MAE_lower_bound":0.3036363636,"MAE_upper_bound":0.6481818182,"ME":-0.2727272727,"ME_lower_bound":-0.5454545455,"ME_upper_bound":0.0254545455,"R2":0.6858124464,"R2_lower_bound":0.2944721848,"R2_upper_bound":0.9227986879,"m":1.0598624169,"m_lower_bound":0.554245812,"m_upper_bound":1.5659924632,"kendall_tau":0.6,"kendall_tau_lower_bound":0.0638297872,"kendall_tau_upper_bound":0.92,"ES":0.0107977906,"ES_lower_bound":0.0,"ES_upper_bound":0.1660921688},"arw58":{"name":"DLPNO-CCSD(T)\/cc-pVTZ\/\/B3LYP-D3\/cc-pVTZ","category":"Other","reassigned_category":"Physical (QM)","type":"Standard","RMSE":1.4057835085,"RMSE_lower_bound":0.7915577278,"RMSE_upper_bound":1.9053203023,"MAE":1.0936363636,"MAE_lower_bound":0.5809090909,"MAE_upper_bound":1.6445454545,"ME":1.01,"ME_lower_bound":0.4618181818,"ME_upper_bound":1.5981818182,"R2":0.0874294217,"R2_lower_bound":0.0005608993,"R2_upper_bound":0.5529221786,"m":-0.2417731032,"m_lower_bound":-0.7241727871,"m_upper_bound":0.2622295141,"kendall_tau":-0.2,"kendall_tau_lower_bound":-0.6470588235,"kendall_tau_upper_bound":0.4042553191,"ES":0.0,"ES_lower_bound":0.0,"ES_upper_bound":0.0},"3oqhx":{"name":"MD-CHARMM-dryoct","category":"Physical","reassigned_category":"Physical (MM)","type":"Standard","RMSE":2.1433024645,"RMSE_lower_bound":1.2116630195,"RMSE_upper_bound":2.8505485915,"MAE":1.6418181818,"MAE_lower_bound":0.8409090909,"MAE_upper_bound":2.48,"ME":1.1054545455,"ME_lower_bound":0.0527272727,"ME_upper_bound":2.2427272727,"R2":0.0331352581,"R2_lower_bound":0.0001218379,"R2_upper_bound":0.4730699559,"m":-0.4353065484,"m_lower_bound":-2.0517864408,"m_upper_bound":1.1481445596,"kendall_tau":0.0,"kendall_tau_lower_bound":-0.5332285519,"kendall_tau_upper_bound":0.5296199397,"ES":0.7452413583,"ES_lower_bound":0.3827955203,"ES_upper_bound":1.1117848194},"REF01":{"name":"YANK-GAFF-TIP3P-FB-wet-oct","category":"Physical","reassigned_category":"Physical (MM)","type":"Reference","RMSE":2.3996458072,"RMSE_lower_bound":1.1379167568,"RMSE_upper_bound":3.6798616575,"MAE":1.8209090909,"MAE_lower_bound":1.0609090909,"MAE_upper_bound":2.9563636364,"ME":-1.8209090909,"ME_lower_bound":-2.9490909091,"ME_upper_bound":-1.0472727273,"R2":0.1522808976,"R2_lower_bound":0.0022947261,"R2_upper_bound":0.8514003866,"m":0.9937961106,"m_lower_bound":-0.5080526413,"m_upper_bound":2.1292998562,"kendall_tau":0.4181818182,"kendall_tau_lower_bound":-0.0833333333,"kendall_tau_upper_bound":0.7916666667,"ES":0.8755623849,"ES_lower_bound":0.5991112588,"ES_upper_bound":1.1270955328},"eg52i":{"name":"ARROW_2017","category":"Physical","reassigned_category":"Physical (MM)","type":"Standard","RMSE":2.8615571095,"RMSE_lower_bound":2.0027095283,"RMSE_upper_bound":3.5321034166,"MAE":2.4109090909,"MAE_lower_bound":1.5409090909,"MAE_upper_bound":3.2645454545,"ME":2.0618181818,"ME_lower_bound":0.9372727273,"ME_upper_bound":3.2045454545,"R2":0.1471175625,"R2_lower_bound":0.0026609622,"R2_upper_bound":0.5375465024,"m":-0.9384150039,"m_lower_bound":-2.1191274198,"m_upper_bound":0.0912163655,"kendall_tau":-0.1636363636,"kendall_tau_lower_bound":-0.6,"kendall_tau_upper_bound":0.28,"ES":0.9562412614,"ES_lower_bound":0.7296814652,"ES_upper_bound":1.2169386879}}