{"3vqbi":{"name":"cosmoquick_TZVP18+ML","category":"Mixed","reassigned_category":"Mixed","type":"Standard","RMSE":0.4091343411,"RMSE_lower_bound":0.2844931698,"RMSE_upper_bound":0.5317979794,"MAE":0.3554545455,"MAE_lower_bound":0.2436363636,"MAE_upper_bound":0.4890909091,"ME":-0.0790909091,"ME_lower_bound":-0.3154545455,"ME_upper_bound":0.1727272727,"R2":0.6602947395,"R2_lower_bound":0.2504777257,"R2_upper_bound":0.9326539389,"m":0.7835093737,"m_lower_bound":0.5029684327,"m_upper_bound":1.1394992408,"kendall_tau":0.5636363636,"kendall_tau_lower_bound":0.0869565217,"kendall_tau_upper_bound":0.9183673469,"ES":1.0621980426,"ES_lower_bound":0.8412032615,"ES_upper_bound":1.2612373161},"yd6ub":{"name":"S+logP","category":"Empirical","reassigned_category":"Empirical","type":"Standard","RMSE":0.5078117045,"RMSE_lower_bound":0.3293795821,"RMSE_upper_bound":0.6685941832,"MAE":0.4054545455,"MAE_lower_bound":0.2336363636,"MAE_upper_bound":0.61,"ME":0.0854545455,"ME_lower_bound":-0.2327272727,"ME_upper_bound":0.42,"R2":0.6329498838,"R2_lower_bound":0.1978361488,"R2_upper_bound":0.9093245296,"m":0.9860259019,"m_lower_bound":0.4282987265,"m_upper_bound":1.4012467488,"kendall_tau":0.5272727273,"kendall_tau_lower_bound":0.0204081633,"kendall_tau_upper_bound":0.914893617,"ES":0.7284909395,"ES_lower_bound":0.3533369326,"ES_upper_bound":1.1117571328},"0a7a8":{"name":"ML Prediction using MD Feature Vector Trained on logP_octanol_water, with Additional Meta-learner","category":"Mixed","reassigned_category":"Mixed","type":"Standard","RMSE":0.5284109971,"RMSE_lower_bound":0.3432730162,"RMSE_upper_bound":0.6829747766,"MAE":0.4290909091,"MAE_lower_bound":0.2527272727,"MAE_upper_bound":0.61,"ME":0.3163636364,"ME_lower_bound":0.0736363636,"ME_upper_bound":0.5436363636,"R2":0.6195061149,"R2_lower_bound":0.1379696933,"R2_upper_bound":0.9111988979,"m":0.738125179,"m_lower_bound":0.3850198716,"m_upper_bound":1.0030154911,"kendall_tau":0.4545454545,"kendall_tau_lower_bound":-0.1282051282,"kendall_tau_upper_bound":0.8367346939,"ES":1.0061325913,"ES_lower_bound":0.7403408226,"ES_upper_bound":1.2614034359},"REF13":{"name":"SlogP (MOE)","category":"Empirical","reassigned_category":"Empirical","type":"Reference","RMSE":0.5519057891,"RMSE_lower_bound":0.3807050875,"RMSE_upper_bound":0.7185212086,"MAE":0.4727272727,"MAE_lower_bound":0.3181818182,"MAE_upper_bound":0.6572727273,"ME":-0.2727272727,"ME_lower_bound":-0.55,"ME_upper_bound":0.0336363636,"R2":0.6858124464,"R2_lower_bound":0.2812624599,"R2_upper_bound":0.9351726285,"m":1.0598624169,"m_lower_bound":0.5266538846,"m_upper_bound":1.5698083561,"kendall_tau":0.6,"kendall_tau_lower_bound":0.0980392157,"kendall_tau_upper_bound":0.9607843137,"ES":0.0107977906,"ES_lower_bound":0.0,"ES_upper_bound":0.1539654194},"arw58":{"name":"DLPNO-CCSD(T)\/cc-pVTZ\/\/B3LYP-D3\/cc-pVTZ","category":"Other","reassigned_category":"Physical (QM)","type":"Standard","RMSE":1.4057835085,"RMSE_lower_bound":0.7784016257,"RMSE_upper_bound":1.8938344941,"MAE":1.0936363636,"MAE_lower_bound":0.5872727273,"MAE_upper_bound":1.6563636364,"ME":1.01,"ME_lower_bound":0.42,"ME_upper_bound":1.6263636364,"R2":0.0874294217,"R2_lower_bound":0.0002143183,"R2_upper_bound":0.5367989222,"m":-0.2417731032,"m_lower_bound":-0.7322913143,"m_upper_bound":0.2262672017,"kendall_tau":-0.2,"kendall_tau_lower_bound":-0.6170212766,"kendall_tau_upper_bound":0.2888888889,"ES":0.0,"ES_lower_bound":0.0,"ES_upper_bound":0.0},"3oqhx":{"name":"MD-CHARMM-dryoct","category":"Physical","reassigned_category":"Physical (MM)","type":"Standard","RMSE":2.1433024645,"RMSE_lower_bound":1.1956398059,"RMSE_upper_bound":2.8950113832,"MAE":1.6418181818,"MAE_lower_bound":0.8518181818,"MAE_upper_bound":2.5227272727,"ME":1.1054545455,"ME_lower_bound":0.0572727273,"ME_upper_bound":2.2436363636,"R2":0.0331352581,"R2_lower_bound":0.0001549635,"R2_upper_bound":0.3980492019,"m":-0.4353065484,"m_lower_bound":-1.770978769,"m_upper_bound":0.9626870706,"kendall_tau":0.0,"kendall_tau_lower_bound":-0.4948812053,"kendall_tau_upper_bound":0.5107539185,"ES":0.7452413583,"ES_lower_bound":0.3871146365,"ES_upper_bound":1.1148857234},"REF01":{"name":"YANK-GAFF-TIP3P-FB-wet-oct","category":"Physical","reassigned_category":"Physical (MM)","type":"Reference","RMSE":2.3996458072,"RMSE_lower_bound":1.1288368913,"RMSE_upper_bound":3.6810620997,"MAE":1.8209090909,"MAE_lower_bound":1.0645454545,"MAE_upper_bound":2.9254545455,"ME":-1.8209090909,"ME_lower_bound":-2.9090909091,"ME_upper_bound":-1.0554545455,"R2":0.1522808976,"R2_lower_bound":0.0040053349,"R2_upper_bound":0.8613696266,"m":0.9937961106,"m_lower_bound":-0.2297367445,"m_upper_bound":2.2761259031,"kendall_tau":0.4181818182,"kendall_tau_lower_bound":-0.1020408163,"kendall_tau_upper_bound":0.8,"ES":0.8755623849,"ES_lower_bound":0.5960103548,"ES_upper_bound":1.1047247256},"eg52i":{"name":"ARROW_2017","category":"Physical","reassigned_category":"Physical (MM)","type":"Standard","RMSE":2.8615571095,"RMSE_lower_bound":1.9903951184,"RMSE_upper_bound":3.5641166188,"MAE":2.4109090909,"MAE_lower_bound":1.5209090909,"MAE_upper_bound":3.3354545455,"ME":2.0618181818,"ME_lower_bound":0.8672727273,"ME_upper_bound":3.2218181818,"R2":0.1471175625,"R2_lower_bound":0.0025878839,"R2_upper_bound":0.5289873745,"m":-0.9384150039,"m_lower_bound":-2.1605624823,"m_upper_bound":0.3242585784,"kendall_tau":-0.1636363636,"kendall_tau_lower_bound":-0.6,"kendall_tau_upper_bound":0.3333333333,"ES":0.9562412614,"ES_lower_bound":0.7102454421,"ES_upper_bound":1.2105430735}}