{"REF11":{"name":"logP(o\/w) (MOE)","category":"Empirical","type":"Reference","RMSE":0.542628284,"RMSE_lower_bound":0.2530361095,"RMSE_upper_bound":0.8037469072,"MAE":0.3881818182,"MAE_lower_bound":0.1945454545,"MAE_upper_bound":0.6318181818,"ME":0.19,"ME_lower_bound":-0.0972727273,"ME_upper_bound":0.5027272727,"R2":0.5868180914,"R2_lower_bound":0.3669558486,"R2_upper_bound":0.8909183644,"m":0.9011042365,"m_lower_bound":0.3784958324,"m_upper_bound":1.6171961174,"kendall_tau":0.6727272727,"kendall_tau_lower_bound":0.36,"kendall_tau_upper_bound":0.9583333333,"ES":0.0715145978,"ES_lower_bound":0.0,"ES_upper_bound":0.3236568518},"REF13":{"name":"SlogP (MOE)","category":"Empirical","type":"Reference","RMSE":0.5519057891,"RMSE_lower_bound":0.3717526059,"RMSE_upper_bound":0.7038724058,"MAE":0.4727272727,"MAE_lower_bound":0.3081818182,"MAE_upper_bound":0.6418181818,"ME":-0.2727272727,"ME_lower_bound":-0.5463636364,"ME_upper_bound":0.0181818182,"R2":0.6858124464,"R2_lower_bound":0.312324912,"R2_upper_bound":0.9192638414,"m":1.0598624169,"m_lower_bound":0.5390102496,"m_upper_bound":1.5472034208,"kendall_tau":0.6,"kendall_tau_lower_bound":0.0833333333,"kendall_tau_upper_bound":0.9215686275,"ES":0.0107977906,"ES_lower_bound":0.0,"ES_upper_bound":0.1693868793},"REF12":{"name":"MoKa_logP","category":"Empirical","type":"Reference","RMSE":0.5971599451,"RMSE_lower_bound":0.4105760919,"RMSE_upper_bound":0.7609981484,"MAE":0.52,"MAE_lower_bound":0.3518181818,"MAE_upper_bound":0.6972727273,"ME":-0.0818181818,"ME_lower_bound":-0.4318181818,"ME_upper_bound":0.26,"R2":0.6650849212,"R2_lower_bound":0.2227036015,"R2_upper_bound":0.8993080268,"m":1.2137858421,"m_lower_bound":0.7566716393,"m_upper_bound":1.5277302121,"kendall_tau":0.5504818826,"kendall_tau_lower_bound":0.040824829,"kendall_tau_upper_bound":0.88,"ES":0.0,"ES_lower_bound":0.0,"ES_upper_bound":0.0081398729},"REF10":{"name":"h_logP (MOE)","category":"Empirical","type":"Reference","RMSE":0.6049793385,"RMSE_lower_bound":0.3794134229,"RMSE_upper_bound":0.8291178225,"MAE":0.5072727273,"MAE_lower_bound":0.33,"MAE_upper_bound":0.7181818182,"ME":-0.0436363636,"ME_lower_bound":-0.4063636364,"ME_upper_bound":0.29,"R2":0.3771350042,"R2_lower_bound":0.0084958855,"R2_upper_bound":0.8109155351,"m":0.64948118,"m_lower_bound":-0.0238756014,"m_upper_bound":1.2141129466,"kendall_tau":0.3454545455,"kendall_tau_lower_bound":-0.24,"kendall_tau_upper_bound":0.7959183673,"ES":0.0211525949,"ES_lower_bound":0.0,"ES_upper_bound":0.1358029819},"REF09":{"name":"clogP (Biobyte)","category":"Empirical","type":"Reference","RMSE":0.8222198335,"RMSE_lower_bound":0.5229288149,"RMSE_upper_bound":1.1118003418,"MAE":0.6827272727,"MAE_lower_bound":0.4263636364,"MAE_upper_bound":0.9754545455,"ME":-0.2572727273,"ME_lower_bound":-0.73,"ME_upper_bound":0.2027272727,"R2":0.4631155837,"R2_lower_bound":0.0818605735,"R2_upper_bound":0.8976193341,"m":1.0852788309,"m_lower_bound":0.439492832,"m_upper_bound":1.7814745108,"kendall_tau":0.4770842982,"kendall_tau_lower_bound":-0.04,"kendall_tau_upper_bound":0.8695652174,"ES":0.0107977906,"ES_lower_bound":0.0,"ES_upper_bound":0.1643202237},"REF02":{"name":"YANK-GAFF-TIP3P-wet-oct","category":"Physical","type":"Reference","RMSE":1.6150654363,"RMSE_lower_bound":0.4851616413,"RMSE_upper_bound":2.6326378061,"MAE":0.9745454545,"MAE_lower_bound":0.4145454545,"MAE_upper_bound":1.8327272727,"ME":-0.8309090909,"ME_lower_bound":-1.7409090909,"ME_upper_bound":-0.18,"R2":0.2185729852,"R2_lower_bound":0.006587871,"R2_upper_bound":0.8754646611,"m":1.0976847494,"m_lower_bound":0.1001621203,"m_upper_bound":2.0045480567,"kendall_tau":0.5272727273,"kendall_tau_lower_bound":0.1063829787,"kendall_tau_upper_bound":0.9090909091,"ES":1.224524828,"ES_lower_bound":0.9463294434,"ES_upper_bound":1.4221243961},"REF07":{"name":"YANK-GAFF-tip3p-dry-oct","category":"Physical","type":"Reference","RMSE":1.7301996732,"RMSE_lower_bound":0.4590999099,"RMSE_upper_bound":2.8612219259,"MAE":0.9518181818,"MAE_lower_bound":0.3209090909,"MAE_upper_bound":1.9254545455,"ME":-0.7481818182,"ME_lower_bound":-1.8018181818,"ME_upper_bound":-0.0172727273,"R2":0.2175472817,"R2_lower_bound":0.0059474096,"R2_upper_bound":0.8553624489,"m":1.2282677848,"m_lower_bound":0.1005006676,"m_upper_bound":2.3123717492,"kendall_tau":0.4909090909,"kendall_tau_lower_bound":0.08,"kendall_tau_upper_bound":0.8666666667,"ES":1.2331907471,"ES_lower_bound":0.9411243546,"ES_upper_bound":1.4406190733},"REF08":{"name":"YANK-SMIRNOFF-TIP3P-dry-oct","category":"Physical","type":"Reference","RMSE":1.739419966,"RMSE_lower_bound":0.5221372164,"RMSE_upper_bound":2.8607008042,"MAE":1.0509090909,"MAE_lower_bound":0.4745454545,"MAE_upper_bound":1.9772727273,"ME":-0.8309090909,"ME_lower_bound":-1.8445454545,"ME_upper_bound":-0.1190909091,"R2":0.0764947552,"R2_lower_bound":0.0006745905,"R2_upper_bound":0.6954001334,"m":0.6521934051,"m_lower_bound":-0.4245770138,"m_upper_bound":1.6498895692,"kendall_tau":0.3090909091,"kendall_tau_lower_bound":-0.1836734694,"kendall_tau_upper_bound":0.7446808511,"ES":1.2177692872,"ES_lower_bound":0.9378019574,"ES_upper_bound":1.4084748813},"REF05":{"name":"YANK-SMIRNOFF-TIP3P-wet-oct","category":"Physical","type":"Reference","RMSE":1.7729020893,"RMSE_lower_bound":0.5526711993,"RMSE_upper_bound":2.8668465412,"MAE":1.0709090909,"MAE_lower_bound":0.4218181818,"MAE_upper_bound":2.0027272727,"ME":-0.9672727273,"ME_lower_bound":-1.94,"ME_upper_bound":-0.2572727273,"R2":0.0750613675,"R2_lower_bound":0.0005076696,"R2_upper_bound":0.7101556379,"m":0.6260161543,"m_lower_bound":-0.470819698,"m_upper_bound":1.7091452206,"kendall_tau":0.3454545455,"kendall_tau_lower_bound":-0.1538461538,"kendall_tau_upper_bound":0.7777777778,"ES":1.1797832136,"ES_lower_bound":0.8810720268,"ES_upper_bound":1.403463599},"REF06":{"name":"YANK-SMIRNOFF-OPC-wet-oct","category":"Physical","type":"Reference","RMSE":2.3270386956,"RMSE_lower_bound":1.2067725552,"RMSE_upper_bound":3.4553976222,"MAE":1.8454545455,"MAE_lower_bound":1.1672727273,"MAE_upper_bound":2.8290909091,"ME":-1.8454545455,"ME_lower_bound":-2.8281818182,"ME_upper_bound":-1.1672727273,"R2":0.1294243142,"R2_lower_bound":0.0013363957,"R2_upper_bound":0.8852702258,"m":0.81696015,"m_lower_bound":-0.540382982,"m_upper_bound":1.8412207842,"kendall_tau":0.4403855061,"kendall_tau_lower_bound":-0.0454545455,"kendall_tau_upper_bound":0.8340576562,"ES":0.8483741019,"ES_lower_bound":0.585849357,"ES_upper_bound":1.0942868613},"REF03":{"name":"YANK-GAFF-OPC-wet-oct","category":"Physical","type":"Reference","RMSE":2.3463569441,"RMSE_lower_bound":1.2030378215,"RMSE_upper_bound":3.3816093533,"MAE":1.8463636364,"MAE_lower_bound":1.1072727273,"MAE_upper_bound":2.7790909091,"ME":-1.8463636364,"ME_lower_bound":-2.7781818182,"ME_upper_bound":-1.1072727273,"R2":0.1337819101,"R2_lower_bound":0.0013355043,"R2_upper_bound":0.7858030612,"m":0.8516814679,"m_lower_bound":-0.6659171511,"m_upper_bound":2.1885534312,"kendall_tau":0.3454545455,"kendall_tau_lower_bound":-0.3076923077,"kendall_tau_upper_bound":0.8666666667,"ES":0.8400681091,"ES_lower_bound":0.5471711173,"ES_upper_bound":1.1126984786},"REF01":{"name":"YANK-GAFF-TIP3P-FB-wet-oct","category":"Physical","type":"Reference","RMSE":2.3996458072,"RMSE_lower_bound":1.1430819584,"RMSE_upper_bound":3.6346188996,"MAE":1.8209090909,"MAE_lower_bound":1.08,"MAE_upper_bound":2.8918181818,"ME":-1.8209090909,"ME_lower_bound":-2.8872727273,"ME_upper_bound":-1.08,"R2":0.1522808976,"R2_lower_bound":0.0022905317,"R2_upper_bound":0.8563448254,"m":0.9937961106,"m_lower_bound":-0.3637003126,"m_upper_bound":2.1172556374,"kendall_tau":0.4181818182,"kendall_tau_lower_bound":-0.12,"kendall_tau_upper_bound":0.7959183673,"ES":0.8755623849,"ES_lower_bound":0.603042762,"ES_upper_bound":1.129476584},"REF04":{"name":"YANK-SMIRNOFF-TIP3P-FB-wet-oct","category":"Physical","type":"Reference","RMSE":2.4138351228,"RMSE_lower_bound":1.2126304991,"RMSE_upper_bound":3.5707078494,"MAE":1.8072727273,"MAE_lower_bound":0.9890909091,