{"nb011":{"name":"Jaguar","RMSE":0.4682706689,"RMSE_lower_bound":0.3014534683,"RMSE_upper_bound":0.6407933591,"MAE":0.3290322581,"MAE_lower_bound":0.2235483871,"MAE_upper_bound":0.4561290323,"ME":-0.0187096774,"ME_lower_bound":-0.184516129,"ME_upper_bound":0.1396774194,"R2":0.971344346,"R2_lower_bound":0.9356650015,"R2_upper_bound":0.9895399773,"m":1.0103771151,"m_lower_bound":0.9656223751,"m_upper_bound":1.0606576126,"kendall_tau":0.8955871712,"kendall_tau_lower_bound":0.7840574831,"kendall_tau_upper_bound":0.9645232816},"hdiyq":{"name":"S+pKa","RMSE":0.6240424923,"RMSE_lower_bound":0.4748038644,"RMSE_upper_bound":0.757546975,"MAE":0.4680645161,"MAE_lower_bound":0.3274193548,"MAE_upper_bound":0.6187096774,"ME":0.1274193548,"ME_lower_bound":-0.0874193548,"ME_upper_bound":0.344516129,"R2":0.9501427068,"R2_lower_bound":0.9167002532,"R2_upper_bound":0.9739735115,"m":0.9899067824,"m_lower_bound":0.9162590366,"m_upper_bound":1.0871676087,"kendall_tau":0.8697529258,"kendall_tau_lower_bound":0.7910292118,"kendall_tau_upper_bound":0.9342304201},"epvmk":{"name":"EC-RISM\/MP2\/cc-pVTZ-P2-phi-noThiols-2par","RMSE":0.6309079391,"RMSE_lower_bound":0.4322714664,"RMSE_upper_bound":0.8101702673,"MAE":0.4693103448,"MAE_lower_bound":0.3227586207,"MAE_upper_bound":0.6317241379,"ME":-0.0237931034,"ME_lower_bound":-0.2489655172,"ME_upper_bound":0.2117241379,"R2":0.9487355886,"R2_lower_bound":0.8899054697,"R2_upper_bound":0.9798644592,"m":0.9816674428,"m_lower_bound":0.9116825749,"m_upper_bound":1.0441872379,"kendall_tau":0.8113446365,"kendall_tau_lower_bound":0.6777970673,"kendall_tau_upper_bound":0.9060052219},"xnoe0":{"name":"EC-RISM\/MP2\/cc-pVTZ-P2-phi-all-2par","RMSE":0.6470831992,"RMSE_lower_bound":0.4665797538,"RMSE_upper_bound":0.8168700427,"MAE":0.499,"MAE_lower_bound":0.36,"MAE_upper_bound":0.6553333333,"ME":-0.099,"ME_lower_bound":-0.323,"ME_upper_bound":0.133,"R2":0.9476192633,"R2_lower_bound":0.8896436424,"R2_upper_bound":0.9776297682,"m":0.9947022977,"m_lower_bound":0.9245593691,"m_upper_bound":1.0545335622,"kendall_tau":0.8193331087,"kendall_tau_lower_bound":0.6868243498,"kendall_tau_upper_bound":0.914893617},"gdqeg":{"name":"PCM\/B3LYP\/6-311+G(d,p)","RMSE":0.6527454838,"RMSE_lower_bound":0.4053969248,"RMSE_upper_bound":0.8921602995,"MAE":0.4336666667,"MAE_lower_bound":0.2746666667,"MAE_upper_bound":0.6213333333,"ME":0.113,"ME_lower_bound":-0.103,"ME_upper_bound":0.351,"R2":0.9412098798,"R2_lower_bound":0.8756477052,"R2_upper_bound":0.9799978463,"m":0.9451948352,"m_lower_bound":0.8672494365,"m_upper_bound":1.0232932148,"kendall_tau":0.8331420936,"kendall_tau_lower_bound":0.6714361841,"kendall_tau_upper_bound":0.9474940334},"4o0ia":{"name":"EC-RISM\/MP2\/cc-pVTZ-P3NI-phi-noThiols-2par","RMSE":0.6638232373,"RMSE_lower_bound":0.438391488,"RMSE_upper_bound":0.8606093115,"MAE":0.465483871,"MAE_lower_bound":0.3090322581,"MAE_upper_bound":0.6425806452,"ME":0.0029032258,"ME_lower_bound":-0.2229032258,"ME_upper_bound":0.24,"R2":0.9399215806,"R2_lower_bound":0.8846604457,"R2_upper_bound":0.9775715918,"m":0.9665817004,"m_lower_bound":0.8689870496,"m_upper_bound":1.049654615,"kendall_tau":0.8525300956,"kendall_tau_lower_bound":0.732718894,"kendall_tau_upper_bound":0.9376391982},"nb008":{"name":"Epik Microscopic","RMSE":0.7606554191,"RMSE_lower_bound":0.484578855,"RMSE_upper_bound":1.0221643703,"MAE":0.523,"MAE_lower_bound":0.3403333333,"MAE_upper_bound":0.7333333333,"ME":-0.0843333333,"ME_lower_bound":-0.3723333333,"ME_upper_bound":0.171,"R2":0.9300418845,"R2_lower_bound":0.8465428697,"R2_upper_bound":0.9766341909,"m":0.8529269779,"m_lower_bound":0.7856783102,"m_upper_bound":0.9258471978,"kendall_tau":0.8423480836,"kendall_tau_lower_bound":0.7298578199,"kendall_tau_upper_bound":0.923627685},"ccpmw":{"name":"ReSCoSS conformations \/\/ COSMOtherm pKa","RMSE":0.7883342995,"RMSE_lower_bound":0.6228446707,"RMSE_upper_bound":0.9382017803,"MAE":0.6219354839,"MAE_lower_bound":0.4564516129,"MAE_upper_bound":0.7967741935,"ME":-0.1690322581,"ME_lower_bound":-0.4364516129,"ME_upper_bound":0.1122580645,"R2":0.9190546674,"R2_lower_bound":0.8649912709,"R2_upper_bound":0.9563226755,"m":0.947938055,"m_lower_bound":0.8231149428,"m_upper_bound":1.0530969855,"kendall_tau":0.800861605,"kendall_tau_lower_bound":0.6718403548,"kendall_tau_upper_bound":0.8935698448},"0xi4b":{"name":"EC-RISM\/B3LYP\/6-311+G(d,p)-P3NI-phi-noThiols-2par","RMSE":0.8384728181,"RMSE_lower_bound":0.5805973935,"RMSE_upper_bound":1.0699813082,"MAE":0.613,"MAE_lower_bound":0.4176666667,"MAE_upper_bound":0.828,"ME":0.221,"ME_lower_bound":-0.0726666667,"ME_upper_bound":0.513,"R2":0.9187440158,"R2_lower_bound":0.8370159183,"R2_upper_bound":0.9651032819,"m":0.9989472084,"m_lower_bound":0.9122083565,"m_upper_bound":1.0872363519,"kendall_tau":0.8101271187,"kendall_tau_lower_bound":0.6538926845,"kendall_tau_upper_bound":0.919239905},"cywyk":{"name":"EC-RISM\/B3LYP\/6-311+G(d,p)-P2-phi-noThiols-2par","RMSE":0.8603450171,"RMSE_lower_bound":0.6048486881,"RMSE_upper_bound":1.1002492386,"MAE":0.6212903226,"MAE_lower_bound":0.4193548387,"MAE_upper_bound":0.8435483871,"ME":0.1316129032,"ME_lower_bound":-0.164516129,"ME_upper_bound":0.4387096774,"R2":0.9037683066,"R2_lower_bound":0.8218947569,"R2_upper_bound":0.9553268548,"m":0.9605288442,"m_lower_bound":0.8602788658,"m_upper_bound":1.0779411277,"kendall_tau":0.8051673125,"kendall_tau_lower_bound":0.6379690949,"kendall_tau_upper_bound":0.9170426638},"ftc8w":{"name":"EC-RISM\/MP2\/cc-pVTZ-P2-q-noThiols-2par","RMSE":0.8609053749,"RMSE_lower_bound":0.5108373897,"RMSE_upper_bound":1.1701667926,"MAE":0.5880645161,"MAE_lower_bound":0.3858064516,"MAE_upper_bound":0.8264516129,"ME":0.1003225806,"ME_lower_bound":-0.1935483871,"ME_upper_bound":0.4064516129,"R2":0.8994197619,"R2_lower_bound":0.7704423288,"R2_upper_bound":0.9698530847,"m":0.9171960667,"m_lower_bound":0.8366000482,"m_upper_bound":0.980562578,"kendall_tau":0.7534988219,"kendall_tau_lower_bound":0.5701573161,"kendall_tau_upper_bound":0.880274731},"nxaaw":{"name":"EC-RISM\/B3LYP\/6-311+G(d,p)-P3NI-q-noThiols-2par","RMSE":0.8940592461,"RMSE_lower_bound":0.5550007265,"RMSE_upper_bound":1.2548975026,"MAE":0.6148387097,"MAE_lower_bound":0.4080645161,"MAE_upper_bound":0.8687096774,"ME":-0.024516129,"ME_lower_bound":-0.3529032258,"ME_upper_bound":0.2787096774,"R2":0.8919381027,"R2_lower_bound":0.7516011322,"R2_upper_bound":0.9650560014,"m":0.9363239269,"m_lower_bound":0.8525396433,"m_upper_bound":1.0004249077,"kendall_tau":0.7879444823,"kendall_tau_lower_bound":0.6254178009,"kendall_tau_upper_bound":0.9068736142},"nb016":{"name":"MoKa","RMSE":0.9515720076,"RMSE_lower_bound":0.7104299503,"RMSE_upper_bound":1.1801921756,"MAE":0.7667857143,"MAE_lower_bound":0.5671428571,"MAE_upper_bound":0.9825,"ME":-0.2253571429,"ME_lower_bound":-0.5642857143,"ME_upper_bound":0.1157142857,"R2":0.8947376632,"R2_lower_bound":0.8271738435,"R2_upper_bound":0.9464970774,"m":0.9353174533,"m_lower_bound":0.8210824701,"m_upper_bound":1.0696393406,"kendall_tau":0.746031746,"kendall_tau_lower_bound":0.6198347107,"kendall_tau_upper_bound":0.8536585366},"kxztt":{"name":"EC-RISM\/MP2\/6-311+G(d,p)-P3NI-q-noThiols-2par","RMSE":0.959349578,"RMSE_lower_bound":0.5629645036,"RMSE_upper_bound":1.3256538253,"MAE":0.6403225806,"MAE_lower_bound":0.4119354839,"MAE_upper_bound":0.9167741935,"ME":0.0029032258,"ME_lower_bound":-0.32,"ME_upper_bound":0.3612903226,"R2":0.9000792881,"R2_lower_bound":0.7617544927,"R2_upper_bound":0.9733995065,"m":1.0563681891,"m_lower_bound":0.9583755748,"m_upper_bound":1.1280760198,"kendall_tau":0.7922501899,"kendall_tau_lower_bound":0.628959276,"kendall_tau_upper_bound":0.9103139013},"eyetm":{"name":"ReSCoSS conformations \/\/ DSD-BLYP-D3 reranking \/\/ COSMOtherm pKa","RMSE":0.9785489587,"RMSE_lower_bound":0.6881297702,"RMSE_upper_bound":1.2672092782,"MAE":0.7196774194,"MAE_lower_bound":0.4967741935,"MAE_upper_bound":0.9667741935,"ME":-0.3177419355,"ME_lower_bound":-0.6538709677,"ME_upper_bound":0.0012903226,"R2":0.914922344,