{"xvxzd":{"name":"Full quantum chemical calculation of free energies and fit to experimental pKa","RMSE":0.6800760607,"RMSE_lower_bound":0.5468499132,"RMSE_upper_bound":0.8096167676,"MAE":0.5786206897,"MAE_lower_bound":0.4510344828,"MAE_upper_bound":0.7113793103,"ME":-0.2351724138,"ME_lower_bound":-0.4634482759,"ME_upper_bound":0.004137931,"R2":0.9373019916,"R2_lower_bound":0.8777110142,"R2_upper_bound":0.9729251715,"m":1.0153730965,"m_lower_bound":0.9154795991,"m_upper_bound":1.1132560723},"gyuhx":{"name":"S+pKa","RMSE":0.7299817349,"RMSE_lower_bound":0.5493086564,"RMSE_upper_bound":0.9115499621,"MAE":0.5786666667,"MAE_lower_bound":0.4283333333,"MAE_upper_bound":0.7403333333,"ME":-0.0093333333,"ME_lower_bound":-0.2636666667,"ME_upper_bound":0.2513333333,"R2":0.9251270636,"R2_lower_bound":0.8680082564,"R2_upper_bound":0.9635462408,"m":0.9285751767,"m_lower_bound":0.8120661564,"m_upper_bound":1.027952533},"xmyhm":{"name":"ACD\/pKa Classic","RMSE":0.7739142933,"RMSE_lower_bound":0.4950084174,"RMSE_upper_bound":1.032300021,"MAE":0.5456666667,"MAE_lower_bound":0.3666666667,"MAE_upper_bound":0.7573333333,"ME":-0.1016666667,"ME_lower_bound":-0.3723333333,"ME_upper_bound":0.184,"R2":0.9158505204,"R2_lower_bound":0.8290246736,"R2_upper_bound":0.96843242,"m":0.9337188439,"m_lower_bound":0.8147619467,"m_upper_bound":1.045734073},"yqkga":{"name":"ReSCoSS conformations \/\/ COSMOtherm pKa","RMSE":0.9025944087,"RMSE_lower_bound":0.6823391141,"RMSE_upper_bound":1.1206396983,"MAE":0.7096666667,"MAE_lower_bound":0.515,"MAE_upper_bound":0.917,"ME":0.2883333333,"ME_lower_bound":-0.03,"ME_upper_bound":0.58,"R2":0.9006140699,"R2_lower_bound":0.8256655427,"R2_upper_bound":0.9531066825,"m":0.9007532278,"m_lower_bound":0.7729830106,"m_upper_bound":1.0359454469},"nb007":{"name":"Epik-sequential","RMSE":0.9682075224,"RMSE_lower_bound":0.7588892562,"RMSE_upper_bound":1.1706394723,"MAE":0.8103225806,"MAE_lower_bound":0.6264516129,"MAE_upper_bound":1.0012903226,"ME":-0.0251612903,"ME_lower_bound":-0.3580645161,"ME_upper_bound":0.3209677419,"R2":0.8706802643,"R2_lower_bound":0.7624439596,"R2_upper_bound":0.9362474087,"m":0.9966595086,"m_lower_bound":0.8533079661,"m_upper_bound":1.116809896},"8xt50":{"name":"ReSCoSS conformations \/\/ DSD-BLYP-D3 reranking \/\/ COSMOtherm pKa","RMSE":1.0714295545,"RMSE_lower_bound":0.7860784661,"RMSE_upper_bound":1.3621366044,"MAE":0.8141935484,"MAE_lower_bound":0.5841935484,"MAE_upper_bound":1.0732258065,"ME":0.4748387097,"ME_lower_bound":0.1429032258,"ME_upper_bound":0.8229032258,"R2":0.9055345285,"R2_lower_bound":0.840877819,"R2_upper_bound":0.9510163054,"m":0.8399273238,"m_lower_bound":0.7435533232,"m_upper_bound":0.9539665911},"p0jba":{"name":"macroscopic pKa prediction from microscopic pKa predicted with Gaussian and separate fitting for neutral to negative and for positive to neutral transformations","RMSE":1.314747124,"RMSE_lower_bound":0.6874881817,"RMSE_upper_bound":1.72756476,"MAE":1.084,"MAE_lower_bound":0.428,"MAE_upper_bound":1.72,"ME":0.924,"ME_lower_bound":0.108,"ME_upper_bound":1.72,"R2":0.9099462335,"R2_lower_bound":0.5085281288,"R2_upper_bound":1.0,"m":0.7681553016,"m_lower_bound":0.5582524272,"m_upper_bound":1.5164498996},"37xm8":{"name":"ACD\/pKa GALAS","RMSE":1.3576704186,"RMSE_lower_bound":0.8561259978,"RMSE_upper_bound":1.8059260687,"MAE":0.9551724138,"MAE_lower_bound":0.6331034483,"MAE_upper_bound":1.3296551724,"ME":0.1013793103,"ME_lower_bound":-0.3882758621,"ME_upper_bound":0.5965517241,"R2":0.8536244441,"R2_lower_bound":0.7286620809,"R2_upper_bound":0.9384118267,"m":0.7290520243,"m_lower_bound":0.6002033041,"m_upper_bound":0.8797285765},"hytjn":{"name":"OE Gaussian Process","RMSE":1.4336741012,"RMSE_lower_bound":0.9825876915,"RMSE_upper_bound":1.8288638159,"MAE":1.0335714286,"MAE_lower_bound":0.6828571429,"MAE_upper_bound":1.4182142857,"ME":-0.24,"ME_lower_bound":-0.7553571429,"ME_upper_bound":0.2742857143,"R2":0.6754901214,"R2_lower_bound":0.413485356,"R2_upper_bound":0.8519073402,"m":0.7951789196,"m_lower_bound":0.600943802,"m_upper_bound":1.0076363559},"q3pfp":{"name":"OE Gaussian Process Resampled","RMSE":1.4837416506,"RMSE_lower_bound":1.0563566092,"RMSE_upper_bound":1.8679610733,"MAE":1.1403571429,"MAE_lower_bound":0.8082142857,"MAE_upper_bound":1.5082142857,"ME":-0.0903571429,"ME_lower_bound":-0.6557142857,"ME_upper_bound":0.4271428571,"R2":0.6668527012,"R2_lower_bound":0.4356179323,"R2_upper_bound":0.8370918062,"m":0.7522649239,"m_lower_bound":0.5667513814,"m_upper_bound":0.9629446963},"mkhqa":{"name":"EC-RISM\/MP2\/cc-pVTZ-P2-phi-all-2par","RMSE":1.59610817,"RMSE_lower_bound":1.1343279949,"RMSE_upper_bound":2.040922467,"MAE":1.2387096774,"MAE_lower_bound":0.9064516129,"MAE_upper_bound":1.6187096774,"ME":0.3161290323,"ME_lower_bound":-0.2219354839,"ME_upper_bound":0.8896774194,"R2":0.8031710687,"R2_lower_bound":0.6707157178,"R2_upper_bound":0.902706532,"m":0.704667184,"m_lower_bound":0.5670689461,"m_upper_bound":0.8367378473},"2ii2g":{"name":"EC-RISM\/MP2\/cc-pVTZ-P2-q-noThiols-2par","RMSE":1.6829448397,"RMSE_lower_bound":1.2021882825,"RMSE_upper_bound":2.1575866147,"MAE":1.3043333333,"MAE_lower_bound":0.9556666667,"MAE_upper_bound":1.7246666667,"ME":1.061,"ME_lower_bound":0.615,"ME_upper_bound":1.553,"R2":0.8366160062,"R2_lower_bound":0.7328174559,"R2_upper_bound":0.9153269414,"m":0.7798640061,"m_lower_bound":0.6368897921,"m_upper_bound":0.9268582062},"nb001":{"name":"EC-RISM\/MP2\/6-311+G(d,p)-P2-phi-all-2par","RMSE":1.7019361523,"RMSE_lower_bound":1.0546073519,"RMSE_upper_bound":2.3890793206,"MAE":1.2186666667,"MAE_lower_bound":0.8373333333,"MAE_upper_bound":1.672,"ME":-0.422,"ME_lower_bound":-1.0333333333,"ME_upper_bound":0.1343333333,"R2":0.7920874494,"R2_lower_bound":0.6848777508,"R2_upper_bound":0.8986192273,"m":0.6644257909,"m_lower_bound":0.5172992904,"m_upper_bound":0.8575355866},"35bdm":{"name":"macroscopic pKa prediction from microscopic pKa predicted with Gaussian and global fitting","RMSE":1.718644815,"RMSE_lower_bound":0.6645750522,"RMSE_upper_bound":2.3379093225,"MAE":1.442,"MAE_lower_bound":0.622,"MAE_upper_bound":2.262,"ME":1.006,"ME_lower_bound":-0.134,"ME_upper_bound":2.178,"R2":0.9187503813,"R2_lower_bound":0.4629084321,"R2_upper_bound":1.0,"m":0.6353542689,"m_lower_bound":0.3938418058,"m_upper_bound":0.8062554109},"nb002":{"name":"EC-RISM\/MP2\/6-311+G(d,p)-P2-phi-noThiols-2par","RMSE":1.7196598501,"RMSE_lower_bound":1.0770252241,"RMSE_upper_bound":2.3994547992,"MAE":1.2503333333,"MAE_lower_bound":0.8783333333,"MAE_upper_bound":1.7193333333,"ME":-0.467,"ME_lower_bound":-1.0866666667,"ME_upper_bound":0.0916666667,"R2":0.794416453,"R2_lower_bound":0.6867786891,"R2_upper_bound":0.9019443743,"m":0.6617854164,"m_lower_bound":0.5162849511,"m_upper_bound":0.8496770013},"ryzue":{"name":"Adiabatic scheme with single point correction for type III submission","RMSE":1.7448056243,"RMSE_lower_bound":1.3575811823,"RMSE_upper_bound":2.0912221307,"MAE":1.436,"MAE_lower_bound":1.0866666667,"MAE_upper_bound":1.79,"ME":-1.2266666667,"ME_lower_bound":-1.6586666667,"ME_upper_bound":-0.7733333333,"R2":0.9221684516,"R2_lower_bound":0.8614476306,"R2_upper_bound":0.9620562868,"m":0.709662576,"m_lower_bound":0.6415948864,"m_upper_bound":0.7948430978},"yc70m":{"name":"PCM\/B3LYP\/6-311+G(d,p)","RMSE":1.8777269825,"RMSE_lower_bound":1.5873215349,"RMSE_upper_bound":2.1479509081,"MAE":1.674137931,"MAE_lower_bound":1.3589655172,"MAE_upper_bound":1.9820689655,"ME":0.6879310345,"ME_lower_bound":0.0279310345,"ME_upper_bound":1.3044827586,"R2":0.5313500782,"R2_lower_bound":0.3333842242,"R2_upper_bound":0.7213953961,"m":0.7930080409,"m_lower_bound":0.581030888,"m_upper_bound":1.0654454776},"5byn6":{"name":"Adiabatic scheme for type III submission","RMSE":1.8907635142,"RMSE_lower_bound":1.4907637863,"RMSE_upper_bound":2.2714312668,"MAE":1.5533333333,"MAE_lower_bound":1.1833333333,"MAE_upper_bound":1.9396666667,"ME":-1.2733333333,"ME_lower_bound":-1.7633333333,"ME_upper_bound":-0.785,"R2":0.9121300058,