{"xvxzd":{"name":"Full quantum chemical calculation of free energies and fit to experimental pKa","RMSE":0.6800760607,"RMSE_lower_bound":0.5460011368,"RMSE_upper_bound":0.8114992511,"MAE":0.5786206897,"MAE_lower_bound":0.4503448276,"MAE_upper_bound":0.7103448276,"ME":-0.2351724138,"ME_lower_bound":-0.4606896552,"ME_upper_bound":0.0006896552,"R2":0.9373019916,"R2_lower_bound":0.8779652747,"R2_upper_bound":0.9724807696,"m":1.0153730965,"m_lower_bound":0.9129059788,"m_upper_bound":1.1149974325},"gyuhx":{"name":"S+pKa","RMSE":0.7299817349,"RMSE_lower_bound":0.5523465096,"RMSE_upper_bound":0.9157801774,"MAE":0.5786666667,"MAE_lower_bound":0.4293333333,"MAE_upper_bound":0.7493333333,"ME":-0.0093333333,"ME_lower_bound":-0.2646666667,"ME_upper_bound":0.26,"R2":0.9251270636,"R2_lower_bound":0.8683247537,"R2_upper_bound":0.9632553672,"m":0.9285751767,"m_lower_bound":0.8136606187,"m_upper_bound":1.0310277533},"xmyhm":{"name":"ACD\/pKa Classic","RMSE":0.7739142933,"RMSE_lower_bound":0.4916367223,"RMSE_upper_bound":1.0341776121,"MAE":0.5456666667,"MAE_lower_bound":0.3633333333,"MAE_upper_bound":0.7606666667,"ME":-0.1016666667,"ME_lower_bound":-0.3703333333,"ME_upper_bound":0.1806666667,"R2":0.9158505204,"R2_lower_bound":0.8293597775,"R2_upper_bound":0.9688203226,"m":0.9337188439,"m_lower_bound":0.8177883398,"m_upper_bound":1.042628556},"yqkga":{"name":"ReSCoSS conformations \/\/ COSMOtherm pKa","RMSE":0.9025944087,"RMSE_lower_bound":0.6845095568,"RMSE_upper_bound":1.11720037,"MAE":0.7096666667,"MAE_lower_bound":0.518,"MAE_upper_bound":0.9193333333,"ME":0.2883333333,"ME_lower_bound":-0.0263333333,"ME_upper_bound":0.579,"R2":0.9006140699,"R2_lower_bound":0.8208422368,"R2_upper_bound":0.9531705928,"m":0.9007532278,"m_lower_bound":0.7759958255,"m_upper_bound":1.0406055524},"nb007":{"name":"Epik-sequential","RMSE":0.9682075224,"RMSE_lower_bound":0.7635929502,"RMSE_upper_bound":1.1754312867,"MAE":0.8103225806,"MAE_lower_bound":0.6283870968,"MAE_upper_bound":1.004516129,"ME":-0.0251612903,"ME_lower_bound":-0.3574193548,"ME_upper_bound":0.324516129,"R2":0.8706802643,"R2_lower_bound":0.7619204714,"R2_upper_bound":0.9358516541,"m":0.9966595086,"m_lower_bound":0.8584781289,"m_upper_bound":1.1193877956},"8xt50":{"name":"ReSCoSS conformations \/\/ DSD-BLYP-D3 reranking \/\/ COSMOtherm pKa","RMSE":1.0714295545,"RMSE_lower_bound":0.7797725061,"RMSE_upper_bound":1.3559308194,"MAE":0.8141935484,"MAE_lower_bound":0.5790322581,"MAE_upper_bound":1.0703225806,"ME":0.4748387097,"ME_lower_bound":0.1390322581,"ME_upper_bound":0.8222580645,"R2":0.9055345285,"R2_lower_bound":0.8398804041,"R2_upper_bound":0.9510887027,"m":0.8399273238,"m_lower_bound":0.7467551394,"m_upper_bound":0.9569060487},"p0jba":{"name":"macroscopic pKa prediction from microscopic pKa predicted with Gaussian and separate fitting for neutral to negative and for positive to neutral transformations","RMSE":1.314747124,"RMSE_lower_bound":0.6874881817,"RMSE_upper_bound":1.7175796925,"MAE":1.084,"MAE_lower_bound":0.428,"MAE_upper_bound":1.704,"ME":0.924,"ME_lower_bound":0.108,"ME_upper_bound":1.704,"R2":0.9099462335,"R2_lower_bound":0.5085281288,"R2_upper_bound":1.0,"m":0.7681553016,"m_lower_bound":0.5582524272,"m_upper_bound":1.5164498996},"37xm8":{"name":"ACD\/pKa GALAS","RMSE":1.3576704186,"RMSE_lower_bound":0.8439051262,"RMSE_upper_bound":1.811315011,"MAE":0.9551724138,"MAE_lower_bound":0.6324137931,"MAE_upper_bound":1.3310344828,"ME":0.1013793103,"ME_lower_bound":-0.4,"ME_upper_bound":0.6013793103,"R2":0.8536244441,"R2_lower_bound":0.7302042393,"R2_upper_bound":0.9390272758,"m":0.7290520243,"m_lower_bound":0.5991109448,"m_upper_bound":0.8774750002},"hytjn":{"name":"OE Gaussian Process","RMSE":1.4336741012,"RMSE_lower_bound":0.9758366374,"RMSE_upper_bound":1.8316327611,"MAE":1.0335714286,"MAE_lower_bound":0.6764285714,"MAE_upper_bound":1.4225,"ME":-0.24,"ME_lower_bound":-0.7778571429,"ME_upper_bound":0.2764285714,"R2":0.6754901214,"R2_lower_bound":0.4196274478,"R2_upper_bound":0.8527773314,"m":0.7951789196,"m_lower_bound":0.6008513614,"m_upper_bound":1.0034522937},"q3pfp":{"name":"OE Gaussian Process Resampled","RMSE":1.4837416506,"RMSE_lower_bound":1.0490318666,"RMSE_upper_bound":1.8648994611,"MAE":1.1403571429,"MAE_lower_bound":0.8078571429,"MAE_upper_bound":1.4971428571,"ME":-0.0903571429,"ME_lower_bound":-0.6671428571,"ME_upper_bound":0.4453571429,"R2":0.6668527012,"R2_lower_bound":0.4299178687,"R2_upper_bound":0.8368455006,"m":0.7522649239,"m_lower_bound":0.5697103397,"m_upper_bound":0.9680603274},"mkhqa":{"name":"EC-RISM\/MP2\/cc-pVTZ-P2-phi-all-2par","RMSE":1.59610817,"RMSE_lower_bound":1.150165486,"RMSE_upper_bound":2.0368080658,"MAE":1.2387096774,"MAE_lower_bound":0.914516129,"MAE_upper_bound":1.6116129032,"ME":0.3161290323,"ME_lower_bound":-0.2216129032,"ME_upper_bound":0.8832258065,"R2":0.8031710687,"R2_lower_bound":0.670338724,"R2_upper_bound":0.9039948517,"m":0.704667184,"m_lower_bound":0.5691250012,"m_upper_bound":0.8350820541},"2ii2g":{"name":"EC-RISM\/MP2\/cc-pVTZ-P2-q-noThiols-2par","RMSE":1.6829448397,"RMSE_lower_bound":1.2046756133,"RMSE_upper_bound":2.1310959622,"MAE":1.3043333333,"MAE_lower_bound":0.9476666667,"MAE_upper_bound":1.6953333333,"ME":1.061,"ME_lower_bound":0.6156666667,"ME_upper_bound":1.5346666667,"R2":0.8366160062,"R2_lower_bound":0.728887927,"R2_upper_bound":0.9162984583,"m":0.7798640061,"m_lower_bound":0.6373249561,"m_upper_bound":0.9251832588},"nb001":{"name":"EC-RISM\/MP2\/6-311+G(d,p)-P2-phi-all-2par","RMSE":1.7019361523,"RMSE_lower_bound":1.0625049019,"RMSE_upper_bound":2.390624744,"MAE":1.2186666667,"MAE_lower_bound":0.842,"MAE_upper_bound":1.682,"ME":-0.422,"ME_lower_bound":-1.0253333333,"ME_upper_bound":0.1436666667,"R2":0.7920874494,"R2_lower_bound":0.6863906702,"R2_upper_bound":0.898466496,"m":0.6644257909,"m_lower_bound":0.5191716736,"m_upper_bound":0.8562060962},"35bdm":{"name":"macroscopic pKa prediction from microscopic pKa predicted with Gaussian and global fitting","RMSE":1.718644815,"RMSE_lower_bound":0.6645750522,"RMSE_upper_bound":2.3379093225,"MAE":1.442,"MAE_lower_bound":0.622,"MAE_upper_bound":2.262,"ME":1.006,"ME_lower_bound":-0.134,"ME_upper_bound":2.178,"R2":0.9187503813,"R2_lower_bound":0.4629084321,"R2_upper_bound":1.0,"m":0.6353542689,"m_lower_bound":0.3938418058,"m_upper_bound":0.8062554109},"nb002":{"name":"EC-RISM\/MP2\/6-311+G(d,p)-P2-phi-noThiols-2par","RMSE":1.7196598501,"RMSE_lower_bound":1.0801836264,"RMSE_upper_bound":2.405053014,"MAE":1.2503333333,"MAE_lower_bound":0.875,"MAE_upper_bound":1.7093333333,"ME":-0.467,"ME_lower_bound":-1.0873333333,"ME_upper_bound":0.1043333333,"R2":0.794416453,"R2_lower_bound":0.6852680306,"R2_upper_bound":0.9003615743,"m":0.6617854164,"m_lower_bound":0.5135913518,"m_upper_bound":0.8504293325},"ryzue":{"name":"Adiabatic scheme with single point correction for type III submission","RMSE":1.7448056243,"RMSE_lower_bound":1.3700425784,"RMSE_upper_bound":2.1006046748,"MAE":1.436,"MAE_lower_bound":1.094,"MAE_upper_bound":1.804,"ME":-1.2266666667,"ME_lower_bound":-1.6703333333,"ME_upper_bound":-0.7886666667,"R2":0.9221684516,"R2_lower_bound":0.8611961686,"R2_upper_bound":0.9625053478,"m":0.709662576,"m_lower_bound":0.6437000439,"m_upper_bound":0.8010515888},"yc70m":{"name":"PCM\/B3LYP\/6-311+G(d,p)","RMSE":1.8777269825,"RMSE_lower_bound":1.5945521477,"RMSE_upper_bound":2.153156464,"MAE":1.674137931,"MAE_lower_bound":1.3689655172,"MAE_upper_bound":1.9848275862,"ME":0.6879310345,"ME_lower_bound":0.0272413793,"ME_upper_bound":1.2996551724,"R2":0.5313500782,"R2_lower_bound":0.3315103643,"R2_upper_bound":0.7226003587,"m":0.7930080409,"m_lower_bound":0.5746739493,"m_upper_bound":1.0771587658},"5byn6":{"name":"Adiabatic scheme for type III submission","RMSE":1.8907635142,"RMSE_lower_bound":1.4891496455,"RMSE_upper_bound":2.2706276665,"MAE":1.5533333333,"MAE_lower_bound":1.179,"MAE_upper_bound":1.9453333333,"ME":-1.2733333333,"ME_lower_bound":-1.77,"ME_upper_bound":-0.7703333333,"R2":0.9121300058,"R2_lower_bound":0.8411852652,