{"8xt50":{"name":"ReSCoSS conformations \/\/ DSD-BLYP-D3 reranking \/\/ COSMOtherm pKa","RMSE":1.0714295545,"RMSE_lower_bound":0.7841226863,"RMSE_upper_bound":1.3585618582,"MAE":0.8141935484,"MAE_lower_bound":0.5819354839,"MAE_upper_bound":1.0683870968,"ME":0.4748387097,"ME_lower_bound":0.1458064516,"ME_upper_bound":0.8138709677,"R2":0.9055345285,"R2_lower_bound":0.8418636879,"R2_upper_bound":0.9514992819,"m":0.8399273238,"m_lower_bound":0.7459889228,"m_upper_bound":0.9542912197},"nb007":{"name":"Epik-sequential","RMSE":1.2084567605,"RMSE_lower_bound":0.8568509488,"RMSE_upper_bound":1.5859687179,"MAE":0.9348387097,"MAE_lower_bound":0.6932258065,"MAE_upper_bound":1.2187096774,"ME":-0.0251612903,"ME_lower_bound":-0.4264516129,"ME_upper_bound":0.414516129,"R2":0.8002129349,"R2_lower_bound":0.6107708832,"R2_upper_bound":0.9154541991,"m":0.9554770233,"m_lower_bound":0.7914999646,"m_upper_bound":1.0879703666},"mkhqa":{"name":"EC-RISM\/MP2\/cc-pVTZ-P2-phi-all-2par","RMSE":1.59610817,"RMSE_lower_bound":1.1355970435,"RMSE_upper_bound":2.0453464097,"MAE":1.2387096774,"MAE_lower_bound":0.9074193548,"MAE_upper_bound":1.6209677419,"ME":0.3161290323,"ME_lower_bound":-0.2238709677,"ME_upper_bound":0.8787096774,"R2":0.8031710687,"R2_lower_bound":0.6650527395,"R2_upper_bound":0.9028315678,"m":0.704667184,"m_lower_bound":0.5667115246,"m_upper_bound":0.8358607566},"2ii2g":{"name":"EC-RISM\/MP2\/cc-pVTZ-P2-q-noThiols-2par","RMSE":1.6860644511,"RMSE_lower_bound":1.2050864423,"RMSE_upper_bound":2.1371265756,"MAE":1.324,"MAE_lower_bound":0.9743333333,"MAE_upper_bound":1.718,"ME":0.9,"ME_lower_bound":0.394,"ME_upper_bound":1.4206666667,"R2":0.8049480899,"R2_lower_bound":0.6600540447,"R2_upper_bound":0.9044839906,"m":0.7471483272,"m_lower_bound":0.6055516276,"m_upper_bound":0.8926848152},"np6b4":{"name":"EC-RISM\/B3LYP\/6-311+G(d,p)-P2-phi-noThiols-2par","RMSE":1.9715189821,"RMSE_lower_bound":1.2775998162,"RMSE_upper_bound":2.7139656736,"MAE":1.5209677419,"MAE_lower_bound":1.1490322581,"MAE_upper_bound":1.9922580645,"ME":0.4674193548,"ME_lower_bound":-0.2341935484,"ME_upper_bound":1.084516129,"R2":0.6972374822,"R2_lower_bound":0.5919332689,"R2_upper_bound":0.8578680481,"m":0.6491451915,"m_lower_bound":0.4719087194,"m_upper_bound":0.9616173824},"f0gew":{"name":"EC-RISM\/B3LYP\/6-311+G(d,p)-P3NI-phi-noThiols-2par","RMSE":2.2092627584,"RMSE_lower_bound":1.4240412734,"RMSE_upper_bound":2.956730976,"MAE":1.6467741935,"MAE_lower_bound":1.1787096774,"MAE_upper_bound":2.2064516129,"ME":0.7325806452,"ME_lower_bound":-0.0425806452,"ME_upper_bound":1.4351612903,"R2":0.7601977589,"R2_lower_bound":0.6527309349,"R2_upper_bound":0.8864242124,"m":0.5923836706,"m_lower_bound":0.4543115832,"m_upper_bound":0.8041681433},"yqkga":{"name":"ReSCoSS conformations \/\/ COSMOtherm pKa","RMSE":2.3241757901,"RMSE_lower_bound":1.4206409433,"RMSE_upper_bound":3.0976598509,"MAE":1.5379310345,"MAE_lower_bound":0.9610344828,"MAE_upper_bound":2.2189655172,"ME":-0.1234482759,"ME_lower_bound":-1.0210344828,"ME_upper_bound":0.66,"R2":0.3974591478,"R2_lower_bound":0.0851295291,"R2_upper_bound":0.765687916,"m":0.6317785282,"m_lower_bound":0.2991938498,"m_upper_bound":0.9487019617},"xmyhm":{"name":"ACD\/pKa Classic","RMSE":2.3329971843,"RMSE_lower_bound":1.3760225038,"RMSE_upper_bound":3.1772385538,"MAE":1.4855172414,"MAE_lower_bound":0.8789655172,"MAE_upper_bound":2.1834482759,"ME":-0.2882758621,"ME_lower_bound":-1.1148275862,"ME_upper_bound":0.585862069,"R2":0.3843887684,"R2_lower_bound":0.0629406568,"R2_upper_bound":0.7698904036,"m":0.6432070704,"m_lower_bound":0.2694923564,"m_upper_bound":0.8867918799},"pwn3m":{"name":"Analog_search","RMSE":3.0004350875,"RMSE_lower_bound":1.6795450064,"RMSE_upper_bound":4.0773498921,"MAE":1.7960714286,"MAE_lower_bound":0.9660714286,"MAE_upper_bound":2.7589285714,"ME":-0.9039285714,"ME_lower_bound":-2.0425,"ME_upper_bound":0.0846428571,"R2":0.1008447123,"R2_lower_bound":0.0004521191,"R2_upper_bound":0.5164536232,"m":0.4206252371,"m_lower_bound":-0.2380305422,"m_upper_bound":0.8216196966},"mpwiy":{"name":"EC-RISM\/MP2\/cc-pVTZ-P3NI-phi-noThiols-2par","RMSE":3.0065053124,"RMSE_lower_bound":1.4615171084,"RMSE_upper_bound":4.6357217484,"MAE":1.8409677419,"MAE_lower_bound":1.1838709677,"MAE_upper_bound":2.8106451613,"ME":0.4912903226,"ME_lower_bound":-0.4251612903,"ME_upper_bound":1.6303225806,"R2":0.54693504,"R2_lower_bound":0.249973002,"R2_upper_bound":0.872796497,"m":0.4587227874,"m_lower_bound":0.2322981818,"m_upper_bound":0.7379699455},"xvxzd":{"name":"Full quantum chemical calculation of free energies and fit to experimental pKa","RMSE":3.0936168989,"RMSE_lower_bound":2.0849361191,"RMSE_upper_bound":4.0264350622,"MAE":2.1679310345,"MAE_lower_bound":1.414137931,"MAE_upper_bound":3.0127586207,"ME":-0.4265517241,"ME_lower_bound":-1.5372413793,"ME_upper_bound":0.6796551724,"R2":0.0839600562,"R2_lower_bound":0.0003430062,"R2_upper_bound":0.4452463924,"m":0.3228104756,"m_lower_bound":-0.204375847,"m_upper_bound":0.7566723071},"ds62k":{"name":"EC-RISM\/MP2\/6-311+G(d,p)-P3NI-q-noThiols-2par","RMSE":3.0962143552,"RMSE_lower_bound":1.6327155294,"RMSE_upper_bound":4.6921025848,"MAE":2.0443333333,"MAE_lower_bound":1.3863333333,"MAE_upper_bound":2.9956666667,"ME":0.069,"ME_lower_bound":-0.9113333333,"ME_upper_bound":1.321,"R2":0.4996725159,"R2_lower_bound":0.2036148237,"R2_upper_bound":0.8529520479,"m":0.4334575124,"m_lower_bound":0.2042994655,"m_upper_bound":0.7120005264},"5nm4j":{"name":"Substructure matches from experimental data","RMSE":3.1739862774,"RMSE_lower_bound":2.362954052,"RMSE_upper_bound":3.9107506147,"MAE":2.5218518519,"MAE_lower_bound":1.8188888889,"MAE_upper_bound":3.2574074074,"ME":-0.63,"ME_lower_bound":-1.7992592593,"ME_upper_bound":0.5003703704,"R2":0.0404361114,"R2_lower_bound":0.0001170324,"R2_upper_bound":0.2933754044,"m":0.2470649234,"m_lower_bound":-0.3301755656,"m_upper_bound":0.6118131772},"nb001":{"name":"EC-RISM\/MP2\/6-311+G(d,p)-P2-phi-all-2par","RMSE":3.2086999193,"RMSE_lower_bound":1.9454606759,"RMSE_upper_bound":4.3110695529,"MAE":2.1562068966,"MAE_lower_bound":1.3793103448,"MAE_upper_bound":3.0827586207,"ME":-0.6017241379,"ME_lower_bound":-1.7834482759,"ME_upper_bound":0.5065517241,"R2":0.2451244878,"R2_lower_bound":0.0219574458,"R2_upper_bound":0.613040183,"m":0.3888909013,"m_lower_bound":0.1077622729,"m_upper_bound":0.7317024181},"yc70m":{"name":"PCM\/B3LYP\/6-311+G(d,p)","RMSE":3.2978943125,"RMSE_lower_bound":2.289026295,"RMSE_upper_bound":4.2593981281,"MAE":2.4927586207,"MAE_lower_bound":1.7662068966,"MAE_upper_bound":3.3317241379,"ME":0.2182758621,"ME_lower_bound":-1.01,"ME_upper_bound":1.3737931034,"R2":0.0168060503,"R2_lower_bound":0.0000677449,"R2_upper_bound":0.3560234512,"m":0.154997451,"m_lower_bound":-0.3975554004,"m_upper_bound":0.7800035289},"gyuhx":{"name":"S+pKa","RMSE":3.4496356629,"RMSE_lower_bound":2.409107003,"RMSE_upper_bound":4.3611921021,"MAE":2.4937931034,"MAE_lower_bound":1.6472413793,"MAE_upper_bound":3.4024137931,"ME":-0.4296551724,"ME_lower_bound":-1.6731034483,"ME_upper_bound":0.82,"R2":0.0319500805,"R2_lower_bound":0.0000976416,"R2_upper_bound":0.3068330077,"m":0.1830861579,"m_lower_bound":-0.1979189529,"m_upper_bound":0.5821258985},"ttjd0":{"name":"EC-RISM\/MP2\/cc-pVTZ-P2-phi-noThiols-2par","RMSE":3.580605805,"RMSE_lower_bound":1.9786568067,"RMSE_upper_bound":5.2185554217,"MAE":2.3675862069,"MAE_lower_bound":1.5134482759,"MAE_upper_bound":3.4393103448,"ME":0.3613793103,"ME_lower_bound":-0.8579310345,"ME_upper_bound":1.7286206897,"R2":0.2767664619,"R2_lower_bound":0.0496602148,"R2_upper_bound":0.6958065015,"m":0.3431194379,"m_lower_bound":0.1157243383,"m_upper_bound":0.6866171521},"ad5pu":{"name":"EC-RISM\/B3LYP\/6-311+G(d,p)-P3NI-q-noThiols-2par","RMSE":3.605515411,"RMSE_lower_bound":2.3311215297,"RMSE_upper_bound":4.7778793449,"MAE":2.5755172414,"MAE_lower_bound":1.73,"MAE_upper_bound":3.5620689655,"ME":0.4017241379,"ME_lower_bound":-0.9631034483,"ME_upper_bound":1.6762068966,"R2":0.3088345094,