{
    "3.0": [
        -9.94009669669022,
        0.048329909041399596
    ],
    "4.0": [
        -10.962073774226845,
        0.036738880857756874
    ],
    "5.0": [
        -10.936385514207121,
        0.036865741207735246
    ],
    "6.0": [
        -10.896796254510603,
        0.03799271659424837
    ],
    "7.0": [
        -10.847853479226947,
        0.042525567620369416
    ],
    "8.0": [
        -10.752578474230456,
        0.05934565061367669
    ],
    "9.0": [
        -10.493536057749884,
        0.22177758052963678
    ],
    "10.0": [
        -10.68068061620865,
        0.22175289188524513
    ],
    "11.0": [
        -10.85003726149746,
        0.22174296393069776
    ],
    "12.0": [
        -11.004639461922645,
        0.22174037787009696
    ],
    "13.0": [
        -11.146911929415383,
        0.2217403778700658
    ],
    "14.0": [
        -11.27863565997927,
        0.22174037787004697
    ],
    "15.0": [
        -11.401267519284847,
        0.22174037787006332
    ]
}