{
    "3.0": [
        -3.9574270880892013,
        0.06620868981956819
    ],
    "4.0": [
        -6.492516265212307,
        0.03575530451204129
    ],
    "5.0": [
        -6.6896589038929815,
        0.03567796241727989
    ],
    "6.0": [
        -6.692226718114413,
        0.03608015318576091
    ],
    "7.0": [
        -6.677723509589564,
        0.037238807010798756
    ],
    "8.0": [
        -6.627730673988713,
        0.04481088785338376
    ],
    "9.0": [
        -6.613169411717743,
        0.06385570312108581
    ],
    "10.0": [
        -6.432894809347924,
        0.2349549086115051
    ],
    "11.0": [
        -6.60230455137366,
        0.23495490861148943
    ],
    "12.0": [
        -6.756963528612037,
        0.2349549086115156
    ],
    "13.0": [
        -6.899235996104776,
        0.2349549086115128
    ],
    "14.0": [
        -7.030959726668664,
        0.23495490861151846
    ],
    "15.0": [
        -7.153591585974206,
        0.2349549086115128
    ]
}