{
    "3.0": [
        -4.61557838630394,
        0.05749641506409782
    ],
    "4.0": [
        -6.34243998692897,
        0.03774746219581191
    ],
    "5.0": [
        -7.068841690491095,
        0.03705437298520838
    ],
    "6.0": [
        -7.139110047709115,
        0.03738406262725273
    ],
    "7.0": [
        -7.137742211517243,
        0.038244628697761324
    ],
    "8.0": [
        -7.111960622102708,
        0.0422242841486041
    ],
    "9.0": [
        -7.216535965721143,
        0.04813594940636062
    ],
    "10.0": [
        -7.199442174478075,
        0.12408227700225921
    ],
    "11.0": [
        -7.368851916502835,
        0.12408227700225295
    ],
    "12.0": [
        -7.523510893741279,
        0.1240822770014178
    ],
    "13.0": [
        -7.665783361232501,
        0.1240822770016584
    ],
    "14.0": [
        -7.797507091797906,
        0.12408227700142944
    ],
    "15.0": [
        -7.920138951101932,
        0.1240822770016584
    ]
}