{"1xtra":{"name":"YANK-GAFF_tip3p-wet_oct","category":"Physical","RMSE":0.914054865,"RMSE_lower_bound":0.7191816337,"RMSE_upper_bound":1.0976591254,"MAE":0.782962963,"MAE_lower_bound":0.6085185185,"MAE_upper_bound":0.9648148148,"ME":0.4059259259,"ME_lower_bound":0.0837037037,"ME_upper_bound":0.7011111111,"R2":0.5827843191,"R2_lower_bound":0.3327256866,"R2_upper_bound":0.7839294507,"m":1.0372924,"m_lower_bound":0.6531490528,"m_upper_bound":1.5401660811,"ES":1.2529651625,"ES_lower_bound":1.1639454286,"ES_upper_bound":1.3428872759},"7xtra":{"name":"YANK-extra_mols_SMIRNOFF_tip3p_dry_octanol","category":"Physical","RMSE":1.0431433977,"RMSE_lower_bound":0.7191739088,"RMSE_upper_bound":1.3500425233,"MAE":0.822962963,"MAE_lower_bound":0.5977777778,"MAE_upper_bound":1.0792592593,"ME":0.3392592593,"ME_lower_bound":-0.0414814815,"ME_upper_bound":0.7022222222,"R2":0.4794249222,"R2_lower_bound":0.157146575,"R2_upper_bound":0.7415186417,"m":1.0152889166,"m_lower_bound":0.5725266203,"m_upper_bound":1.5474994311,"ES":1.2309132644,"ES_lower_bound":1.0917550717,"ES_upper_bound":1.347669887},"4xtra":{"name":"YANK-SMIRNOFF_tip3p-wet_oct","category":"Physical","RMSE":1.0455496517,"RMSE_lower_bound":0.7443117626,"RMSE_upper_bound":1.3189726642,"MAE":0.8240740741,"MAE_lower_bound":0.5966666667,"MAE_upper_bound":1.0762962963,"ME":0.2988888889,"ME_lower_bound":-0.0918518519,"ME_upper_bound":0.6588888889,"R2":0.4872187413,"R2_lower_bound":0.1507210991,"R2_upper_bound":0.734374092,"m":1.0465703233,"m_lower_bound":0.5461260927,"m_upper_bound":1.5172103024,"ES":1.2226000936,"ES_lower_bound":1.0802384538,"ES_upper_bound":1.3370894878},"3xtra":{"name":"YANK-SMIRNOFF_tip3pFB-wet_oct","category":"Physical","RMSE":1.0794443015,"RMSE_lower_bound":0.6330408681,"RMSE_upper_bound":1.4752576674,"MAE":0.7088888889,"MAE_lower_bound":0.4351851852,"MAE_upper_bound":1.0403703704,"ME":-0.3118518519,"ME_lower_bound":-0.7185185185,"ME_upper_bound":0.0566666667,"R2":0.4610265286,"R2_lower_bound":0.1451113534,"R2_upper_bound":0.7287794777,"m":1.0249273069,"m_lower_bound":0.5691502891,"m_upper_bound":1.5821647378,"ES":1.2596314908,"ES_lower_bound":1.10456886,"ES_upper_bound":1.3954395998},"2xtra":{"name":"YANK-GAFF_tip3pFB-wet_oct","category":"Physical","RMSE":1.1092172749,"RMSE_lower_bound":0.6597783017,"RMSE_upper_bound":1.4943114356,"MAE":0.72,"MAE_lower_bound":0.4292592593,"MAE_upper_bound":1.0548148148,"ME":-0.2044444444,"ME_lower_bound":-0.6251851852,"ME_upper_bound":0.1996296296,"R2":0.5361919327,"R2_lower_bound":0.256689275,"R2_upper_bound":0.7826891421,"m":1.2322810873,"m_lower_bound":0.8670241356,"m_upper_bound":1.8128232845,"ES":1.2506866544,"ES_lower_bound":1.0986582745,"ES_upper_bound":1.3932738891},"5xtra":{"name":"YANK-SMIRNOFF_OPC_wet_oct","category":"Physical","RMSE":1.1558722857,"RMSE_lower_bound":0.7369883662,"RMSE_upper_bound":1.5991803456,"MAE":0.8307407407,"MAE_lower_bound":0.5614814815,"MAE_upper_bound":1.1577777778,"ME":-0.0988888889,"ME_lower_bound":-0.5577777778,"ME_upper_bound":0.3055555556,"R2":0.4471083056,"R2_lower_bound":0.1291764396,"R2_upper_bound":0.7502648259,"m":1.1066842018,"m_lower_bound":0.7058369652,"m_upper_bound":1.5640299757,"ES":1.2185281063,"ES_lower_bound":1.0703348392,"ES_upper_bound":1.3479631604},"6xtra":{"name":"YANK-GAFF_OPC_wet_oct","category":"Physical","RMSE":1.2752472527,"RMSE_lower_bound":0.7220726341,"RMSE_upper_bound":1.7944069484,"MAE":0.8722222222,"MAE_lower_bound":0.562962963,"MAE_upper_bound":1.2474074074,"ME":-0.2818518519,"ME_lower_bound":-0.7811111111,"ME_upper_bound":0.1618518519,"R2":0.4384992794,"R2_lower_bound":0.1002495224,"R2_upper_bound":0.734845828,"m":1.1693611211,"m_lower_bound":0.523947256,"m_upper_bound":1.8250223573,"ES":1.2147832315,"ES_lower_bound":1.0582429544,"ES_upper_bound":1.3468915847}}