{"1xtra":{"name":"YANK-GAFF_tip3p-wet_oct","category":"Physical","RMSE":0.914054865,"RMSE_lower_bound":0.7195574772,"RMSE_upper_bound":1.107203685,"MAE":0.782962963,"MAE_lower_bound":0.6107407407,"MAE_upper_bound":0.9685185185,"ME":0.4059259259,"ME_lower_bound":0.0792592593,"ME_upper_bound":0.7003703704,"R2":0.5827843191,"R2_lower_bound":0.3240993365,"R2_upper_bound":0.7824971468,"m":1.0372924,"m_lower_bound":0.652631734,"m_upper_bound":1.5404290481,"ES":1.2529651625,"ES_lower_bound":1.1521806564,"ES_upper_bound":1.3367623753},"4xtra":{"name":"YANK-SMIRNOFF_tip3p-wet_oct","category":"Physical","RMSE":1.0455496517,"RMSE_lower_bound":0.7356528972,"RMSE_upper_bound":1.3231248086,"MAE":0.8240740741,"MAE_lower_bound":0.5911111111,"MAE_upper_bound":1.0822222222,"ME":0.2988888889,"ME_lower_bound":-0.0937037037,"ME_upper_bound":0.6755555556,"R2":0.4872187413,"R2_lower_bound":0.1473462164,"R2_upper_bound":0.7405930817,"m":1.0465703233,"m_lower_bound":0.532388794,"m_upper_bound":1.5240684288,"ES":1.2226000936,"ES_lower_bound":1.0881681133,"ES_upper_bound":1.3340326774},"3xtra":{"name":"YANK-SMIRNOFF_tip3pFB-wet_oct","category":"Physical","RMSE":1.0794443015,"RMSE_lower_bound":0.6233095658,"RMSE_upper_bound":1.4775743385,"MAE":0.7088888889,"MAE_lower_bound":0.4262962963,"MAE_upper_bound":1.0388888889,"ME":-0.3118518519,"ME_lower_bound":-0.7244444444,"ME_upper_bound":0.0544444444,"R2":0.4610265286,"R2_lower_bound":0.1549332277,"R2_upper_bound":0.7383187434,"m":1.0249273069,"m_lower_bound":0.5783610774,"m_upper_bound":1.5592366469,"ES":1.2596314908,"ES_lower_bound":1.1098703394,"ES_upper_bound":1.3907923456},"2xtra":{"name":"YANK-GAFF_tip3pFB-wet_oct","category":"Physical","RMSE":1.1092172749,"RMSE_lower_bound":0.6512125442,"RMSE_upper_bound":1.504061169,"MAE":0.72,"MAE_lower_bound":0.4285185185,"MAE_upper_bound":1.0655555556,"ME":-0.2044444444,"ME_lower_bound":-0.622962963,"ME_upper_bound":0.1903703704,"R2":0.5361919327,"R2_lower_bound":0.2691456466,"R2_upper_bound":0.7782384305,"m":1.2322810873,"m_lower_bound":0.8800347024,"m_upper_bound":1.8125821998,"ES":1.2506866544,"ES_lower_bound":1.0918904286,"ES_upper_bound":1.4018352142},"5xtra":{"name":"YANK-SMIRNOFF_OPC_wet_oct","category":"Physical","RMSE":1.1558722857,"RMSE_lower_bound":0.7327346041,"RMSE_upper_bound":1.6051895008,"MAE":0.8307407407,"MAE_lower_bound":0.5559259259,"MAE_upper_bound":1.1677777778,"ME":-0.0988888889,"ME_lower_bound":-0.557037037,"ME_upper_bound":0.3037037037,"R2":0.4471083056,"R2_lower_bound":0.1331664289,"R2_upper_bound":0.7457869654,"m":1.1066842018,"m_lower_bound":0.7126204225,"m_upper_bound":1.5594718797,"ES":1.2185281063,"ES_lower_bound":1.0687669549,"ES_upper_bound":1.3521253856}}