ID,name,category,RMSE,RMSE_lower_bound,RMSE_upper_bound,MAE,MAE_lower_bound,MAE_upper_bound,ME,ME_lower_bound,ME_upper_bound,R2,R2_lower_bound,R2_upper_bound,m,m_lower_bound,m_upper_bound,ES,ES_lower_bound,ES_upper_bound
1xtra,YANK-GAFF_tip3p-wet_oct,Physical,0.914054865036173,0.7206504263767814,1.1029170077235757,0.782962962962963,0.6107407407407407,0.9674074074074075,0.4059259259259258,0.08555555555555554,0.7,0.5827843191275005,0.3241901153105367,0.7835834315772887,1.0372924000161616,0.6486574913826557,1.545246716630644,1.2529651625129015,1.1491576851710859,1.3377775521829125
4xtra,YANK-SMIRNOFF_tip3p-wet_oct,Physical,1.0455496516541307,0.7441550017749438,1.319869522170868,0.8240740740740742,0.5974074074074074,1.0848148148148147,0.2988888888888888,-0.0862962962962964,0.6674074074074072,0.48721874130733506,0.1525399612924893,0.7340116280780294,1.0465703232713999,0.5507734372426387,1.5202498305585521,1.2226000936218693,1.0765612574657804,1.347026941666808
3xtra,YANK-SMIRNOFF_tip3pFB-wet_oct,Physical,1.0794443014810908,0.6228578103001133,1.4776282296928362,0.7088888888888889,0.4277777777777778,1.032962962962963,-0.31185185185185194,-0.7262962962962963,0.054074074074074115,0.46102652859543936,0.15129619341975376,0.7332766764739608,1.0249273068628886,0.5828248677500786,1.5656584802458349,1.2596314907872699,1.1180030342509406,1.394728975968507
2xtra,YANK-GAFF_tip3pFB-wet_oct,Physical,1.1092172749118916,0.6503332479070506,1.5085926726097578,0.7200000000000001,0.42925925925925923,1.0655555555555556,-0.20444444444444448,-0.6355555555555555,0.19555555555555554,0.5361919326998876,0.2628765452510123,0.7795527215010265,1.2322810872847927,0.859763213898409,1.8207093931224754,1.2506866543717468,1.0898826342712442,1.387374583354483
5xtra,YANK-SMIRNOFF_OPC_wet_oct,Physical,1.1558722856530217,0.7295736959195951,1.6024298678823612,0.8307407407407409,0.5555555555555556,1.1688888888888886,-0.09888888888888892,-0.5522222222222221,0.31111111111111106,0.4471083055980622,0.133083991883333,0.7499825968541807,1.1066842018211478,0.7112545525013242,1.5617707434907562,1.2185281063003006,1.0555358160048278,1.3548099645252074
