ID,name,category,RMSE,RMSE_lower_bound,RMSE_upper_bound,MAE,MAE_lower_bound,MAE_upper_bound,ME,ME_lower_bound,ME_upper_bound,R2,R2_lower_bound,R2_upper_bound,m,m_lower_bound,m_upper_bound,ES,ES_lower_bound,ES_upper_bound
1xtra,YANK-GAFF_tip3p-wet_oct,Physical,0.914054865036173,0.7195574771781355,1.1072036849649662,0.782962962962963,0.6107407407407406,0.9685185185185186,0.4059259259259258,0.07925925925925918,0.7003703703703704,0.5827843191275005,0.3240993364733706,0.7824971468472766,1.0372924000161616,0.6526317339695443,1.5404290480561298,1.2529651625129015,1.1521806563682613,1.3367623752883386
4xtra,YANK-SMIRNOFF_tip3p-wet_oct,Physical,1.0455496516541307,0.7356528972179646,1.3231248086477931,0.8240740740740742,0.5911111111111111,1.0822222222222222,0.2988888888888888,-0.09370370370370376,0.6755555555555555,0.48721874130733506,0.147346216420864,0.7405930816823201,1.0465703232713999,0.5323887940074127,1.5240684287590414,1.2226000936218693,1.0881681132937415,1.3340326774162623
3xtra,YANK-SMIRNOFF_tip3pFB-wet_oct,Physical,1.0794443014810908,0.6233095657976179,1.4775743385447402,0.7088888888888889,0.42629629629629634,1.038888888888889,-0.31185185185185194,-0.7244444444444444,0.05444444444444443,0.46102652859543936,0.1549332277253143,0.7383187434201335,1.0249273068628886,0.5783610773660982,1.5592366469398455,1.2596314907872699,1.1098703393510767,1.390792345566215
2xtra,YANK-GAFF_tip3pFB-wet_oct,Physical,1.1092172749118916,0.6512125442417228,1.5040611689688688,0.7200000000000001,0.4285185185185186,1.0655555555555554,-0.20444444444444448,-0.6229629629629629,0.1903703703703704,0.5361919326998876,0.26914564664453217,0.7782384304938809,1.2322810872847927,0.8800347024484904,1.8125821998175056,1.2506866543717468,1.0918904285738458,1.4018352142305246
5xtra,YANK-SMIRNOFF_OPC_wet_oct,Physical,1.1558722856530217,0.7327346040688948,1.6051895007547656,0.8307407407407409,0.5559259259259259,1.1677777777777776,-0.09888888888888892,-0.557037037037037,0.3037037037037037,0.4471083055980622,0.13316642892382508,0.7457869653620184,1.1066842018211478,0.712620422504788,1.559471879742587,1.2185281063003006,1.0687669548641077,1.3521253856262232
