{"1xtra":{"name":"YANK-GAFF_tip3p-wet_oct","category":"Physical","RMSE":0.914054865,"RMSE_lower_bound":0.7206504264,"RMSE_upper_bound":1.1029170077,"MAE":0.782962963,"MAE_lower_bound":0.6107407407,"MAE_upper_bound":0.9674074074,"ME":0.4059259259,"ME_lower_bound":0.0855555556,"ME_upper_bound":0.7,"R2":0.5827843191,"R2_lower_bound":0.3241901153,"R2_upper_bound":0.7835834316,"m":1.0372924,"m_lower_bound":0.6486574914,"m_upper_bound":1.5452467166,"ES":1.2529651625,"ES_lower_bound":1.1491576852,"ES_upper_bound":1.3377775522},"4xtra":{"name":"YANK-SMIRNOFF_tip3p-wet_oct","category":"Physical","RMSE":1.0455496517,"RMSE_lower_bound":0.7441550018,"RMSE_upper_bound":1.3198695222,"MAE":0.8240740741,"MAE_lower_bound":0.5974074074,"MAE_upper_bound":1.0848148148,"ME":0.2988888889,"ME_lower_bound":-0.0862962963,"ME_upper_bound":0.6674074074,"R2":0.4872187413,"R2_lower_bound":0.1525399613,"R2_upper_bound":0.7340116281,"m":1.0465703233,"m_lower_bound":0.5507734372,"m_upper_bound":1.5202498306,"ES":1.2226000936,"ES_lower_bound":1.0765612575,"ES_upper_bound":1.3470269417},"3xtra":{"name":"YANK-SMIRNOFF_tip3pFB-wet_oct","category":"Physical","RMSE":1.0794443015,"RMSE_lower_bound":0.6228578103,"RMSE_upper_bound":1.4776282297,"MAE":0.7088888889,"MAE_lower_bound":0.4277777778,"MAE_upper_bound":1.032962963,"ME":-0.3118518519,"ME_lower_bound":-0.7262962963,"ME_upper_bound":0.0540740741,"R2":0.4610265286,"R2_lower_bound":0.1512961934,"R2_upper_bound":0.7332766765,"m":1.0249273069,"m_lower_bound":0.5828248678,"m_upper_bound":1.5656584802,"ES":1.2596314908,"ES_lower_bound":1.1180030343,"ES_upper_bound":1.394728976},"2xtra":{"name":"YANK-GAFF_tip3pFB-wet_oct","category":"Physical","RMSE":1.1092172749,"RMSE_lower_bound":0.6503332479,"RMSE_upper_bound":1.5085926726,"MAE":0.72,"MAE_lower_bound":0.4292592593,"MAE_upper_bound":1.0655555556,"ME":-0.2044444444,"ME_lower_bound":-0.6355555556,"ME_upper_bound":0.1955555556,"R2":0.5361919327,"R2_lower_bound":0.2628765453,"R2_upper_bound":0.7795527215,"m":1.2322810873,"m_lower_bound":0.8597632139,"m_upper_bound":1.8207093931,"ES":1.2506866544,"ES_lower_bound":1.0898826343,"ES_upper_bound":1.3873745834},"5xtra":{"name":"YANK-SMIRNOFF_OPC_wet_oct","category":"Physical","RMSE":1.1558722857,"RMSE_lower_bound":0.7295736959,"RMSE_upper_bound":1.6024298679,"MAE":0.8307407407,"MAE_lower_bound":0.5555555556,"MAE_upper_bound":1.1688888889,"ME":-0.0988888889,"ME_lower_bound":-0.5522222222,"ME_upper_bound":0.3111111111,"R2":0.4471083056,"R2_lower_bound":0.1330839919,"R2_upper_bound":0.7499825969,"m":1.1066842018,"m_lower_bound":0.7112545525,"m_upper_bound":1.5617707435,"ES":1.2185281063,"ES_lower_bound":1.055535816,"ES_upper_bound":1.3548099645}}