{"1xtra":{"name":"YANK-GAFF_tip3p-wet_oct","category":"Physical","RMSE":0.914054865,"RMSE_lower_bound":0.7222982866,"RMSE_upper_bound":1.1046920134,"MAE":0.782962963,"MAE_lower_bound":0.6114814815,"MAE_upper_bound":0.9685185185,"ME":0.4059259259,"ME_lower_bound":0.0818518519,"ME_upper_bound":0.7007407407,"R2":0.5827843191,"R2_lower_bound":0.3296663847,"R2_upper_bound":0.7815731972,"m":1.0372924,"m_lower_bound":0.651523214,"m_upper_bound":1.5329722514,"ES":1.2529651625,"ES_lower_bound":1.1569745473,"ES_upper_bound":1.3415449864},"4xtra":{"name":"YANK-SMIRNOFF_tip3p-wet_oct","category":"Physical","RMSE":1.0455496517,"RMSE_lower_bound":0.7445381367,"RMSE_upper_bound":1.3201795613,"MAE":0.8240740741,"MAE_lower_bound":0.5940740741,"MAE_upper_bound":1.0781481481,"ME":0.2988888889,"ME_lower_bound":-0.0840740741,"ME_upper_bound":0.6651851852,"R2":0.4872187413,"R2_lower_bound":0.1565988877,"R2_upper_bound":0.7366083182,"m":1.0465703233,"m_lower_bound":0.5554072878,"m_upper_bound":1.5217473977,"ES":1.2226000936,"ES_lower_bound":1.0906383771,"ES_upper_bound":1.3370218094},"3xtra":{"name":"YANK-SMIRNOFF_tip3pFB-wet_oct","category":"Physical","RMSE":1.0794443015,"RMSE_lower_bound":0.6244582838,"RMSE_upper_bound":1.4623243801,"MAE":0.7088888889,"MAE_lower_bound":0.4292592593,"MAE_upper_bound":1.0314814815,"ME":-0.3118518519,"ME_lower_bound":-0.7151851852,"ME_upper_bound":0.0581481481,"R2":0.4610265286,"R2_lower_bound":0.1478143677,"R2_upper_bound":0.7318893455,"m":1.0249273069,"m_lower_bound":0.5669887008,"m_upper_bound":1.5802397453,"ES":1.2596314908,"ES_lower_bound":1.1122390854,"ES_upper_bound":1.3852991106},"2xtra":{"name":"YANK-GAFF_tip3pFB-wet_oct","category":"Physical","RMSE":1.1092172749,"RMSE_lower_bound":0.6453824591,"RMSE_upper_bound":1.5055883555,"MAE":0.72,"MAE_lower_bound":0.4314814815,"MAE_upper_bound":1.0614814815,"ME":-0.2044444444,"ME_lower_bound":-0.6340740741,"ME_upper_bound":0.1825925926,"R2":0.5361919327,"R2_lower_bound":0.2562541965,"R2_upper_bound":0.7806495396,"m":1.2322810873,"m_lower_bound":0.8672955477,"m_upper_bound":1.8064935059,"ES":1.2506866544,"ES_lower_bound":1.100440474,"ES_upper_bound":1.3967367703},"5xtra":{"name":"YANK-SMIRNOFF_OPC_wet_oct","category":"Physical","RMSE":1.1558722857,"RMSE_lower_bound":0.7246940606,"RMSE_upper_bound":1.6014195092,"MAE":0.8307407407,"MAE_lower_bound":0.5496296296,"MAE_upper_bound":1.1648148148,"ME":-0.0988888889,"ME_lower_bound":-0.5674074074,"ME_upper_bound":0.3077777778,"R2":0.4471083056,"R2_lower_bound":0.1265230077,"R2_upper_bound":0.752530833,"m":1.1066842018,"m_lower_bound":0.6953062128,"m_upper_bound":1.5535112213,"ES":1.2185281063,"ES_lower_bound":1.0781968202,"ES_upper_bound":1.3446920348},"6xtra":{"name":"YANK-GAFF_OPC_wet_oct","category":"Physical","RMSE":1.2752472527,"RMSE_lower_bound":0.7173794905,"RMSE_upper_bound":1.7868003681,"MAE":0.8722222222,"MAE_lower_bound":0.5548148148,"MAE_upper_bound":1.257037037,"ME":-0.2818518519,"ME_lower_bound":-0.7781481481,"ME_upper_bound":0.157037037,"R2":0.4384992794,"R2_lower_bound":0.1050327536,"R2_upper_bound":0.7309980981,"m":1.1693611211,"m_lower_bound":0.5283012169,"m_upper_bound":1.8046490591,"ES":1.2147832315,"ES_lower_bound":1.0609613725,"ES_upper_bound":1.3408682018}}