{"1xtra":{"name":"YANK-GAFF_tip3p-wet_oct","category":"Physical","type":"Standard","RMSE":0.914054865,"RMSE_lower_bound":0.7230798327,"RMSE_upper_bound":1.1042359517,"MAE":0.782962963,"MAE_lower_bound":0.6096296296,"MAE_upper_bound":0.9703703704,"ME":0.4059259259,"ME_lower_bound":0.0737037037,"ME_upper_bound":0.7025925926,"R2":0.5827843191,"R2_lower_bound":0.323775846,"R2_upper_bound":0.7844153881,"m":1.0372924,"m_lower_bound":0.6465172951,"m_upper_bound":1.524842898,"kendall_tau":0.5498575499,"kendall_tau_lower_bound":0.3137829912,"kendall_tau_upper_bound":0.7337278107,"ES":1.2529651625,"ES_lower_bound":1.1562300842,"ES_upper_bound":1.3350252948},"8xtra":{"name":"YANK-extra_mols_SMIRNOFF_tip3p_dry_octanol","category":"Physical","type":"Standard","RMSE":1.0081960421,"RMSE_lower_bound":0.6778233136,"RMSE_upper_bound":1.3434367206,"MAE":0.7777777778,"MAE_lower_bound":0.5566666667,"MAE_upper_bound":1.0377777778,"ME":0.3888888889,"ME_lower_bound":0.037037037,"ME_upper_bound":0.7425925926,"R2":0.4945611212,"R2_lower_bound":0.1097230618,"R2_upper_bound":0.7819463145,"m":0.9868494233,"m_lower_bound":0.4293239475,"m_upper_bound":1.4311255517,"kendall_tau":0.4586894587,"kendall_tau_lower_bound":0.1513353116,"kendall_tau_upper_bound":0.7134328358,"ES":1.2517695097,"ES_lower_bound":1.1270155491,"ES_upper_bound":1.3550468391},"4xtra":{"name":"YANK-SMIRNOFF_tip3p-wet_oct","category":"Physical","type":"Standard","RMSE":1.0455496517,"RMSE_lower_bound":0.7417122333,"RMSE_upper_bound":1.3236971232,"MAE":0.8240740741,"MAE_lower_bound":0.5933333333,"MAE_upper_bound":1.0825925926,"ME":0.2988888889,"ME_lower_bound":-0.0833333333,"ME_upper_bound":0.6718518519,"R2":0.4872187413,"R2_lower_bound":0.1544807706,"R2_upper_bound":0.7390685647,"m":1.0465703233,"m_lower_bound":0.558209105,"m_upper_bound":1.541445188,"kendall_tau":0.4679034718,"kendall_tau_lower_bound":0.209439528,"kendall_tau_upper_bound":0.6939978156,"ES":1.2226000936,"ES_lower_bound":1.0862279975,"ES_upper_bound":1.3415449864},"7xtra":{"name":"YANK-extra_mols_GAFF_tip3p_dry_octanol","category":"Physical","type":"Standard","RMSE":1.0547493998,"RMSE_lower_bound":0.8498932395,"RMSE_upper_bound":1.2444677577,"MAE":0.9303703704,"MAE_lower_bound":0.7518518519,"MAE_upper_bound":1.1214814815,"ME":0.6185185185,"ME_lower_bound":0.2807407407,"ME_upper_bound":0.9362962963,"R2":0.5806187016,"R2_lower_bound":0.3014009729,"R2_upper_bound":0.7910193695,"m":1.07468991,"m_lower_bound":0.7123496024,"m_upper_bound":1.5462467443,"kendall_tau":0.566951567,"kendall_tau_lower_bound":0.3232628399,"kendall_tau_upper_bound":0.7664670659,"ES":1.183831616,"ES_lower_bound":1.0736285242,"ES_upper_bound":1.2916772414},"3xtra":{"name":"YANK-SMIRNOFF_tip3pFB-wet_oct","category":"Physical","type":"Standard","RMSE":1.0794443015,"RMSE_lower_bound":0.6231907145,"RMSE_upper_bound":1.4761110066,"MAE":0.7088888889,"MAE_lower_bound":0.4307407407,"MAE_upper_bound":1.0422222222,"ME":-0.3118518519,"ME_lower_bound":-0.7285185185,"ME_upper_bound":0.0555555556,"R2":0.4610265286,"R2_lower_bound":0.1499566133,"R2_upper_bound":0.7379191964,"m":1.0249273069,"m_lower_bound":0.5731821062,"m_upper_bound":1.5705896754,"kendall_tau":0.5306710107,"kendall_tau_lower_bound":0.2754491018,"kendall_tau_upper_bound":0.7492754886,"ES":1.2596314908,"ES_lower_bound":1.104659098,"ES_upper_bound":1.398902481},"2xtra":{"name":"YANK-GAFF_tip3pFB-wet_oct","category":"Physical","type":"Standard","RMSE":1.1092172749,"RMSE_lower_bound":0.6464661774,"RMSE_upper_bound":1.5006208592,"MAE":0.72,"MAE_lower_bound":0.4274074074,"MAE_upper_bound":1.0625925926,"ME":-0.2044444444,"ME_lower_bound":-0.6303703704,"ME_upper_bound":0.19,"R2":0.5361919327,"R2_lower_bound":0.2577917128,"R2_upper_bound":0.7813610778,"m":1.2322810873,"m_lower_bound":0.8610541258,"m_upper_bound":1.8012845571,"kendall_tau":0.5726495726,"kendall_tau_lower_bound":0.3392857143,"kendall_tau_upper_bound":0.7731343284,"ES":1.2506866544,"ES_lower_bound":1.0797647046,"ES_upper_bound":1.392179754},"5xtra":{"name":"YANK-SMIRNOFF_OPC_wet_oct","category":"Physical","type":"Standard","RMSE":1.1558722857,"RMSE_lower_bound":0.7335403748,"RMSE_upper_bound":1.592624203,"MAE":0.8307407407,"MAE_lower_bound":0.5562962963,"MAE_upper_bound":1.1555555556,"ME":-0.0988888889,"ME_lower_bound":-0.5562962963,"ME_upper_bound":0.3088888889,"R2":0.4471083056,"R2_lower_bound":0.1208550669,"R2_upper_bound":0.7511892998,"m":1.1066842018,"m_lower_bound":0.6903794348,"m_upper_bound":1.5523796031,"kendall_tau":0.5156695157,"kendall_tau_lower_bound":0.2781065089,"kendall_tau_upper_bound":0.7100591716,"ES":1.2185281063,"ES_lower_bound":1.0779373861,"ES_upper_bound":1.3482902729},"6xtra":{"name":"YANK-GAFF_OPC_wet_oct","category":"Physical","type":"Standard","RMSE":1.2752472527,"RMSE_lower_bound":0.7233998945,"RMSE_upper_bound":1.8100378551,"MAE":0.8722222222,"MAE_lower_bound":0.5592592593,"MAE_upper_bound":1.2640740741,"ME":-0.2818518519,"ME_lower_bound":-0.8011111111,"ME_upper_bound":0.1611111111,"R2":0.4384992794,"R2_lower_bound":0.1051079197,"R2_upper_bound":0.7353255565,"m":1.1693611211,"m_lower_bound":0.5374011107,"m_upper_bound":1.8186989094,"kendall_tau":0.4679034718,"kendall_tau_lower_bound":0.1713443524,"kendall_tau_upper_bound":0.7132467527,"ES":1.2147832315,"ES_lower_bound":1.062608215,"ES_upper_bound":1.3482564337}}