{"TEMOA-G6":{"RMSE":1.5899023676,"RMSE_lower_bound":1.0212346977,"RMSE_upper_bound":2.1113138454,"MAE":1.3116923077,"MAE_lower_bound":0.8558461538,"MAE_upper_bound":1.8230769231,"ME":0.3990769231,"ME_lower_bound":-0.4093846154,"ME_upper_bound":1.25},"OA-G6":{"RMSE":1.7956451951,"RMSE_lower_bound":0.8070522494,"RMSE_upper_bound":2.5271360602,"MAE":1.3258333333,"MAE_lower_bound":0.7,"MAE_upper_bound":2.06,"ME":0.7225,"ME_lower_bound":-0.15,"ME_upper_bound":1.7041666667},"OA-G0":{"RMSE":1.8554020229,"RMSE_lower_bound":0.9570527676,"RMSE_upper_bound":2.5414202066,"MAE":1.3866666667,"MAE_lower_bound":0.7425,"MAE_upper_bound":2.1241666667,"ME":1.0016666667,"ME_lower_bound":0.1541666667,"ME_upper_bound":1.9116666667},"TEMOA-G0":{"RMSE":1.8043790536,"RMSE_lower_bound":1.0311233605,"RMSE_upper_bound":2.4576769676,"MAE":1.4151538462,"MAE_lower_bound":0.8551538462,"MAE_upper_bound":2.0630769231,"ME":0.3248461538,"ME_lower_bound":-0.5715384615,"ME_upper_bound":1.3438461538},"OA-G7":{"RMSE":1.6912150464,"RMSE_lower_bound":1.0524218102,"RMSE_upper_bound":2.307637681,"MAE":1.4225,"MAE_lower_bound":0.9616666667,"MAE_upper_bound":1.9858333333,"ME":-0.0191666667,"ME_lower_bound":-0.9083333333,"ME_upper_bound":0.99},"OA-G3":{"RMSE":1.751035408,"RMSE_lower_bound":1.062877384,"RMSE_upper_bound":2.3997899214,"MAE":1.4525,"MAE_lower_bound":0.9583333333,"MAE_upper_bound":2.0533333333,"ME":0.1841666667,"ME_lower_bound":-0.75,"ME_upper_bound":1.2158333333},"OA-G5":{"RMSE":2.0347010427,"RMSE_lower_bound":1.175957057,"RMSE_upper_bound":2.7900134408,"MAE":1.5525,"MAE_lower_bound":0.8525,"MAE_upper_bound":2.3316666667,"ME":0.6775,"ME_lower_bound":-0.3866666667,"ME_upper_bound":1.785},"TEMOA-G1":{"RMSE":1.9933676376,"RMSE_lower_bound":1.2639589818,"RMSE_upper_bound":2.7025828102,"MAE":1.6233076923,"MAE_lower_bound":1.0383846154,"MAE_upper_bound":2.2856153846,"ME":0.4043846154,"ME_lower_bound":-0.6134615385,"ME_upper_bound":1.5061538462},"TEMOA-G3":{"RMSE":1.834691674,"RMSE_lower_bound":1.3284461716,"RMSE_upper_bound":2.3535690083,"MAE":1.6264615385,"MAE_lower_bound":1.1930769231,"MAE_upper_bound":2.1101538462,"ME":0.0243076923,"ME_lower_bound":-0.9544615385,"ME_upper_bound":1.0407692308},"OA-G1":{"RMSE":2.1047763143,"RMSE_lower_bound":1.1937476003,"RMSE_upper_bound":2.8391826876,"MAE":1.6466666667,"MAE_lower_bound":0.9583333333,"MAE_upper_bound":2.4283333333,"ME":0.985,"ME_lower_bound":-0.0383333333,"ME_upper_bound":2.0533333333},"OA-G4":{"RMSE":2.6532872693,"RMSE_lower_bound":1.3005127194,"RMSE_upper_bound":3.7782612844,"MAE":1.8433333333,"MAE_lower_bound":0.8433333333,"MAE_upper_bound":2.9966666667,"ME":1.2566666667,"ME_lower_bound":-0.0125,"ME_upper_bound":2.6175},"TEMOA-G5":{"RMSE":2.3476529032,"RMSE_lower_bound":1.4667432264,"RMSE_upper_bound":3.233614315,"MAE":1.8878461538,"MAE_lower_bound":1.19,"MAE_upper_bound":2.7018461538,"ME":0.7998461538,"ME_lower_bound":-0.3495384615,"ME_upper_bound":2.0383076923},"OA-G2":{"RMSE":2.4307389137,"RMSE_lower_bound":1.4527588696,"RMSE_upper_bound":3.249764094,"MAE":1.9041666667,"MAE_lower_bound":1.0908333333,"MAE_upper_bound":2.79,"ME":0.4425,"ME_lower_bound":-0.9641666667,"ME_upper_bound":1.7375},"CB8-G6":{"RMSE":2.6741557716,"RMSE_lower_bound":1.7012856101,"RMSE_upper_bound":3.4645857682,"MAE":2.1527272727,"MAE_lower_bound":1.2418181818,"MAE_upper_bound":3.1027272727,"ME":0.3745454545,"ME_lower_bound":-1.1872727273,"ME_upper_bound":1.9472727273},"TEMOA-G7":{"RMSE":3.0371923269,"RMSE_lower_bound":1.7542976679,"RMSE_upper_bound":4.1367394072,"MAE":2.3483076923,"MAE_lower_bound":1.378,"MAE_upper_bound":3.4543076923,"ME":1.4436923077,"ME_lower_bound":0.0404615385,"ME_upper_bound":2.9346153846},"TEMOA-G4":{"RMSE":3.0596241725,"RMSE_lower_bound":1.9579523055,"RMSE_upper_bound":4.0556352059,"MAE":2.4516153846,"MAE_lower_bound":1.5076923077,"MAE_upper_bound":3.4946153846,"ME":1.6931538462,"ME_lower_bound":0.3184615385,"ME_upper_bound":3.0885384615},"CB8-G10":{"RMSE":3.0355799206,"RMSE_lower_bound":1.9910869576,"RMSE_upper_bound":3.854273897,"MAE":2.4581818182,"MAE_lower_bound":1.4163636364,"MAE_upper_bound":3.5181818182,"ME":1.3872727273,"ME_lower_bound":-0.26,"ME_upper_bound":2.9390909091},"CB8-G9":{"RMSE":3.3109487792,"RMSE_lower_bound":1.6746315741,"RMSE_upper_bound":4.6680675387,"MAE":2.5163636364,"MAE_lower_bound":1.3572727273,"MAE_upper_bound":3.8790909091,"ME":1.6163636364,"ME_lower_bound":-0.0127272727,"ME_upper_bound":3.3845454545},"TEMOA-G2":{"RMSE":3.2190530858,"RMSE_lower_bound":2.170497497,"RMSE_upper_bound":4.0809843835,"MAE":2.5566153846,"MAE_lower_bound":1.5093846154,"MAE_upper_bound":3.6192307692,"ME":1.7972307692,"ME_lower_bound":0.3030769231,"ME_upper_bound":3.1941538462},"CB8-G7":{"RMSE":3.0107776102,"RMSE_lower_bound":2.0758963015,"RMSE_upper_bound":3.8079426562,"MAE":2.6072727273,"MAE_lower_bound":1.7390909091,"MAE_upper_bound":3.5081818182,"ME":-0.8163636364,"ME_lower_bound":-2.4872727273,"ME_upper_bound":0.9227272727},"CB8-G1":{"RMSE":3.4307340852,"RMSE_lower_bound":2.2786918097,"RMSE_upper_bound":4.392828867,"MAE":2.8481818182,"MAE_lower_bound":1.7418181818,"MAE_upper_bound":3.9918181818,"ME":-0.7754545455,"ME_lower_bound":-2.7,"ME_upper_bound":1.2372727273},"CB8-G8":{"RMSE":3.5785128958,"RMSE_lower_bound":2.2205507097,"RMSE_upper_bound":4.7111743373,"MAE":2.91,"MAE_lower_bound":1.7281818182,"MAE_upper_bound":4.1754545455,"ME":-0.4390909091,"ME_lower_bound":-2.5290909091,"ME_upper_bound":1.6627272727},"CB8-G0":{"RMSE":3.7472317055,"RMSE_lower_bound":2.3532839724,"RMSE_upper_bound":4.8987048381,"MAE":3.0854545455,"MAE_lower_bound":1.8818181818,"MAE_upper_bound":4.3827272727,"ME":2.4472727273,"ME_lower_bound":0.7690909091,"ME_upper_bound":4.1090909091},"CB8-G2":{"RMSE":4.270172447,"RMSE_lower_bound":2.8913192962,"RMSE_upper_bound":5.5069493287,"MAE":3.63,"MAE_lower_bound":2.3463636364,"MAE_upper_bound":4.9827272727,"ME":2.8518181818,"ME_lower_bound":0.9390909091,"ME_upper_bound":4.6863636364},"CB8-G5":{"RMSE":4.7036484872,"RMSE_lower_bound":3.0183890947,"RMSE_upper_bound":6.0928922823,"MAE":3.7836363636,"MAE_lower_bound":2.1754545455,"MAE_upper_bound":5.4381818182,"ME":3.7072727273,"ME_lower_bound":2.0345454545,"ME_upper_bound":5.4118181818},"CB8-G3":{"RMSE":4.763549097,"RMSE_lower_bound":3.0461764409,"RMSE_upper_bound":6.1850913126,"MAE":3.9436363636,"MAE_lower_bound":2.4209090909,"MAE_upper_bound":5.5590909091,"ME":1.8927272727,"ME_lower_bound":-0.8363636364,"ME_upper_bound":4.3254545455},"CB8-G4":{"RMSE":4.6437964484,"RMSE_lower_bound":3.1461376032,"RMSE_upper_bound":5.9938096855,"MAE":3.9772727273,"MAE_lower_bound":2.6036363636,"MAE_upper_bound":5.4245454545,"ME":1.5390909091,"ME_lower_bound":-1.0263636364,"ME_upper_bound":4.1154545455}}