{"REF02":{"name":"YANK-GAFF-TIP3P-wet-oct","category":"Physical","type":"Reference","RMSE":1.6150654363,"RMSE_lower_bound":0.481229486,"RMSE_upper_bound":2.6348141214,"MAE":0.9745454545,"MAE_lower_bound":0.4118181818,"MAE_upper_bound":1.8363636364,"ME":-0.8309090909,"ME_lower_bound":-1.7636363636,"ME_upper_bound":-0.1654545455,"R2":0.2185729852,"R2_lower_bound":0.0065742878,"R2_upper_bound":0.8754921366,"m":1.0976847494,"m_lower_bound":0.0771567126,"m_upper_bound":1.9847870502,"kendall_tau":0.5272727273,"kendall_tau_lower_bound":0.1020408163,"kendall_tau_upper_bound":0.8823529412,"ES":1.224524828,"ES_lower_bound":0.9228511705,"ES_upper_bound":1.4213214835},"REF07":{"name":"YANK-GAFF-tip3p-dry-oct","category":"Physical","type":"Reference","RMSE":1.7301996732,"RMSE_lower_bound":0.4633573135,"RMSE_upper_bound":2.8580047077,"MAE":0.9518181818,"MAE_lower_bound":0.32,"MAE_upper_bound":1.9090909091,"ME":-0.7481818182,"ME_lower_bound":-1.78,"ME_upper_bound":-0.0227272727,"R2":0.2175472817,"R2_lower_bound":0.0058201834,"R2_upper_bound":0.853947189,"m":1.2282677848,"m_lower_bound":0.039503063,"m_upper_bound":2.3415508727,"kendall_tau":0.4909090909,"kendall_tau_lower_bound":0.08,"kendall_tau_upper_bound":0.8695652174,"ES":1.2331907471,"ES_lower_bound":0.9521436383,"ES_upper_bound":1.441421986},"REF08":{"name":"YANK-SMIRNOFF-TIP3P-dry-oct","category":"Physical","type":"Reference","RMSE":1.739419966,"RMSE_lower_bound":0.5241096346,"RMSE_upper_bound":2.8552551231,"MAE":1.0509090909,"MAE_lower_bound":0.4781818182,"MAE_upper_bound":1.9645454545,"ME":-0.8309090909,"ME_lower_bound":-1.8381818182,"ME_upper_bound":-0.1127272727,"R2":0.0764947552,"R2_lower_bound":0.0007548514,"R2_upper_bound":0.6906439013,"m":0.6521934051,"m_lower_bound":-0.5117341907,"m_upper_bound":1.6799918278,"kendall_tau":0.3090909091,"kendall_tau_lower_bound":-0.1836734694,"kendall_tau_upper_bound":0.7391304348,"ES":1.2177692872,"ES_lower_bound":0.9358638925,"ES_upper_bound":1.4112989188},"REF05":{"name":"YANK-SMIRNOFF-TIP3P-wet-oct","category":"Physical","type":"Reference","RMSE":1.7729020893,"RMSE_lower_bound":0.5631001849,"RMSE_upper_bound":2.8804608217,"MAE":1.0709090909,"MAE_lower_bound":0.43,"MAE_upper_bound":2.0427272727,"ME":-0.9672727273,"ME_lower_bound":-1.9809090909,"ME_upper_bound":-0.2563636364,"R2":0.0750613675,"R2_lower_bound":0.0004965805,"R2_upper_bound":0.7102096091,"m":0.6260161543,"m_lower_bound":-0.5417171681,"m_upper_bound":1.7551427318,"kendall_tau":0.3454545455,"kendall_tau_lower_bound":-0.137254902,"kendall_tau_upper_bound":0.7777777778,"ES":1.1797832136,"ES_lower_bound":0.8806844138,"ES_upper_bound":1.4050694243},"REF06":{"name":"YANK-SMIRNOFF-OPC-wet-oct","category":"Physical","type":"Reference","RMSE":2.3270386956,"RMSE_lower_bound":1.1994089453,"RMSE_upper_bound":3.4297084424,"MAE":1.8454545455,"MAE_lower_bound":1.16,"MAE_upper_bound":2.8063636364,"ME":-1.8454545455,"ME_lower_bound":-2.8018181818,"ME_upper_bound":-1.16,"R2":0.1294243142,"R2_lower_bound":0.0013553384,"R2_upper_bound":0.8821115029,"m":0.81696015,"m_lower_bound":-0.5293653543,"m_upper_bound":1.826732306,"kendall_tau":0.4403855061,"kendall_tau_lower_bound":-0.04,"kendall_tau_upper_bound":0.8317239361,"ES":0.8483741019,"ES_lower_bound":0.5802012819,"ES_upper_bound":1.0801389869},"REF03":{"name":"YANK-GAFF-OPC-wet-oct","category":"Physical","type":"Reference","RMSE":2.3463569441,"RMSE_lower_bound":1.1878092899,"RMSE_upper_bound":3.383078211,"MAE":1.8463636364,"MAE_lower_bound":1.0909090909,"MAE_upper_bound":2.79,"ME":-1.8463636364,"ME_lower_bound":-2.7890909091,"ME_upper_bound":-1.09,"R2":0.1337819101,"R2_lower_bound":0.0012646202,"R2_upper_bound":0.785155549,"m":0.8516814679,"m_lower_bound":-0.6810378567,"m_upper_bound":2.1316293834,"kendall_tau":0.3454545455,"kendall_tau_lower_bound":-0.2941176471,"kendall_tau_upper_bound":0.8431372549,"ES":0.8400681091,"ES_lower_bound":0.5532068054,"ES_upper_bound":1.1198139458},"REF01":{"name":"YANK-GAFF-TIP3P-FB-wet-oct","category":"Physical","type":"Reference","RMSE":2.3996458072,"RMSE_lower_bound":1.1518759403,"RMSE_upper_bound":3.6452422291,"MAE":1.8209090909,"MAE_lower_bound":1.0854545455,"MAE_upper_bound":2.8972727273,"ME":-1.8209090909,"ME_lower_bound":-2.8963636364,"ME_upper_bound":-1.0845454545,"R2":0.1522808976,"R2_lower_bound":0.0017372032,"R2_upper_bound":0.8513663791,"m":0.9937961106,"m_lower_bound":-0.268050721,"m_upper_bound":2.1194208386,"kendall_tau":0.4181818182,"kendall_tau_lower_bound":-0.0980392157,"kendall_tau_upper_bound":0.7959183673,"ES":0.8755623849,"ES_lower_bound":0.5763528386,"ES_upper_bound":1.1420186331},"REF04":{"name":"YANK-SMIRNOFF-TIP3P-FB-wet-oct","category":"Physical","type":"Reference","RMSE":2.4138351228,"RMSE_lower_bound":1.233107678,"RMSE_upper_bound":3.5731943946,"MAE":1.8072727273,"MAE_lower_bound":0.9954545455,"MAE_upper_bound":2.8681818182,"ME":-1.8072727273,"ME_lower_bound":-2.8663636364,"ME_upper_bound":-0.9927272727,"R2":0.171191663,"R2_lower_bound":0.00415633,"R2_upper_bound":0.702599937,"m":1.0902717062,"m_lower_bound":-0.0376794916,"m_upper_bound":2.1959574095,"kendall_tau":0.2727272727,"kendall_tau_lower_bound":-0.2,"kendall_tau_upper_bound":0.6326530612,"ES":0.8516411257,"ES_lower_bound":0.5345736949,"ES_upper_bound":1.1509614187}}