{"REF11":{"name":"logP(o\/w) (MOE)","category":"Empirical","type":"Standard","RMSE":0.542628284,"RMSE_lower_bound":0.2501090671,"RMSE_upper_bound":0.8060397013,"MAE":0.3881818182,"MAE_lower_bound":0.1927272727,"MAE_upper_bound":0.6363636364,"ME":0.19,"ME_lower_bound":-0.0954545455,"ME_upper_bound":0.5072727273,"R2":0.5868180914,"R2_lower_bound":0.3607843565,"R2_upper_bound":0.8888350775,"m":0.9011042365,"m_lower_bound":0.3819951582,"m_upper_bound":1.619695246,"kendall_tau":0.6727272727,"kendall_tau_lower_bound":0.3469387755,"kendall_tau_upper_bound":0.9583333333,"ES":0.0715145978,"ES_lower_bound":0.0,"ES_upper_bound":0.3356728546},"REF13":{"name":"SlogP (MOE)","category":"Empirical","type":"Standard","RMSE":0.5519057891,"RMSE_lower_bound":0.3696312659,"RMSE_upper_bound":0.7063478412,"MAE":0.4727272727,"MAE_lower_bound":0.3081818182,"MAE_upper_bound":0.6436363636,"ME":-0.2727272727,"ME_lower_bound":-0.5472727273,"ME_upper_bound":0.0172727273,"R2":0.6858124464,"R2_lower_bound":0.2988418923,"R2_upper_bound":0.9219995465,"m":1.0598624169,"m_lower_bound":0.5426541602,"m_upper_bound":1.5452484434,"kendall_tau":0.6,"kendall_tau_lower_bound":0.0833333333,"kendall_tau_upper_bound":0.9583333333,"ES":0.0107977906,"ES_lower_bound":0.0,"ES_upper_bound":0.1587828952},"REF12":{"name":"MoKa_logP","category":"Empirical","type":"Standard","RMSE":0.5971599451,"RMSE_lower_bound":0.4150574988,"RMSE_upper_bound":0.7604723413,"MAE":0.52,"MAE_lower_bound":0.3518181818,"MAE_upper_bound":0.7018181818,"ME":-0.0818181818,"ME_lower_bound":-0.4354545455,"ME_upper_bound":0.2618181818,"R2":0.6650849212,"R2_lower_bound":0.2214231028,"R2_upper_bound":0.9011201733,"m":1.2137858421,"m_lower_bound":0.758084413,"m_upper_bound":1.5378094269,"kendall_tau":0.5504818826,"kendall_tau_lower_bound":0.0588235294,"kendall_tau_upper_bound":0.88,"ES":0.0,"ES_lower_bound":0.0,"ES_upper_bound":0.0054542686},"REF10":{"name":"h_logP (MOE)","category":"Empirical","type":"Standard","RMSE":0.6049793385,"RMSE_lower_bound":0.3859109648,"RMSE_upper_bound":0.8298630774,"MAE":0.5072727273,"MAE_lower_bound":0.3345454545,"MAE_upper_bound":0.7181818182,"ME":-0.0436363636,"ME_lower_bound":-0.4209090909,"ME_upper_bound":0.2918181818,"R2":0.3771350042,"R2_lower_bound":0.0066072375,"R2_upper_bound":0.810985423,"m":0.64948118,"m_lower_bound":-0.0542989751,"m_upper_bound":1.2264126066,"kendall_tau":0.3454545455,"kendall_tau_lower_bound":-0.2653061224,"kendall_tau_upper_bound":0.8,"ES":0.0211525949,"ES_lower_bound":0.0,"ES_upper_bound":0.1367720143},"REF09":{"name":"clogP (Biobyte)","category":"Empirical","type":"Standard","RMSE":0.8222198335,"RMSE_lower_bound":0.5225462137,"RMSE_upper_bound":1.1050750694,"MAE":0.6827272727,"MAE_lower_bound":0.4290909091,"MAE_upper_bound":0.9681818182,"ME":-0.2572727273,"ME_lower_bound":-0.7072727273,"ME_upper_bound":0.1990909091,"R2":0.4631155837,"R2_lower_bound":0.0871670269,"R2_upper_bound":0.8955413437,"m":1.0852788309,"m_lower_bound":0.4384516021,"m_upper_bound":1.7806224104,"kendall_tau":0.4770842982,"kendall_tau_lower_bound":-0.0412393049,"kendall_tau_upper_bound":0.8632057191,"ES":0.0107977906,"ES_lower_bound":0.0,"ES_upper_bound":0.1796309371},"REF02":{"name":"YANK-GAFF-tip3p-wet-oct","category":"Physical","type":"Standard","RMSE":2.2912164296,"RMSE_lower_bound":1.07085777,"RMSE_upper_bound":3.5302356347,"MAE":1.6781818182,"MAE_lower_bound":0.9554545455,"MAE_upper_bound":2.7345454545,"ME":-1.6781818182,"ME_lower_bound":-2.7336363636,"ME_upper_bound":-0.9554545455,"R2":0.2254295872,"R2_lower_bound":0.0048841921,"R2_upper_bound":0.9035073477,"m":1.255053333,"m_lower_bound":0.0651344918,"m_upper_bound":2.3739065357,"kendall_tau":0.5272727273,"kendall_tau_lower_bound":0.0588235294,"kendall_tau_upper_bound":0.9183673469,"ES":0.929163725,"ES_lower_bound":0.6582222407,"ES_upper_bound":1.1767930562},"REF05":{"name":"YANK-SMIRNOFF-tip3p-wet-oct","category":"Physical","type":"Standard","RMSE":2.3079467459,"RMSE_lower_bound":1.2008633258,"RMSE_upper_bound":3.4831908047,"MAE":1.7963636364,"MAE_lower_bound":1.1481818182,"MAE_upper_bound":2.7863636364,"ME":-1.7963636364,"ME_lower_bound":-2.7845454545,"ME_upper_bound":-1.1481818182,"R2":0.1962499752,"R2_lower_bound":0.0039415329,"R2_upper_bound":0.9178163997,"m":1.0736188673,"m_lower_bound":-0.1397999438,"m_upper_bound":2.1971711272,"kendall_tau":0.4545454545,"kendall_tau_lower_bound":-0.0638297872,"kendall_tau_upper_bound":0.875,"ES":0.8679485582,"ES_lower_bound":0.616526157,"ES_upper_bound":1.0849287761},"REF08":{"name":"YANK-SMIRNOFF-tip3p-dry-oct","category":"Physical","type":"Standard","RMSE":2.3384143812,"RMSE_lower_bound":1.0264679068,"RMSE_upper_bound":3.6494495226,"MAE":1.6563636364,"MAE_lower_bound":0.9109090909,"MAE_upper_bound":2.7490909091,"ME":-1.6563636364,"ME_lower_bound":-2.7463636364,"ME_upper_bound":-0.91,"R2":0.1279592225,"R2_lower_bound":0.0016017833,"R2_upper_bound":0.810322083,"m":0.9484286581,"m_lower_bound":-0.2945047036,"m_upper_bound":2.0139592266,"kendall_tau":0.4181818182,"kendall_tau_lower_bound":-0.0196078431,"kendall_tau_upper_bound":0.7551020408,"ES":0.9557152152,"ES_lower_bound":0.6967897338,"ES_upper_bound":1.1848498692},"REF07":{"name":"YANK-GAFF-tip3p-dry-oct","category":"Physical","type":"Standard","RMSE":2.3848232258,"RMSE_lower_bound":1.0257059653,"RMSE_upper_bound":3.7221022896,"MAE":1.6509090909,"MAE_lower_bound":0.84,"MAE_upper_bound":2.7790909091,"ME":-1.6509090909,"ME_lower_bound":-2.7781818182,"ME_upper_bound":-0.84,"R2":0.238739135,"R2_lower_bound":0.0061255753,"R2_upper_bound":0.9339333213,"m":1.4261300008,"m_lower_bound":0.1162210236,"m_upper_bound":2.5844459326,"kendall_tau":0.5272727273,"kendall_tau_lower_bound":0.1020408163,"kendall_tau_upper_bound":0.875,"ES":0.9529465509,"ES_lower_bound":0.665559201,"ES_upper_bound":1.1887259991},"REF04":{"name":"YANK-SMIRNOFF-TIP3P-FB-wet-oct","category":"Physical","type":"Standard","RMSE":3.2180739581,"RMSE_lower_bound":2.0415479867,"RMSE_upper_bound":4.4953572009,"MAE":2.7563636364,"MAE_lower_bound":1.9318181818,"MAE_upper_bound":3.8581818182,"ME":-2.7563636364,"ME_lower_bound":-3.8536363636,"ME_upper_bound":-1.93,"R2":0.1894773803,"R2_lower_bound":0.0047110843,"R2_upper_bound":0.8173783842,"m":1.2008553368,"m_lower_bound":-0.0190046137,"m_upper_bound":2.288935822,"kendall_tau":0.4181818182,"kendall_tau_lower_bound":-0.0697674419,"kendall_tau_upper_bound":0.8367346939,"ES":0.4483851766,"ES_lower_bound":0.2537480792,"ES_upper_bound":0.663233523},"REF01":{"name":"YANK-GAFF-TIP3P-FB-wet-oct","category":"Physical","type":"Standard","RMSE":3.3275912664,"RMSE_lower_bound":2.0815903011,"RMSE_upper_bound":4.714191341,"MAE":2.8245454545,"MAE_lower_bound":1.9836363636,"MAE_upper_bound":4.0090909091,"ME":-2.8245454545,"ME_lower_bound":-4.0072727273,"ME_upper_bound":-1.9827272727,"R2":0.2402751765,"R2_lower_bound":0.0061865639,"R2_upper_bound":0.8930749464,"m":1.4614335728,"m_lower_bound":0.1307256111,"m_upper_bound":2.5812675491,"kendall_tau":0.4909090909,"kendall_tau_lower_bound":0.0612244898,"kendall_tau_upper_bound":0.8222222222,"ES":0.4326868502,"ES_lower_bound":0.2431440951,"ES_upper_bound":0.6605756053},"REF06":{"name":"YANK-SMIRNOFF-OPC-wet-oct","category":"Physical","type":"Standard","RMSE":3.6379377275,"RMSE_lower_bound":2.3696125498,"RMSE_upper_bound":4.9646376779,"MAE":3.1009090909,"MAE_lower_bound":2.0763636364,"MAE_upper_bound":4.3263636364,"ME":-3.1009090909,"ME_lower_bound":-4.3209090909,"ME_upper_bound":-2.0754545455,"R2":0.158984384,"R2_lower_bound":0.0013123264,"R2_upper_bound":0.6735720318,"m":1.2366462909,"m_lower_bound":-0.5320512821,"m_upper_bound":2.7029967535,"kendall_tau":0.3090909091,"kendall_tau_lower_bound":-0.16,"kendall_tau_upper_bound":0.72,"ES":0.3868931434,"ES_lower_bound":0.14554868,"ES_upper_bound":0.7043758739},"REF03":{"name":"YANK-GAFF-opc-wet-oct","category":"Physical","type":"Standard","RMSE":4.008187076,"RMSE_lower_bound":2.7437333557,"RMSE_upper_bound":5.3374244725,"MAE":3.5818181818,"MAE_lower_bound":2.6618181818,