{"1xtra":{"name":"YANK-GAFF_tip3p-wet_oct","category":"Physical","type":"Standard","RMSE":0.914054865,"RMSE_lower_bound":0.7233973346,"RMSE_upper_bound":1.1058447416,"MAE":0.782962963,"MAE_lower_bound":0.6107407407,"MAE_upper_bound":0.9733333333,"ME":0.4059259259,"ME_lower_bound":0.082962963,"ME_upper_bound":0.6981481481,"R2":0.5827843191,"R2_lower_bound":0.3271201398,"R2_upper_bound":0.7873419533,"m":1.0372924,"m_lower_bound":0.6566897325,"m_upper_bound":1.5382287069,"kendall_tau":0.5498575499,"kendall_tau_lower_bound":0.3156342183,"kendall_tau_upper_bound":0.7333333333,"ES":1.2529651625,"ES_lower_bound":1.1679046185,"ES_upper_bound":1.3370894878},"8xtra":{"name":"YANK-extra_mols_SMIRNOFF_tip3p_dry_octanol","category":"Physical","type":"Standard","RMSE":1.0081960421,"RMSE_lower_bound":0.6795423296,"RMSE_upper_bound":1.3340151035,"MAE":0.7777777778,"MAE_lower_bound":0.5577777778,"MAE_upper_bound":1.032962963,"ME":0.3888888889,"ME_lower_bound":0.0392592593,"ME_upper_bound":0.7266666667,"R2":0.4945611212,"R2_lower_bound":0.1051851537,"R2_upper_bound":0.7825492811,"m":0.9868494233,"m_lower_bound":0.4163149594,"m_upper_bound":1.432708361,"kendall_tau":0.4586894587,"kendall_tau_lower_bound":0.1437125749,"kendall_tau_upper_bound":0.706744868,"ES":1.2517695097,"ES_lower_bound":1.120033388,"ES_upper_bound":1.3628637012},"4xtra":{"name":"YANK-SMIRNOFF_tip3p-wet_oct","category":"Physical","type":"Standard","RMSE":1.0455496517,"RMSE_lower_bound":0.7468576145,"RMSE_upper_bound":1.320377331,"MAE":0.8240740741,"MAE_lower_bound":0.5985185185,"MAE_upper_bound":1.0796296296,"ME":0.2988888889,"ME_lower_bound":-0.0903703704,"ME_upper_bound":0.6603703704,"R2":0.4872187413,"R2_lower_bound":0.1495673711,"R2_upper_bound":0.7347921105,"m":1.0465703233,"m_lower_bound":0.5531820367,"m_upper_bound":1.5303774087,"kendall_tau":0.4679034718,"kendall_tau_lower_bound":0.2082111437,"kendall_tau_upper_bound":0.6946107784,"ES":1.2226000936,"ES_lower_bound":1.0873108528,"ES_upper_bound":1.3354426453},"7xtra":{"name":"YANK-extra_mols_GAFF_tip3p_dry_octanol","category":"Physical","type":"Standard","RMSE":1.0547493998,"RMSE_lower_bound":0.8523149305,"RMSE_upper_bound":1.2456546695,"MAE":0.9303703704,"MAE_lower_bound":0.7503703704,"MAE_upper_bound":1.1196296296,"ME":0.6185185185,"ME_lower_bound":0.2751851852,"ME_upper_bound":0.927037037,"R2":0.5806187016,"R2_lower_bound":0.3001376437,"R2_upper_bound":0.7910971651,"m":1.07468991,"m_lower_bound":0.7071596798,"m_upper_bound":1.5482188641,"kendall_tau":0.566951567,"kendall_tau_lower_bound":0.325443787,"kendall_tau_upper_bound":0.7633136095,"ES":1.183831616,"ES_lower_bound":1.0729742991,"ES_upper_bound":1.2831610353},"3xtra":{"name":"YANK-SMIRNOFF_tip3pFB-wet_oct","category":"Physical","type":"Standard","RMSE":1.0794443015,"RMSE_lower_bound":0.6197161835,"RMSE_upper_bound":1.4735030068,"MAE":0.7088888889,"MAE_lower_bound":0.4311111111,"MAE_upper_bound":1.0348148148,"ME":-0.3118518519,"ME_lower_bound":-0.7255555556,"ME_upper_bound":0.0585185185,"R2":0.4610265286,"R2_lower_bound":0.1551873673,"R2_upper_bound":0.7350209726,"m":1.0249273069,"m_lower_bound":0.5709777761,"m_upper_bound":1.5602012333,"kendall_tau":0.5306710107,"kendall_tau_lower_bound":0.2764705882,"kendall_tau_upper_bound":0.7503700948,"ES":1.2596314908,"ES_lower_bound":1.1204168993,"ES_upper_bound":1.3824227761},"2xtra":{"name":"YANK-GAFF_tip3pFB-wet_oct","category":"Physical","type":"Standard","RMSE":1.1092172749,"RMSE_lower_bound":0.6508399132,"RMSE_upper_bound":1.4973581674,"MAE":0.72,"MAE_lower_bound":0.422962963,"MAE_upper_bound":1.0544444444,"ME":-0.2044444444,"ME_lower_bound":-0.6322222222,"ME_upper_bound":0.1955555556,"R2":0.5361919327,"R2_lower_bound":0.2622063752,"R2_upper_bound":0.7799820329,"m":1.2322810873,"m_lower_bound":0.8659970962,"m_upper_bound":1.8012850912,"kendall_tau":0.5726495726,"kendall_tau_lower_bound":0.3431952663,"kendall_tau_upper_bound":0.7777777778,"ES":1.2506866544,"ES_lower_bound":1.0940110203,"ES_upper_bound":1.3932851688},"5xtra":{"name":"YANK-SMIRNOFF_OPC_wet_oct","category":"Physical","type":"Standard","RMSE":1.1558722857,"RMSE_lower_bound":0.739902396,"RMSE_upper_bound":1.5880234628,"MAE":0.8307407407,"MAE_lower_bound":0.5611111111,"MAE_upper_bound":1.1485185185,"ME":-0.0988888889,"ME_lower_bound":-0.5477777778,"ME_upper_bound":0.3140740741,"R2":0.4471083056,"R2_lower_bound":0.136611893,"R2_upper_bound":0.7491951053,"m":1.1066842018,"m_lower_bound":0.7027630616,"m_upper_bound":1.5654391478,"kendall_tau":0.5156695157,"kendall_tau_lower_bound":0.2797619048,"kendall_tau_upper_bound":0.7083333333,"ES":1.2185281063,"ES_lower_bound":1.0715981704,"ES_upper_bound":1.3447597133},"6xtra":{"name":"YANK-GAFF_OPC_wet_oct","category":"Physical","type":"Standard","RMSE":1.2752472527,"RMSE_lower_bound":0.7229748215,"RMSE_upper_bound":1.7866594113,"MAE":0.8722222222,"MAE_lower_bound":0.5607407407,"MAE_upper_bound":1.2577777778,"ME":-0.2818518519,"ME_lower_bound":-0.7703703704,"ME_upper_bound":0.16,"R2":0.4384992794,"R2_lower_bound":0.1128658011,"R2_upper_bound":0.7303031219,"m":1.1693611211,"m_lower_bound":0.5325563459,"m_upper_bound":1.8122138309,"kendall_tau":0.4679034718,"kendall_tau_lower_bound":0.1771771772,"kendall_tau_upper_bound":0.7117647059,"ES":1.2147832315,"ES_lower_bound":1.0510013592,"ES_upper_bound":1.35149372}}