{"TEMOA-G0":{"RMSE":6.2183663786,"RMSE_lower_bound":2.2164345743,"RMSE_upper_bound":10.1615912933,"MAE":2.8503066667,"MAE_lower_bound":1.6825333333,"MAE_upper_bound":4.7059422222,"ME":1.8779955556,"ME_lower_bound":0.5061555556,"ME_upper_bound":3.8663866667},"TEMOA-G1":{"RMSE":6.0077036483,"RMSE_lower_bound":2.2764620143,"RMSE_upper_bound":9.7673911852,"MAE":2.9556711111,"MAE_lower_bound":1.8578533333,"MAE_upper_bound":4.7491044444,"ME":1.9030933333,"ME_lower_bound":0.5816466667,"ME_upper_bound":3.8453355556},"TEMOA-G3":{"RMSE":6.2689694694,"RMSE_lower_bound":2.1446416389,"RMSE_upper_bound":10.269737486,"MAE":2.9699222222,"MAE_lower_bound":1.82772,"MAE_upper_bound":4.8353133333,"ME":1.9390777778,"ME_lower_bound":0.5695111111,"ME_upper_bound":3.9550022222},"OA-G0":{"RMSE":6.1675007245,"RMSE_lower_bound":2.3231250663,"RMSE_upper_bound":9.9517774965,"MAE":3.026375,"MAE_lower_bound":1.8329954545,"MAE_upper_bound":4.890125,"ME":2.4441022727,"ME_lower_bound":1.1145613636,"ME_upper_bound":4.3931159091},"OA-G7":{"RMSE":7.1203758643,"RMSE_lower_bound":2.0252108972,"RMSE_upper_bound":11.6144521459,"MAE":3.0411931818,"MAE_lower_bound":1.5888636364,"MAE_upper_bound":5.2565363636,"ME":2.1207386364,"ME_lower_bound":0.5222727273,"ME_upper_bound":4.4343727273},"OA-G3":{"RMSE":7.0927942618,"RMSE_lower_bound":2.0999677649,"RMSE_upper_bound":11.6960652511,"MAE":3.0933909091,"MAE_lower_bound":1.7439090909,"MAE_upper_bound":5.2585363636,"ME":2.3270272727,"ME_lower_bound":0.8073636364,"ME_upper_bound":4.6114113636},"TEMOA-G5":{"RMSE":5.6641302502,"RMSE_lower_bound":2.525805944,"RMSE_upper_bound":9.0154737055,"MAE":3.11272,"MAE_lower_bound":2.1013333333,"MAE_upper_bound":4.7241555556,"ME":2.4157422222,"ME_lower_bound":1.2102244444,"ME_upper_bound":4.15236},"TEMOA-G6":{"RMSE":6.1242059069,"RMSE_lower_bound":2.3704339218,"RMSE_upper_bound":9.8578413849,"MAE":3.1202555556,"MAE_lower_bound":1.9743555556,"MAE_upper_bound":4.9214422222,"ME":2.3348333333,"ME_lower_bound":0.9980666667,"ME_upper_bound":4.2420044444},"OA-G5":{"RMSE":5.9886864946,"RMSE_lower_bound":2.5034512541,"RMSE_upper_bound":9.5359013583,"MAE":3.2568590909,"MAE_lower_bound":2.1440113636,"MAE_upper_bound":4.9836318182,"ME":2.7791318182,"ME_lower_bound":1.5256818182,"ME_upper_bound":4.5852022727},"OA-G6":{"RMSE":6.9253181598,"RMSE_lower_bound":2.4024458394,"RMSE_upper_bound":11.0747040891,"MAE":3.3300295455,"MAE_lower_bound":1.9237659091,"MAE_upper_bound":5.4125522727,"ME":2.5973022727,"ME_lower_bound":1.0427272727,"ME_upper_bound":4.7623295455},"OA-G1":{"RMSE":6.3936845629,"RMSE_lower_bound":2.6153033024,"RMSE_upper_bound":10.188193042,"MAE":3.3974409091,"MAE_lower_bound":2.1793159091,"MAE_upper_bound":5.2718681818,"ME":2.9206227273,"ME_lower_bound":1.5700045455,"ME_upper_bound":4.8602772727},"OA-G4":{"RMSE":7.263910682,"RMSE_lower_bound":3.0950586959,"RMSE_upper_bound":11.5405508199,"MAE":3.6987340909,"MAE_lower_bound":2.2612181818,"MAE_upper_bound":5.8484795455,"ME":3.1064613636,"ME_lower_bound":1.5197727273,"ME_upper_bound":5.3460295455},"OA-G2":{"RMSE":8.9158540411,"RMSE_lower_bound":2.9604286861,"RMSE_upper_bound":14.5724508132,"MAE":3.9892954545,"MAE_lower_bound":2.2436363636,"MAE_upper_bound":6.73345,"ME":-0.2018636364,"ME_lower_bound":-3.2541204545,"ME_upper_bound":1.8648522727},"TEMOA-G4":{"RMSE":7.7474067947,"RMSE_lower_bound":3.3903386372,"RMSE_upper_bound":12.28504654,"MAE":4.14936,"MAE_lower_bound":2.6857777778,"MAE_upper_bound":6.38332,"ME":3.0275822222,"ME_lower_bound":1.2911466667,"ME_upper_bound":5.4014488889},"TEMOA-G7":{"RMSE":7.3963830533,"RMSE_lower_bound":3.6346919813,"RMSE_upper_bound":11.5784209517,"MAE":4.3736066667,"MAE_lower_bound":3.0923555556,"MAE_upper_bound":6.3861755556,"ME":3.5758288889,"ME_lower_bound":2.03926,"ME_upper_bound":5.7415422222},"TEMOA-G2":{"RMSE":7.9276768221,"RMSE_lower_bound":3.7908044763,"RMSE_upper_bound":12.4002269095,"MAE":4.6804377778,"MAE_lower_bound":3.2872888889,"MAE_upper_bound":6.8368688889,"ME":3.5237266667,"ME_lower_bound":1.7931777778,"ME_upper_bound":5.8919111111},"CB8-G9":{"RMSE":6.8564695437,"RMSE_lower_bound":4.3281592241,"RMSE_upper_bound":9.7775002706,"MAE":4.8339861111,"MAE_lower_bound":3.4670472222,"MAE_upper_bound":6.61185,"ME":2.598225,"ME_lower_bound":0.6832305556,"ME_upper_bound":4.8074833333},"CB8-G7":{"RMSE":6.7552371978,"RMSE_lower_bound":4.1868945323,"RMSE_upper_bound":9.6536501149,"MAE":4.8597694444,"MAE_lower_bound":3.5651166667,"MAE_upper_bound":6.5761777778,"ME":-1.5919361111,"ME_lower_bound":-3.8800583333,"ME_upper_bound":0.3871555556},"CB8-G6":{"RMSE":6.4367852636,"RMSE_lower_bound":4.4441247107,"RMSE_upper_bound":8.7355633399,"MAE":4.9573527778,"MAE_lower_bound":3.77,"MAE_upper_bound":6.4395416667,"ME":0.8715027778,"ME_lower_bound":-1.1267805556,"ME_upper_bound":3.0398694444},"CB8-G10":{"RMSE":7.6000314793,"RMSE_lower_bound":4.9082620963,"RMSE_upper_bound":10.7568278178,"MAE":5.6059444444,"MAE_lower_bound":4.1861111111,"MAE_upper_bound":7.5114555556,"ME":1.5212222222,"ME_lower_bound":-0.7718166667,"ME_upper_bound":4.0766055556},"CB8-G5":{"RMSE":7.6014414739,"RMSE_lower_bound":5.4125757151,"RMSE_upper_bound":10.2230929114,"MAE":5.8518194444,"MAE_lower_bound":4.42785,"MAE_upper_bound":7.5864611111,"ME":3.6112638889,"ME_lower_bound":1.4961833333,"ME_upper_bound":5.8829222222},"CB8-G2":{"RMSE":8.3085246391,"RMSE_lower_bound":5.4351001728,"RMSE_upper_bound":11.2324940104,"MAE":6.0876611111,"MAE_lower_bound":4.425275,"MAE_upper_bound":8.1058944444,"ME":3.1587777778,"ME_lower_bound":0.6950027778,"ME_upper_bound":5.7308722222},"CB8-G1":{"RMSE":10.6783367893,"RMSE_lower_bound":4.529667329,"RMSE_upper_bound":16.4026494236,"MAE":6.1217611111,"MAE_lower_bound":3.7651055556,"MAE_upper_bound":9.3703388889,"ME":0.5035888889,"ME_lower_bound":-2.5839,"ME_upper_bound":4.3622388889},"CB8-G8":{"RMSE":9.0884106064,"RMSE_lower_bound":5.4359034913,"RMSE_upper_bound":13.011706191,"MAE":6.2691944444,"MAE_lower_bound":4.4135055556,"MAE_upper_bound":8.67455,"ME":0.2490277778,"ME_lower_bound":-2.5383083333,"ME_upper_bound":3.4131694444},"CB8-G0":{"RMSE":9.9148367742,"RMSE_lower_bound":5.3388947071,"RMSE_upper_bound":14.7349038943,"MAE":6.4693472222,"MAE_lower_bound":4.3951,"MAE_upper_bound":9.2728277778,"ME":3.116925,"ME_lower_bound":0.3132777778,"ME_upper_bound":6.4616333333},"CB8-G11":{"RMSE":8.7432750623,"RMSE_lower_bound":4.1000725375,"RMSE_upper_bound":12.8001167165,"MAE":6.6342,"MAE_lower_bound":2.7686,"MAE_upper_bound":11.0976714286,"ME":1.5356,"ME_lower_bound":-4.3234142857,"ME_upper_bound":8.2550285714},"CB8-G4":{"RMSE":12.4125525811,"RMSE_lower_bound":5.7349793647,"RMSE_upper_bound":19.2738730055,"MAE":7.4895472222,"MAE_lower_bound":4.9698722222,"MAE_upper_bound":11.2448805556,"ME":2.9528805556,"ME_lower_bound":-0.4780555556,"ME_upper_bound":7.3416694444},"CB8-G3":{"RMSE":11.3072426256,"RMSE_lower_bound":6.3082060753,"RMSE_upper_bound":15.5288830969,"MAE":7.7680722222,"MAE_lower_bound":5.3668916667,"MAE_upper_bound":10.7203111111,"ME":1.4938722222,"ME_lower_bound":-2.1321333333,"ME_upper_bound":5.2344444444},"CB8-G13":{"RMSE":16.1316457521,"RMSE_lower_bound":4.4202391661,"RMSE_upper_bound":25.4329654076,"MAE":11.0218285714,"MAE_lower_bound":3.8445,"MAE_upper_bound":20.694,"ME":4.7414,"ME_lower_bound":-4.9959285714,"ME_upper_bound":17.1737857143},"CB8-G12":{"RMSE":23.9175275675,"RMSE_lower_bound":9.7124031519,"RMSE_upper_bound":36.5531555041,"MAE":17.5590142857,"MAE_lower_bound":7.1288714286,"MAE_upper_bound":30.8440714286,"ME":4.6984142857,"ME_lower_bound":-10.8134571429,"ME_upper_bound":23.5243285714}}