{"TEMOA-G0":{"RMSE":6.2183663786,"RMSE_lower_bound":2.2089243234,"RMSE_upper_bound":10.1846355332,"MAE":2.8503066667,"MAE_lower_bound":1.6794666667,"MAE_upper_bound":4.7476533333,"ME":1.8779955556,"ME_lower_bound":0.5225555556,"ME_upper_bound":3.9172755556},"TEMOA-G1":{"RMSE":6.0077036483,"RMSE_lower_bound":2.276422144,"RMSE_upper_bound":9.7599613214,"MAE":2.9556711111,"MAE_lower_bound":1.8642888889,"MAE_upper_bound":4.7437088889,"ME":1.9030933333,"ME_lower_bound":0.5701555556,"ME_upper_bound":3.8317044444},"TEMOA-G3":{"RMSE":6.2689694694,"RMSE_lower_bound":2.1553061052,"RMSE_upper_bound":10.2788294606,"MAE":2.9699222222,"MAE_lower_bound":1.8315111111,"MAE_upper_bound":4.8384244444,"ME":1.9390777778,"ME_lower_bound":0.5696755556,"ME_upper_bound":3.9416866667},"OA-G0":{"RMSE":6.1675007245,"RMSE_lower_bound":2.3272437853,"RMSE_upper_bound":9.9742877565,"MAE":3.026375,"MAE_lower_bound":1.8384090909,"MAE_upper_bound":4.9195886364,"ME":2.4441022727,"ME_lower_bound":1.1043181818,"ME_upper_bound":4.4004977273},"OA-G7":{"RMSE":7.1203758643,"RMSE_lower_bound":2.0266193516,"RMSE_upper_bound":11.6194205972,"MAE":3.0411931818,"MAE_lower_bound":1.5780181818,"MAE_upper_bound":5.2700181818,"ME":2.1207386364,"ME_lower_bound":0.5057454545,"ME_upper_bound":4.4308886364},"OA-G3":{"RMSE":7.0927942618,"RMSE_lower_bound":2.1277620712,"RMSE_upper_bound":11.7070665167,"MAE":3.0933909091,"MAE_lower_bound":1.7634090909,"MAE_upper_bound":5.2809795455,"ME":2.3270272727,"ME_lower_bound":0.8234318182,"ME_upper_bound":4.6426954545},"TEMOA-G5":{"RMSE":5.6641302502,"RMSE_lower_bound":2.5302637719,"RMSE_upper_bound":9.0257425722,"MAE":3.11272,"MAE_lower_bound":2.1011555556,"MAE_upper_bound":4.7437333333,"ME":2.4157422222,"ME_lower_bound":1.2060266667,"ME_upper_bound":4.1542733333},"TEMOA-G6":{"RMSE":6.1242059069,"RMSE_lower_bound":2.3659781181,"RMSE_upper_bound":9.866227795,"MAE":3.1202555556,"MAE_lower_bound":1.9696,"MAE_upper_bound":4.9432044444,"ME":2.3348333333,"ME_lower_bound":1.0237333333,"ME_upper_bound":4.2646644444},"OA-G5":{"RMSE":5.9886864946,"RMSE_lower_bound":2.4931980193,"RMSE_upper_bound":9.5637836811,"MAE":3.2568590909,"MAE_lower_bound":2.1337795455,"MAE_upper_bound":5.0264227273,"ME":2.7791318182,"ME_lower_bound":1.51415,"ME_upper_bound":4.6413590909},"OA-G6":{"RMSE":6.9253181598,"RMSE_lower_bound":2.409806669,"RMSE_upper_bound":11.090135828,"MAE":3.3300295455,"MAE_lower_bound":1.9164931818,"MAE_upper_bound":5.4474090909,"ME":2.5973022727,"ME_lower_bound":1.0418181818,"ME_upper_bound":4.8363272727},"OA-G1":{"RMSE":6.3936845629,"RMSE_lower_bound":2.6223194019,"RMSE_upper_bound":10.2293348272,"MAE":3.3974409091,"MAE_lower_bound":2.185,"MAE_upper_bound":5.2970340909,"ME":2.9206227273,"ME_lower_bound":1.58,"ME_upper_bound":4.8873159091},"OA-G4":{"RMSE":7.263910682,"RMSE_lower_bound":3.0606267926,"RMSE_upper_bound":11.5711274189,"MAE":3.6987340909,"MAE_lower_bound":2.2512909091,"MAE_upper_bound":5.9181113636,"ME":3.1064613636,"ME_lower_bound":1.5217454545,"ME_upper_bound":5.4177068182},"OA-G2":{"RMSE":8.9158540411,"RMSE_lower_bound":3.0154933261,"RMSE_upper_bound":14.6172045823,"MAE":3.9892954545,"MAE_lower_bound":2.2645454545,"MAE_upper_bound":6.7943545455,"ME":-0.2018636364,"ME_lower_bound":-3.3140954545,"ME_upper_bound":1.8765227273},"TEMOA-G4":{"RMSE":7.7474067947,"RMSE_lower_bound":3.4135319713,"RMSE_upper_bound":12.2630418724,"MAE":4.14936,"MAE_lower_bound":2.7033333333,"MAE_upper_bound":6.35322,"ME":3.0275822222,"ME_lower_bound":1.2891688889,"ME_upper_bound":5.3762377778},"TEMOA-G7":{"RMSE":7.3963830533,"RMSE_lower_bound":3.6240869134,"RMSE_upper_bound":11.5717931527,"MAE":4.3736066667,"MAE_lower_bound":3.0796977778,"MAE_upper_bound":6.3729666667,"ME":3.5758288889,"ME_lower_bound":2.0360133333,"ME_upper_bound":5.7287},"TEMOA-G2":{"RMSE":7.9276768221,"RMSE_lower_bound":3.793379194,"RMSE_upper_bound":12.3898145743,"MAE":4.6804377778,"MAE_lower_bound":3.2819111111,"MAE_upper_bound":6.8257311111,"ME":3.5237266667,"ME_lower_bound":1.7773422222,"ME_upper_bound":5.8520911111},"CB8-G9":{"RMSE":6.8564695437,"RMSE_lower_bound":4.3194993923,"RMSE_upper_bound":9.7356812695,"MAE":4.8339861111,"MAE_lower_bound":3.4703805556,"MAE_upper_bound":6.5758111111,"ME":2.598225,"ME_lower_bound":0.6737861111,"ME_upper_bound":4.7901527778},"CB8-G7":{"RMSE":6.7552371978,"RMSE_lower_bound":4.2019407993,"RMSE_upper_bound":9.6909913256,"MAE":4.8597694444,"MAE_lower_bound":3.5731444444,"MAE_upper_bound":6.5820222222,"ME":-1.5919361111,"ME_lower_bound":-3.8647333333,"ME_upper_bound":0.3627055556},"CB8-G6":{"RMSE":6.4367852636,"RMSE_lower_bound":4.4497152908,"RMSE_upper_bound":8.6994517718,"MAE":4.9573527778,"MAE_lower_bound":3.7729888889,"MAE_upper_bound":6.3870888889,"ME":0.8715027778,"ME_lower_bound":-1.1250972222,"ME_upper_bound":3.0169138889},"CB8-G10":{"RMSE":7.6000314793,"RMSE_lower_bound":4.9017431707,"RMSE_upper_bound":10.8103952099,"MAE":5.6059444444,"MAE_lower_bound":4.1558222222,"MAE_upper_bound":7.53285,"ME":1.5212222222,"ME_lower_bound":-0.8048611111,"ME_upper_bound":4.16215},"CB8-G5":{"RMSE":7.6014414739,"RMSE_lower_bound":5.4242797781,"RMSE_upper_bound":10.225822592,"MAE":5.8518194444,"MAE_lower_bound":4.4280555556,"MAE_upper_bound":7.6131638889,"ME":3.6112638889,"ME_lower_bound":1.4997583333,"ME_upper_bound":5.8834416667},"CB8-G2":{"RMSE":8.3085246391,"RMSE_lower_bound":5.4544398327,"RMSE_upper_bound":11.1925061499,"MAE":6.0876611111,"MAE_lower_bound":4.4128,"MAE_upper_bound":8.0844916667,"ME":3.1587777778,"ME_lower_bound":0.6884916667,"ME_upper_bound":5.7333833333},"CB8-G1":{"RMSE":10.6783367893,"RMSE_lower_bound":4.5061023439,"RMSE_upper_bound":16.4291187348,"MAE":6.1217611111,"MAE_lower_bound":3.73,"MAE_upper_bound":9.440475,"ME":0.5035888889,"ME_lower_bound":-2.5671416667,"ME_upper_bound":4.4807166667},"CB8-G8":{"RMSE":9.0884106064,"RMSE_lower_bound":5.4448847044,"RMSE_upper_bound":12.9417520137,"MAE":6.2691944444,"MAE_lower_bound":4.4224472222,"MAE_upper_bound":8.6399722222,"ME":0.2490277778,"ME_lower_bound":-2.5485833333,"ME_upper_bound":3.3555472222},"CB8-G0":{"RMSE":9.9148367742,"RMSE_lower_bound":5.3438297752,"RMSE_upper_bound":14.6712462925,"MAE":6.4693472222,"MAE_lower_bound":4.4022222222,"MAE_upper_bound":9.2532527778,"ME":3.116925,"ME_lower_bound":0.2540111111,"ME_upper_bound":6.4422944444},"CB8-G11":{"RMSE":8.7432750623,"RMSE_lower_bound":4.019232834,"RMSE_upper_bound":12.8750477357,"MAE":6.6342,"MAE_lower_bound":2.6666142857,"MAE_upper_bound":11.2006,"ME":1.5356,"ME_lower_bound":-4.2036142857,"ME_upper_bound":8.3471142857},"CB8-G4":{"RMSE":12.4125525811,"RMSE_lower_bound":5.7375560498,"RMSE_upper_bound":19.3465483668,"MAE":7.4895472222,"MAE_lower_bound":4.95015,"MAE_upper_bound":11.2954777778,"ME":2.9528805556,"ME_lower_bound":-0.4644222222,"ME_upper_bound":7.4199444444},"CB8-G3":{"RMSE":11.3072426256,"RMSE_lower_bound":6.3426153474,"RMSE_upper_bound":15.5663771235,"MAE":7.7680722222,"MAE_lower_bound":5.4058333333,"MAE_upper_bound":10.7849111111,"ME":1.4938722222,"ME_lower_bound":-2.0996,"ME_upper_bound":5.2657472222},"CB8-G13":{"RMSE":16.1316457521,"RMSE_lower_bound":4.3762890713,"RMSE_upper_bound":25.4468252032,"MAE":11.0218285714,"MAE_lower_bound":3.749,"MAE_upper_bound":20.8452142857,"ME":4.7414,"ME_lower_bound":-4.9516428571,"ME_upper_bound":17.3495},"CB8-G12":{"RMSE":23.9175275675,"RMSE_lower_bound":9.609033881,"RMSE_upper_bound":36.5531555041,"MAE":17.5590142857,"MAE_lower_bound":7.0514285714,"MAE_upper_bound":30.9417571429,"ME":4.6984142857,"ME_lower_bound":-10.6563142857,"ME_upper_bound":23.5106}}