{"xvxzd":{"name":"Full quantum chemical calculation of free energies and fit to experimental pKa","RMSE":0.6800760607,"RMSE_lower_bound":0.5455746733,"RMSE_upper_bound":0.8090607581,"MAE":0.5786206897,"MAE_lower_bound":0.4527586207,"MAE_upper_bound":0.7089655172,"ME":-0.2351724138,"ME_lower_bound":-0.4582758621,"ME_upper_bound":0.0093103448,"R2":0.9373019916,"R2_lower_bound":0.8782716483,"R2_upper_bound":0.9720616404,"m":1.0153730965,"m_lower_bound":0.9148911315,"m_upper_bound":1.1151554945},"gyuhx":{"name":"S+pKa","RMSE":0.7299817349,"RMSE_lower_bound":0.5449189542,"RMSE_upper_bound":0.9063424665,"MAE":0.5786666667,"MAE_lower_bound":0.4263333333,"MAE_upper_bound":0.739,"ME":-0.0093333333,"ME_lower_bound":-0.2603333333,"ME_upper_bound":0.2593333333,"R2":0.9251270636,"R2_lower_bound":0.8694161243,"R2_upper_bound":0.9637190182,"m":0.9285751767,"m_lower_bound":0.8118404468,"m_upper_bound":1.0317153409},"xmyhm":{"name":"ACD\/pKa Classic","RMSE":0.7739142933,"RMSE_lower_bound":0.4929976335,"RMSE_upper_bound":1.0267375517,"MAE":0.5456666667,"MAE_lower_bound":0.3616666667,"MAE_upper_bound":0.7533333333,"ME":-0.1016666667,"ME_lower_bound":-0.373,"ME_upper_bound":0.1783333333,"R2":0.9158505204,"R2_lower_bound":0.830320752,"R2_upper_bound":0.9689670015,"m":0.9337188439,"m_lower_bound":0.8185039221,"m_upper_bound":1.0441651767},"yqkga":{"name":"ReSCoSS conformations \/\/ COSMOtherm pKa","RMSE":0.9025944087,"RMSE_lower_bound":0.6813931807,"RMSE_upper_bound":1.1201071377,"MAE":0.7096666667,"MAE_lower_bound":0.5123333333,"MAE_upper_bound":0.9176666667,"ME":0.2883333333,"ME_lower_bound":-0.0343333333,"ME_upper_bound":0.587,"R2":0.9006140699,"R2_lower_bound":0.8236702368,"R2_upper_bound":0.952985512,"m":0.9007532278,"m_lower_bound":0.7738233481,"m_upper_bound":1.0369029904},"nb007":{"name":"Epik-sequential","RMSE":0.9682075224,"RMSE_lower_bound":0.7634049363,"RMSE_upper_bound":1.1740129691,"MAE":0.8103225806,"MAE_lower_bound":0.6280645161,"MAE_upper_bound":1.0016129032,"ME":-0.0251612903,"ME_lower_bound":-0.3583870968,"ME_upper_bound":0.3187096774,"R2":0.8706802643,"R2_lower_bound":0.7639906313,"R2_upper_bound":0.9353569035,"m":0.9966595086,"m_lower_bound":0.8533907131,"m_upper_bound":1.1173077815},"8xt50":{"name":"ReSCoSS conformations \/\/ DSD-BLYP-D3 reranking \/\/ COSMOtherm pKa","RMSE":1.0714295545,"RMSE_lower_bound":0.7819537153,"RMSE_upper_bound":1.3632835125,"MAE":0.8141935484,"MAE_lower_bound":0.5816129032,"MAE_upper_bound":1.0761290323,"ME":0.4748387097,"ME_lower_bound":0.145483871,"ME_upper_bound":0.8251612903,"R2":0.9055345285,"R2_lower_bound":0.840966787,"R2_upper_bound":0.9506948395,"m":0.8399273238,"m_lower_bound":0.7447184137,"m_upper_bound":0.9546561571},"p0jba":{"name":"macroscopic pKa prediction from microscopic pKa predicted with Gaussian and separate fitting for neutral to negative and for positive to neutral transformations","RMSE":1.314747124,"RMSE_lower_bound":0.6874881817,"RMSE_upper_bound":1.72756476,"MAE":1.084,"MAE_lower_bound":0.428,"MAE_upper_bound":1.72,"ME":0.924,"ME_lower_bound":0.108,"ME_upper_bound":1.72,"R2":0.9099462335,"R2_lower_bound":0.5085281288,"R2_upper_bound":1.0,"m":0.7681553016,"m_lower_bound":0.5582524272,"m_upper_bound":1.5164498996},"37xm8":{"name":"ACD\/pKa GALAS","RMSE":1.3576704186,"RMSE_lower_bound":0.8476559972,"RMSE_upper_bound":1.8081329673,"MAE":0.9551724138,"MAE_lower_bound":0.6375862069,"MAE_upper_bound":1.3344827586,"ME":0.1013793103,"ME_lower_bound":-0.3879310345,"ME_upper_bound":0.6103448276,"R2":0.8536244441,"R2_lower_bound":0.7300769757,"R2_upper_bound":0.9389910707,"m":0.7290520243,"m_lower_bound":0.5972212302,"m_upper_bound":0.8782456712},"hytjn":{"name":"OE Gaussian Process","RMSE":1.4336741012,"RMSE_lower_bound":0.9847461602,"RMSE_upper_bound":1.8178991014,"MAE":1.0335714286,"MAE_lower_bound":0.6839285714,"MAE_upper_bound":1.4042857143,"ME":-0.24,"ME_lower_bound":-0.7646428571,"ME_upper_bound":0.2717857143,"R2":0.6754901214,"R2_lower_bound":0.4148505116,"R2_upper_bound":0.8549281647,"m":0.7951789196,"m_lower_bound":0.5996717035,"m_upper_bound":1.0053636979},"q3pfp":{"name":"OE Gaussian Process Resampled","RMSE":1.4837416506,"RMSE_lower_bound":1.0603537146,"RMSE_upper_bound":1.8673673217,"MAE":1.1403571429,"MAE_lower_bound":0.8128571429,"MAE_upper_bound":1.5046428571,"ME":-0.0903571429,"ME_lower_bound":-0.6421428571,"ME_upper_bound":0.4460714286,"R2":0.6668527012,"R2_lower_bound":0.4287069322,"R2_upper_bound":0.8353641114,"m":0.7522649239,"m_lower_bound":0.5667977175,"m_upper_bound":0.9660765144},"mkhqa":{"name":"EC-RISM\/MP2\/cc-pVTZ-P2-phi-all-2par","RMSE":1.59610817,"RMSE_lower_bound":1.1327172582,"RMSE_upper_bound":2.0346157599,"MAE":1.2387096774,"MAE_lower_bound":0.9019354839,"MAE_upper_bound":1.6103225806,"ME":0.3161290323,"ME_lower_bound":-0.2206451613,"ME_upper_bound":0.8725806452,"R2":0.8031710687,"R2_lower_bound":0.6678476911,"R2_upper_bound":0.9039875317,"m":0.704667184,"m_lower_bound":0.5670138858,"m_upper_bound":0.8351608616},"2ii2g":{"name":"EC-RISM\/MP2\/cc-pVTZ-P2-q-noThiols-2par","RMSE":1.6829448397,"RMSE_lower_bound":1.203316251,"RMSE_upper_bound":2.1332736971,"MAE":1.3043333333,"MAE_lower_bound":0.9466666667,"MAE_upper_bound":1.696,"ME":1.061,"ME_lower_bound":0.6156666667,"ME_upper_bound":1.532,"R2":0.8366160062,"R2_lower_bound":0.730729047,"R2_upper_bound":0.9164876296,"m":0.7798640061,"m_lower_bound":0.6378777787,"m_upper_bound":0.928929009},"nb001":{"name":"EC-RISM\/MP2\/6-311+G(d,p)-P2-phi-all-2par","RMSE":1.7019361523,"RMSE_lower_bound":1.0604307301,"RMSE_upper_bound":2.3966198419,"MAE":1.2186666667,"MAE_lower_bound":0.8426666667,"MAE_upper_bound":1.6876666667,"ME":-0.422,"ME_lower_bound":-1.036,"ME_upper_bound":0.136,"R2":0.7920874494,"R2_lower_bound":0.6864974419,"R2_upper_bound":0.9001621744,"m":0.6644257909,"m_lower_bound":0.5144789202,"m_upper_bound":0.8525745881},"35bdm":{"name":"macroscopic pKa prediction from microscopic pKa predicted with Gaussian and global fitting","RMSE":1.718644815,"RMSE_lower_bound":0.6660930866,"RMSE_upper_bound":2.3379093225,"MAE":1.442,"MAE_lower_bound":0.624,"MAE_upper_bound":2.262,"ME":1.006,"ME_lower_bound":-0.134,"ME_upper_bound":2.178,"R2":0.9187503813,"R2_lower_bound":0.4568461698,"R2_upper_bound":1.0,"m":0.6353542689,"m_lower_bound":0.3938418058,"m_upper_bound":0.8062554109},"nb002":{"name":"EC-RISM\/MP2\/6-311+G(d,p)-P2-phi-noThiols-2par","RMSE":1.7196598501,"RMSE_lower_bound":1.080829928,"RMSE_upper_bound":2.4278550204,"MAE":1.2503333333,"MAE_lower_bound":0.8793333333,"MAE_upper_bound":1.731,"ME":-0.467,"ME_lower_bound":-1.1076666667,"ME_upper_bound":0.0873333333,"R2":0.794416453,"R2_lower_bound":0.6876175107,"R2_upper_bound":0.8992564795,"m":0.6617854164,"m_lower_bound":0.5167449991,"m_upper_bound":0.8460520761},"ryzue":{"name":"Adiabatic scheme with single point correction for type III submission","RMSE":1.7448056243,"RMSE_lower_bound":1.3666833332,"RMSE_upper_bound":2.1023851534,"MAE":1.436,"MAE_lower_bound":1.0926666667,"MAE_upper_bound":1.8006666667,"ME":-1.2266666667,"ME_lower_bound":-1.6696666667,"ME_upper_bound":-0.7806666667,"R2":0.9221684516,"R2_lower_bound":0.8621048686,"R2_upper_bound":0.9616585061,"m":0.709662576,"m_lower_bound":0.6417031784,"m_upper_bound":0.7987330571},"yc70m":{"name":"PCM\/B3LYP\/6-311+G(d,p)","RMSE":1.8777269825,"RMSE_lower_bound":1.5923123502,"RMSE_upper_bound":2.1484701855,"MAE":1.674137931,"MAE_lower_bound":1.364137931,"MAE_upper_bound":1.9768965517,"ME":0.6879310345,"ME_lower_bound":0.0224137931,"ME_upper_bound":1.3079310345,"R2":0.5313500782,"R2_lower_bound":0.3360739317,"R2_upper_bound":0.7247513328,"m":0.7930080409,"m_lower_bound":0.5752625609,"m_upper_bound":1.0844187038},"5byn6":{"name":"Adiabatic scheme for type III submission","RMSE":1.8907635142,"RMSE_lower_bound":1.4819525409,"RMSE_upper_bound":2.2748853451,"MAE":1.5533333333,"MAE_lower_bound":1.177,"MAE_upper_bound":1.9606666667,"ME":-1.2733333333,"ME_lower_bound":-1.777,"ME_upper_bound":-0.7676666667,"R2":0.9121300058,