{"xvxzd":{"name":"Full quantum chemical calculation of free energies and fit to experimental pKa","RMSE":0.6800760607,"RMSE_lower_bound":0.5439288747,"RMSE_upper_bound":0.8067965603,"MAE":0.5786206897,"MAE_lower_bound":0.4517241379,"MAE_upper_bound":0.7086206897,"ME":-0.2351724138,"ME_lower_bound":-0.4527586207,"ME_upper_bound":0.0065517241,"R2":0.9373019916,"R2_lower_bound":0.8767700488,"R2_upper_bound":0.9719983509,"m":1.0153730965,"m_lower_bound":0.9139491955,"m_upper_bound":1.1169300125},"gyuhx":{"name":"S+pKa","RMSE":0.7299817349,"RMSE_lower_bound":0.5489019342,"RMSE_upper_bound":0.9226122335,"MAE":0.5786666667,"MAE_lower_bound":0.4266666667,"MAE_upper_bound":0.75,"ME":-0.0093333333,"ME_lower_bound":-0.26,"ME_upper_bound":0.261,"R2":0.9251270636,"R2_lower_bound":0.8699722054,"R2_upper_bound":0.963364951,"m":0.9285751767,"m_lower_bound":0.8126537957,"m_upper_bound":1.0281677402},"xmyhm":{"name":"ACD\/pKa Classic","RMSE":0.7739142933,"RMSE_lower_bound":0.4909616414,"RMSE_upper_bound":1.027174117,"MAE":0.5456666667,"MAE_lower_bound":0.362,"MAE_upper_bound":0.7556666667,"ME":-0.1016666667,"ME_lower_bound":-0.3733333333,"ME_upper_bound":0.1776666667,"R2":0.9158505204,"R2_lower_bound":0.8309651423,"R2_upper_bound":0.9693627177,"m":0.9337188439,"m_lower_bound":0.8156352605,"m_upper_bound":1.0469631171},"yqkga":{"name":"ReSCoSS conformations \/\/ COSMOtherm pKa","RMSE":0.9025944087,"RMSE_lower_bound":0.6831812839,"RMSE_upper_bound":1.1217634926,"MAE":0.7096666667,"MAE_lower_bound":0.518,"MAE_upper_bound":0.9176666667,"ME":0.2883333333,"ME_lower_bound":-0.0246666667,"ME_upper_bound":0.586,"R2":0.9006140699,"R2_lower_bound":0.822663101,"R2_upper_bound":0.9531117933,"m":0.9007532278,"m_lower_bound":0.7730658381,"m_upper_bound":1.0393483185},"nb007":{"name":"Epik-sequential","RMSE":0.9682075224,"RMSE_lower_bound":0.7654262991,"RMSE_upper_bound":1.1658141278,"MAE":0.8103225806,"MAE_lower_bound":0.6309677419,"MAE_upper_bound":0.9983870968,"ME":-0.0251612903,"ME_lower_bound":-0.3570967742,"ME_upper_bound":0.3212903226,"R2":0.8706802643,"R2_lower_bound":0.7654542237,"R2_upper_bound":0.9348816409,"m":0.9966595086,"m_lower_bound":0.8599541577,"m_upper_bound":1.1197641603},"8xt50":{"name":"ReSCoSS conformations \/\/ DSD-BLYP-D3 reranking \/\/ COSMOtherm pKa","RMSE":1.0714295545,"RMSE_lower_bound":0.783865525,"RMSE_upper_bound":1.353753444,"MAE":0.8141935484,"MAE_lower_bound":0.5793548387,"MAE_upper_bound":1.0635483871,"ME":0.4748387097,"ME_lower_bound":0.1480645161,"ME_upper_bound":0.8193548387,"R2":0.9055345285,"R2_lower_bound":0.8414943216,"R2_upper_bound":0.952126481,"m":0.8399273238,"m_lower_bound":0.7447528266,"m_upper_bound":0.9560523002},"p0jba":{"name":"macroscopic pKa prediction from microscopic pKa predicted with Gaussian and separate fitting for neutral to negative and for positive to neutral transformations","RMSE":1.314747124,"RMSE_lower_bound":0.6874881817,"RMSE_upper_bound":1.72756476,"MAE":1.084,"MAE_lower_bound":0.428,"MAE_upper_bound":1.72,"ME":0.924,"ME_lower_bound":0.108,"ME_upper_bound":1.72,"R2":0.9099462335,"R2_lower_bound":0.5085281288,"R2_upper_bound":1.0,"m":0.7681553016,"m_lower_bound":0.5582524272,"m_upper_bound":1.3011074637},"37xm8":{"name":"ACD\/pKa GALAS","RMSE":1.3576704186,"RMSE_lower_bound":0.8510156204,"RMSE_upper_bound":1.8121838607,"MAE":0.9551724138,"MAE_lower_bound":0.6334482759,"MAE_upper_bound":1.3324137931,"ME":0.1013793103,"ME_lower_bound":-0.3851724138,"ME_upper_bound":0.5951724138,"R2":0.8536244441,"R2_lower_bound":0.7300017076,"R2_upper_bound":0.9383947879,"m":0.7290520243,"m_lower_bound":0.5986860176,"m_upper_bound":0.8775159441},"hytjn":{"name":"OE Gaussian Process","RMSE":1.4336741012,"RMSE_lower_bound":0.9825331692,"RMSE_upper_bound":1.8338834672,"MAE":1.0335714286,"MAE_lower_bound":0.6825,"MAE_upper_bound":1.4217857143,"ME":-0.24,"ME_lower_bound":-0.7771428571,"ME_upper_bound":0.2742857143,"R2":0.6754901214,"R2_lower_bound":0.4164535221,"R2_upper_bound":0.8554686242,"m":0.7951789196,"m_lower_bound":0.6013615242,"m_upper_bound":1.00073398},"q3pfp":{"name":"OE Gaussian Process Resampled","RMSE":1.4837416506,"RMSE_lower_bound":1.0580102619,"RMSE_upper_bound":1.8726566309,"MAE":1.1403571429,"MAE_lower_bound":0.8114285714,"MAE_upper_bound":1.5117857143,"ME":-0.0903571429,"ME_lower_bound":-0.6575,"ME_upper_bound":0.4414285714,"R2":0.6668527012,"R2_lower_bound":0.4259796847,"R2_upper_bound":0.8363793106,"m":0.7522649239,"m_lower_bound":0.564929889,"m_upper_bound":0.9636749427},"mkhqa":{"name":"EC-RISM\/MP2\/cc-pVTZ-P2-phi-all-2par","RMSE":1.59610817,"RMSE_lower_bound":1.1466951109,"RMSE_upper_bound":2.0515399409,"MAE":1.2387096774,"MAE_lower_bound":0.9112903226,"MAE_upper_bound":1.6116129032,"ME":0.3161290323,"ME_lower_bound":-0.2229032258,"ME_upper_bound":0.88,"R2":0.8031710687,"R2_lower_bound":0.6655123978,"R2_upper_bound":0.9023944115,"m":0.704667184,"m_lower_bound":0.5670483213,"m_upper_bound":0.8337118115},"2ii2g":{"name":"EC-RISM\/MP2\/cc-pVTZ-P2-q-noThiols-2par","RMSE":1.6829448397,"RMSE_lower_bound":1.187328935,"RMSE_upper_bound":2.1440467968,"MAE":1.3043333333,"MAE_lower_bound":0.938,"MAE_upper_bound":1.701,"ME":1.061,"ME_lower_bound":0.607,"ME_upper_bound":1.5333333333,"R2":0.8366160062,"R2_lower_bound":0.7281091791,"R2_upper_bound":0.9173442769,"m":0.7798640061,"m_lower_bound":0.6391125867,"m_upper_bound":0.9266386448},"nb001":{"name":"EC-RISM\/MP2\/6-311+G(d,p)-P2-phi-all-2par","RMSE":1.7019361523,"RMSE_lower_bound":1.0689449627,"RMSE_upper_bound":2.4121159453,"MAE":1.2186666667,"MAE_lower_bound":0.846,"MAE_upper_bound":1.6846666667,"ME":-0.422,"ME_lower_bound":-1.036,"ME_upper_bound":0.1366666667,"R2":0.7920874494,"R2_lower_bound":0.6826257803,"R2_upper_bound":0.8982295204,"m":0.6644257909,"m_lower_bound":0.5116275009,"m_upper_bound":0.8548980224},"35bdm":{"name":"macroscopic pKa prediction from microscopic pKa predicted with Gaussian and global fitting","RMSE":1.718644815,"RMSE_lower_bound":0.6645750522,"RMSE_upper_bound":2.3379093225,"MAE":1.442,"MAE_lower_bound":0.622,"MAE_upper_bound":2.262,"ME":1.006,"ME_lower_bound":-0.134,"ME_upper_bound":2.178,"R2":0.9187503813,"R2_lower_bound":0.4568461698,"R2_upper_bound":1.0,"m":0.6353542689,"m_lower_bound":0.3938418058,"m_upper_bound":0.8062554109},"nb002":{"name":"EC-RISM\/MP2\/6-311+G(d,p)-P2-phi-noThiols-2par","RMSE":1.7196598501,"RMSE_lower_bound":1.0715953838,"RMSE_upper_bound":2.3964772758,"MAE":1.2503333333,"MAE_lower_bound":0.8773333333,"MAE_upper_bound":1.714,"ME":-0.467,"ME_lower_bound":-1.075,"ME_upper_bound":0.0826666667,"R2":0.794416453,"R2_lower_bound":0.6872000778,"R2_upper_bound":0.901585944,"m":0.6617854164,"m_lower_bound":0.5165984718,"m_upper_bound":0.8474652702},"ryzue":{"name":"Adiabatic scheme with single point correction for type III submission","RMSE":1.7448056243,"RMSE_lower_bound":1.3629869161,"RMSE_upper_bound":2.1118238563,"MAE":1.436,"MAE_lower_bound":1.0893333333,"MAE_upper_bound":1.8026666667,"ME":-1.2266666667,"ME_lower_bound":-1.6836666667,"ME_upper_bound":-0.78,"R2":0.9221684516,"R2_lower_bound":0.8624359276,"R2_upper_bound":0.9631013652,"m":0.709662576,"m_lower_bound":0.644153595,"m_upper_bound":0.7993648039},"yc70m":{"name":"PCM\/B3LYP\/6-311+G(d,p)","RMSE":1.8777269825,"RMSE_lower_bound":1.5874214615,"RMSE_upper_bound":2.1494000767,"MAE":1.674137931,"MAE_lower_bound":1.3579310345,"MAE_upper_bound":1.9796551724,"ME":0.6879310345,"ME_lower_bound":0.0272413793,"ME_upper_bound":1.3127586207,"R2":0.5313500782,"R2_lower_bound":0.330587942,"R2_upper_bound":0.7235616999,"m":0.7930080409,"m_lower_bound":0.5746549756,"m_upper_bound":1.0808036311},"5byn6":{"name":"Adiabatic scheme for type III submission","RMSE":1.8907635142,"RMSE_lower_bound":1.4844572521,"RMSE_upper_bound":2.2813943105,"MAE":1.5533333333,"MAE_lower_bound":1.1766666667,"MAE_upper_bound":1.9523333333,"ME":-1.2733333333,"ME_lower_bound":-1.7683333333,"ME_upper_bound":-0.761,"R2":0.9121300058,"R2_lower_bound":0.8400033279,"R2_upper_bound":0.9588665194,"m":0.6774667029,