{"xvxzd":{"name":"Full quantum chemical calculation of free energies and fit to experimental pKa","RMSE":0.6800760607,"RMSE_lower_bound":0.5434405084,"RMSE_upper_bound":0.8085640742,"MAE":0.5786206897,"MAE_lower_bound":0.4510344828,"MAE_upper_bound":0.7106896552,"ME":0.2351724138,"ME_lower_bound":-0.0048275862,"ME_upper_bound":0.4593103448,"R2":0.9373019916,"R2_lower_bound":0.8781525183,"R2_upper_bound":0.9722070153,"m":0.9231109184,"m_lower_bound":0.8376011901,"m_upper_bound":1.0150873053},"gyuhx":{"name":"S+pKa","RMSE":0.7299817349,"RMSE_lower_bound":0.5489839099,"RMSE_upper_bound":0.9136793748,"MAE":0.5786666667,"MAE_lower_bound":0.4273333333,"MAE_upper_bound":0.7426666667,"ME":0.0093333333,"ME_lower_bound":-0.2526666667,"ME_upper_bound":0.2676666667,"R2":0.9251270636,"R2_lower_bound":0.8709340408,"R2_upper_bound":0.9636410896,"m":0.9962866624,"m_lower_bound":0.9098174756,"m_upper_bound":1.1083437966},"xmyhm":{"name":"ACD\/pKa Classic","RMSE":0.7739142933,"RMSE_lower_bound":0.4984609647,"RMSE_upper_bound":1.0349009614,"MAE":0.5456666667,"MAE_lower_bound":0.3643333333,"MAE_upper_bound":0.758,"ME":0.1016666667,"ME_lower_bound":-0.1793333333,"ME_upper_bound":0.3743333333,"R2":0.9158505204,"R2_lower_bound":0.8314582978,"R2_upper_bound":0.9685595302,"m":0.9808632721,"m_lower_bound":0.8714557935,"m_upper_bound":1.1062429962},"yqkga":{"name":"ReSCoSS conformations \/\/ COSMOtherm pKa","RMSE":0.9025944087,"RMSE_lower_bound":0.683120292,"RMSE_upper_bound":1.1240418142,"MAE":0.7096666667,"MAE_lower_bound":0.5173333333,"MAE_upper_bound":0.9216666667,"ME":-0.2883333333,"ME_lower_bound":-0.5813333333,"ME_upper_bound":0.0283333333,"R2":0.9006140699,"R2_lower_bound":0.8216551826,"R2_upper_bound":0.9529928428,"m":0.9998455094,"m_lower_bound":0.8681664345,"m_upper_bound":1.127619002},"nb007":{"name":"Epik-sequential","RMSE":0.9682075224,"RMSE_lower_bound":0.7628385023,"RMSE_upper_bound":1.1747216554,"MAE":0.8103225806,"MAE_lower_bound":0.6270967742,"MAE_upper_bound":1.0029032258,"ME":0.0251612903,"ME_lower_bound":-0.3187096774,"ME_upper_bound":0.3548387097,"R2":0.8706802643,"R2_lower_bound":0.7614385371,"R2_upper_bound":0.9349837846,"m":0.8735985126,"m_lower_bound":0.7859407793,"m_upper_bound":0.9755061256},"8xt50":{"name":"ReSCoSS conformations \/\/ DSD-BLYP-D3 reranking \/\/ COSMOtherm pKa","RMSE":1.0714295545,"RMSE_lower_bound":0.788637044,"RMSE_upper_bound":1.3582970838,"MAE":0.8141935484,"MAE_lower_bound":0.5851612903,"MAE_upper_bound":1.075483871,"ME":-0.4748387097,"ME_lower_bound":-0.8296774194,"ME_upper_bound":-0.1374193548,"R2":0.9055345285,"R2_lower_bound":0.8396910616,"R2_upper_bound":0.9513745684,"m":1.0781105731,"m_lower_bound":0.9352151701,"m_upper_bound":1.2162273052},"p0jba":{"name":"macroscopic pKa prediction from microscopic pKa predicted with Gaussian and separate fitting for neutral to negative and for positive to neutral transformations","RMSE":1.314747124,"RMSE_lower_bound":0.6874881817,"RMSE_upper_bound":1.72756476,"MAE":1.084,"MAE_lower_bound":0.428,"MAE_upper_bound":1.72,"ME":-0.924,"ME_lower_bound":-1.72,"ME_upper_bound":-0.108,"R2":0.9099462335,"R2_lower_bound":0.5085281288,"R2_upper_bound":1.0,"m":1.184586283,"m_lower_bound":0.3553387266,"m_upper_bound":1.7240765465},"37xm8":{"name":"ACD\/pKa GALAS","RMSE":1.3576704186,"RMSE_lower_bound":0.8374097996,"RMSE_upper_bound":1.8120658814,"MAE":0.9551724138,"MAE_lower_bound":0.6348275862,"MAE_upper_bound":1.3310344828,"ME":-0.1013793103,"ME_lower_bound":-0.5886206897,"ME_upper_bound":0.3889655172,"R2":0.8536244441,"R2_lower_bound":0.7240162923,"R2_upper_bound":0.9393181587,"m":1.1708690403,"m_lower_bound":0.9990551685,"m_upper_bound":1.3463166297},"hytjn":{"name":"OE Gaussian Process","RMSE":1.4336741012,"RMSE_lower_bound":0.9954862416,"RMSE_upper_bound":1.8293861187,"MAE":1.0335714286,"MAE_lower_bound":0.6878571429,"MAE_upper_bound":1.4192857143,"ME":0.24,"ME_lower_bound":-0.2767857143,"ME_upper_bound":0.7771428571,"R2":0.6754901214,"R2_lower_bound":0.4205287314,"R2_upper_bound":0.854280655,"m":0.8494819276,"m_lower_bound":0.5501356182,"m_upper_bound":1.1014665813},"q3pfp":{"name":"OE Gaussian Process Resampled","RMSE":1.4837416506,"RMSE_lower_bound":1.0583106484,"RMSE_upper_bound":1.8673462836,"MAE":1.1403571429,"MAE_lower_bound":0.805,"MAE_upper_bound":1.5046428571,"ME":0.0903571429,"ME_lower_bound":-0.4514285714,"ME_upper_bound":0.6392857143,"R2":0.6668527012,"R2_lower_bound":0.4376076157,"R2_upper_bound":0.8395148931,"m":0.8864599159,"m_lower_bound":0.586941762,"m_upper_bound":1.1716816481},"mkhqa":{"name":"EC-RISM\/MP2\/cc-pVTZ-P2-phi-all-2par","RMSE":1.59610817,"RMSE_lower_bound":1.1302126548,"RMSE_upper_bound":2.0362631809,"MAE":1.2387096774,"MAE_lower_bound":0.9032258065,"MAE_upper_bound":1.61,"ME":-0.3161290323,"ME_lower_bound":-0.8696774194,"ME_upper_bound":0.215483871,"R2":0.8031710687,"R2_lower_bound":0.6729304485,"R2_upper_bound":0.9044523205,"m":1.1397878132,"m_lower_bound":0.9788655113,"m_upper_bound":1.3408843933},"2ii2g":{"name":"EC-RISM\/MP2\/cc-pVTZ-P2-q-noThiols-2par","RMSE":1.6829448397,"RMSE_lower_bound":1.2063153264,"RMSE_upper_bound":2.133247915,"MAE":1.3043333333,"MAE_lower_bound":0.9496666667,"MAE_upper_bound":1.705,"ME":-1.061,"ME_lower_bound":-1.545,"ME_upper_bound":-0.6103333333,"R2":0.8366160062,"R2_lower_bound":0.7293958607,"R2_upper_bound":0.915494202,"m":1.0727716623,"m_lower_bound":0.9317439295,"m_upper_bound":1.2470727257},"nb001":{"name":"EC-RISM\/MP2\/6-311+G(d,p)-P2-phi-all-2par","RMSE":1.7019361523,"RMSE_lower_bound":1.0578831063,"RMSE_upper_bound":2.3986162678,"MAE":1.2186666667,"MAE_lower_bound":0.8443333333,"MAE_upper_bound":1.6873333333,"ME":0.422,"ME_lower_bound":-0.15,"ME_upper_bound":1.0436666667,"R2":0.7920874494,"R2_lower_bound":0.6833232956,"R2_upper_bound":0.8984270659,"m":1.1921383249,"m_lower_bound":0.9720834909,"m_upper_bound":1.4826331602},"35bdm":{"name":"macroscopic pKa prediction from microscopic pKa predicted with Gaussian and global fitting","RMSE":1.718644815,"RMSE_lower_bound":0.6645750522,"RMSE_upper_bound":2.3379093225,"MAE":1.442,"MAE_lower_bound":0.622,"MAE_upper_bound":2.262,"ME":-1.006,"ME_lower_bound":-2.178,"ME_upper_bound":0.134,"R2":0.9187503813,"R2_lower_bound":0.4629084321,"R2_upper_bound":1.0,"m":1.4460442407,"m_lower_bound":0.7345644469,"m_upper_bound":2.1473876953},"nb002":{"name":"EC-RISM\/MP2\/6-311+G(d,p)-P2-phi-noThiols-2par","RMSE":1.7196598501,"RMSE_lower_bound":1.0902171038,"RMSE_upper_bound":2.405910777,"MAE":1.2503333333,"MAE_lower_bound":0.8873333333,"MAE_upper_bound":1.7183333333,"ME":0.467,"ME_lower_bound":-0.0926666667,"ME_upper_bound":1.1026666667,"R2":0.794416453,"R2_lower_bound":0.6881352092,"R2_upper_bound":0.8979766043,"m":1.2004139611,"m_lower_bound":0.9803215502,"m_upper_bound":1.4975556929},"ryzue":{"name":"Adiabatic scheme with single point correction for type III submission","RMSE":1.7448056243,"RMSE_lower_bound":1.3702700464,"RMSE_upper_bound":2.1000976168,"MAE":1.436,"MAE_lower_bound":1.0953333333,"MAE_upper_bound":1.7993333333,"ME":1.2266666667,"ME_lower_bound":0.78,"ME_upper_bound":1.677,"R2":0.9221684516,"R2_lower_bound":0.8620640717,"R2_upper_bound":0.9619304147,"m":1.2994463606,"m_lower_bound":1.1239356892,"m_upper_bound":1.4636651215},"yc70m":{"name":"PCM\/B3LYP\/6-311+G(d,p)","RMSE":1.8777269825,"RMSE_lower_bound":1.5910243935,"RMSE_upper_bound":2.1478208684,"MAE":1.674137931,"MAE_lower_bound":1.3613793103,"MAE_upper_bound":1.9820689655,"ME":-0.6879310345,"ME_lower_bound":-1.3037931034,"ME_upper_bound":-0.0275862069,"R2":0.5313500782,"R2_lower_bound":0.3315912648,"R2_upper_bound":0.724120578,"m":0.6700437459,"m_lower_bound":0.4330081808,"m_upper_bound":0.9774266458},"5byn6":{"name":"Adiabatic scheme for type III submission","RMSE":1.8907635142,"RMSE_lower_bound":1.4808679887,"RMSE_upper_bound":2.2682908397,"MAE":1.5533333333,"MAE_lower_bound":1.1723333333,"MAE_upper_bound":1.948,"ME":1.2733333333,"ME_lower_bound":0.7796666667,"ME_upper_bound":1.7823333333,"R2":0.9121300058,