{"xvxzd":{"name":"Full quantum chemical calculation of free energies and fit to experimental pKa","RMSE":0.6800760607,"RMSE_lower_bound":0.5448410081,"RMSE_upper_bound":0.8083806717,"MAE":0.5786206897,"MAE_lower_bound":0.4520689655,"MAE_upper_bound":0.7131034483,"ME":0.2351724138,"ME_lower_bound":-0.0020689655,"ME_upper_bound":0.4655172414,"R2":0.9373019916,"R2_lower_bound":0.8736325998,"R2_upper_bound":0.9700786426,"m":0.9231109184,"m_lower_bound":0.8361251938,"m_upper_bound":1.0155302761},"gyuhx":{"name":"S+pKa","RMSE":0.7299817349,"RMSE_lower_bound":0.5530280282,"RMSE_upper_bound":0.9193185882,"MAE":0.5786666667,"MAE_lower_bound":0.4236666667,"MAE_upper_bound":0.7476666667,"ME":0.0093333333,"ME_lower_bound":-0.2533333333,"ME_upper_bound":0.259,"R2":0.9251270636,"R2_lower_bound":0.869263464,"R2_upper_bound":0.9646119922,"m":0.9962866624,"m_lower_bound":0.9080064429,"m_upper_bound":1.118877944},"xmyhm":{"name":"ACD\/pKa Classic","RMSE":0.7739142933,"RMSE_lower_bound":0.4946345452,"RMSE_upper_bound":1.0248593399,"MAE":0.5456666667,"MAE_lower_bound":0.3586666667,"MAE_upper_bound":0.7546666667,"ME":0.1016666667,"ME_lower_bound":-0.1666666667,"ME_upper_bound":0.3823333333,"R2":0.9158505204,"R2_lower_bound":0.8301294369,"R2_upper_bound":0.9693432816,"m":0.9808632721,"m_lower_bound":0.8771797261,"m_upper_bound":1.106978895},"yqkga":{"name":"ReSCoSS conformations \/\/ COSMOtherm pKa","RMSE":0.9025944087,"RMSE_lower_bound":0.6876287758,"RMSE_upper_bound":1.1269279776,"MAE":0.7096666667,"MAE_lower_bound":0.5046666667,"MAE_upper_bound":0.921,"ME":-0.2883333333,"ME_lower_bound":-0.585,"ME_upper_bound":0.045,"R2":0.9006140699,"R2_lower_bound":0.8186971604,"R2_upper_bound":0.9536984742,"m":0.9998455094,"m_lower_bound":0.8674438326,"m_upper_bound":1.1219524543},"nb007":{"name":"Epik-sequential","RMSE":0.9682075224,"RMSE_lower_bound":0.7563409369,"RMSE_upper_bound":1.1642898985,"MAE":0.8103225806,"MAE_lower_bound":0.6174193548,"MAE_upper_bound":0.9964516129,"ME":0.0251612903,"ME_lower_bound":-0.334516129,"ME_upper_bound":0.3629032258,"R2":0.8706802643,"R2_lower_bound":0.7712829978,"R2_upper_bound":0.9340973759,"m":0.8735985126,"m_lower_bound":0.7827212984,"m_upper_bound":0.9860140638},"8xt50":{"name":"ReSCoSS conformations \/\/ DSD-BLYP-D3 reranking \/\/ COSMOtherm pKa","RMSE":1.0714295545,"RMSE_lower_bound":0.7800992493,"RMSE_upper_bound":1.3836359301,"MAE":0.8141935484,"MAE_lower_bound":0.5796774194,"MAE_upper_bound":1.0829032258,"ME":-0.4748387097,"ME_lower_bound":-0.8341935484,"ME_upper_bound":-0.1125806452,"R2":0.9055345285,"R2_lower_bound":0.8456292688,"R2_upper_bound":0.9517451155,"m":1.0781105731,"m_lower_bound":0.932717306,"m_upper_bound":1.2174840352},"p0jba":{"name":"macroscopic pKa prediction from microscopic pKa predicted with Gaussian and separate fitting for neutral to negative and for positive to neutral transformations","RMSE":1.314747124,"RMSE_lower_bound":0.6874881817,"RMSE_upper_bound":1.72756476,"MAE":1.084,"MAE_lower_bound":0.448,"MAE_upper_bound":1.72,"ME":-0.924,"ME_lower_bound":-1.72,"ME_upper_bound":-0.128,"R2":0.9099462335,"R2_lower_bound":0.5221912357,"R2_upper_bound":1.0,"m":1.184586283,"m_lower_bound":0.4275479266,"m_upper_bound":1.7240765465},"37xm8":{"name":"ACD\/pKa GALAS","RMSE":1.3576704186,"RMSE_lower_bound":0.836451866,"RMSE_upper_bound":1.8088861118,"MAE":0.9551724138,"MAE_lower_bound":0.6234482759,"MAE_upper_bound":1.3317241379,"ME":-0.1013793103,"ME_lower_bound":-0.6086206897,"ME_upper_bound":0.3648275862,"R2":0.8536244441,"R2_lower_bound":0.7175658326,"R2_upper_bound":0.9425353925,"m":1.1708690403,"m_lower_bound":0.994495807,"m_upper_bound":1.3553695183},"hytjn":{"name":"OE Gaussian Process","RMSE":1.4336741012,"RMSE_lower_bound":1.0037874704,"RMSE_upper_bound":1.8495733099,"MAE":1.0335714286,"MAE_lower_bound":0.6889285714,"MAE_upper_bound":1.4260714286,"ME":0.24,"ME_lower_bound":-0.2928571429,"ME_upper_bound":0.7785714286,"R2":0.6754901214,"R2_lower_bound":0.4129633753,"R2_upper_bound":0.8569124698,"m":0.8494819276,"m_lower_bound":0.5648798954,"m_upper_bound":1.1183459902},"q3pfp":{"name":"OE Gaussian Process Resampled","RMSE":1.4837416506,"RMSE_lower_bound":1.077498757,"RMSE_upper_bound":1.8864687344,"MAE":1.1403571429,"MAE_lower_bound":0.8214285714,"MAE_upper_bound":1.5117857143,"ME":0.0903571429,"ME_lower_bound":-0.4435714286,"ME_upper_bound":0.6482142857,"R2":0.6668527012,"R2_lower_bound":0.4083809641,"R2_upper_bound":0.8420368338,"m":0.8864599159,"m_lower_bound":0.583472793,"m_upper_bound":1.1965906059},"mkhqa":{"name":"EC-RISM\/MP2\/cc-pVTZ-P2-phi-all-2par","RMSE":1.59610817,"RMSE_lower_bound":1.1675270253,"RMSE_upper_bound":2.0336690187,"MAE":1.2387096774,"MAE_lower_bound":0.9338709677,"MAE_upper_bound":1.6193548387,"ME":-0.3161290323,"ME_lower_bound":-0.8577419355,"ME_upper_bound":0.1993548387,"R2":0.8031710687,"R2_lower_bound":0.6596127374,"R2_upper_bound":0.9037891477,"m":1.1397878132,"m_lower_bound":0.9711954347,"m_upper_bound":1.3404412118},"2ii2g":{"name":"EC-RISM\/MP2\/cc-pVTZ-P2-q-noThiols-2par","RMSE":1.6829448397,"RMSE_lower_bound":1.1416347927,"RMSE_upper_bound":2.1436472036,"MAE":1.3043333333,"MAE_lower_bound":0.908,"MAE_upper_bound":1.724,"ME":-1.061,"ME_lower_bound":-1.5326666667,"ME_upper_bound":-0.5516666667,"R2":0.8366160062,"R2_lower_bound":0.7375793778,"R2_upper_bound":0.9192768166,"m":1.0727716623,"m_lower_bound":0.9370096368,"m_upper_bound":1.2657232911},"nb001":{"name":"EC-RISM\/MP2\/6-311+G(d,p)-P2-phi-all-2par","RMSE":1.7019361523,"RMSE_lower_bound":1.048109409,"RMSE_upper_bound":2.3993658885,"MAE":1.2186666667,"MAE_lower_bound":0.8276666667,"MAE_upper_bound":1.7163333333,"ME":0.422,"ME_lower_bound":-0.1313333333,"ME_upper_bound":1.0483333333,"R2":0.7920874494,"R2_lower_bound":0.6805747756,"R2_upper_bound":0.9034845634,"m":1.1921383249,"m_lower_bound":0.9766690272,"m_upper_bound":1.5002120584},"35bdm":{"name":"macroscopic pKa prediction from microscopic pKa predicted with Gaussian and global fitting","RMSE":1.718644815,"RMSE_lower_bound":0.6645750522,"RMSE_upper_bound":2.3379093225,"MAE":1.442,"MAE_lower_bound":0.622,"MAE_upper_bound":2.228,"ME":-1.006,"ME_lower_bound":-2.146,"ME_upper_bound":0.378,"R2":0.9187503813,"R2_lower_bound":0.4629084321,"R2_upper_bound":1.0,"m":1.4460442407,"m_lower_bound":0.7345644469,"m_upper_bound":2.1473876953},"nb002":{"name":"EC-RISM\/MP2\/6-311+G(d,p)-P2-phi-noThiols-2par","RMSE":1.7196598501,"RMSE_lower_bound":1.0664379963,"RMSE_upper_bound":2.4288769696,"MAE":1.2503333333,"MAE_lower_bound":0.8613333333,"MAE_upper_bound":1.722,"ME":0.467,"ME_lower_bound":-0.0846666667,"ME_upper_bound":1.121,"R2":0.794416453,"R2_lower_bound":0.677611061,"R2_upper_bound":0.9028883751,"m":1.2004139611,"m_lower_bound":0.9878082945,"m_upper_bound":1.5007037247},"ryzue":{"name":"Adiabatic scheme with single point correction for type III submission","RMSE":1.7448056243,"RMSE_lower_bound":1.3652740873,"RMSE_upper_bound":2.0930488129,"MAE":1.436,"MAE_lower_bound":1.0903333333,"MAE_upper_bound":1.8043333333,"ME":1.2266666667,"ME_lower_bound":0.8193333333,"ME_upper_bound":1.6573333333,"R2":0.9221684516,"R2_lower_bound":0.8702318269,"R2_upper_bound":0.9627248736,"m":1.2994463606,"m_lower_bound":1.1303782255,"m_upper_bound":1.4678706198},"yc70m":{"name":"PCM\/B3LYP\/6-311+G(d,p)","RMSE":1.8777269825,"RMSE_lower_bound":1.5912812014,"RMSE_upper_bound":2.1555853673,"MAE":1.674137931,"MAE_lower_bound":1.3631034483,"MAE_upper_bound":1.9751724138,"ME":-0.6879310345,"ME_lower_bound":-1.2834482759,"ME_upper_bound":0.0251724138,"R2":0.5313500782,"R2_lower_bound":0.3372170687,"R2_upper_bound":0.7236199233,"m":0.6700437459,"m_lower_bound":0.4270551696,"m_upper_bound":1.0043642857},"5byn6":{"name":"Adiabatic scheme for type III submission","RMSE":1.8907635142,"RMSE_lower_bound":1.484895058,"RMSE_upper_bound":2.2625774388,"MAE":1.5533333333,"MAE_lower_bound":1.171,"MAE_upper_bound":1.9636666667,"ME":1.2733333333,"ME_lower_bound":0.777,"ME_upper_bound":1.787,"R2":0.9121300058,