{"xvxzd":{"name":"Full quantum chemical calculation of free energies and fit to experimental pKa","RMSE":0.6800760607,"RMSE_lower_bound":0.5426277062,"RMSE_upper_bound":0.8102043165,"MAE":0.5786206897,"MAE_lower_bound":0.4482758621,"MAE_upper_bound":0.7113793103,"ME":0.2351724138,"ME_lower_bound":0.0006896552,"ME_upper_bound":0.4624137931,"R2":0.9373019916,"R2_lower_bound":0.8763470144,"R2_upper_bound":0.9731216012,"m":0.9231109184,"m_lower_bound":0.8376828083,"m_upper_bound":1.0160729658},"gyuhx":{"name":"S+pKa","RMSE":0.7299817349,"RMSE_lower_bound":0.5461410074,"RMSE_upper_bound":0.9121439945,"MAE":0.5786666667,"MAE_lower_bound":0.4256666667,"MAE_upper_bound":0.7453333333,"ME":0.0093333333,"ME_lower_bound":-0.2576666667,"ME_upper_bound":0.2653333333,"R2":0.9251270636,"R2_lower_bound":0.8698185865,"R2_upper_bound":0.9636081324,"m":0.9962866624,"m_lower_bound":0.9103256904,"m_upper_bound":1.1089316136},"xmyhm":{"name":"ACD\/pKa Classic","RMSE":0.7739142933,"RMSE_lower_bound":0.4961820902,"RMSE_upper_bound":1.030326809,"MAE":0.5456666667,"MAE_lower_bound":0.365,"MAE_upper_bound":0.7596666667,"ME":0.1016666667,"ME_lower_bound":-0.175,"ME_upper_bound":0.3743333333,"R2":0.9158505204,"R2_lower_bound":0.8315382907,"R2_upper_bound":0.9686457605,"m":0.9808632721,"m_lower_bound":0.8701546693,"m_upper_bound":1.1071746666},"yqkga":{"name":"ReSCoSS conformations \/\/ COSMOtherm pKa","RMSE":0.9025944087,"RMSE_lower_bound":0.6811754546,"RMSE_upper_bound":1.1177134397,"MAE":0.7096666667,"MAE_lower_bound":0.5146666667,"MAE_upper_bound":0.922,"ME":-0.2883333333,"ME_lower_bound":-0.5816666667,"ME_upper_bound":0.0253333333,"R2":0.9006140699,"R2_lower_bound":0.8222913637,"R2_upper_bound":0.952886107,"m":0.9998455094,"m_lower_bound":0.8606982373,"m_upper_bound":1.1234616022},"nb017":{"name":"MoKa","RMSE":0.9427259719,"RMSE_lower_bound":0.7238717584,"RMSE_upper_bound":1.1507108602,"MAE":0.77,"MAE_lower_bound":0.5887096774,"MAE_upper_bound":0.9635483871,"ME":-0.1622580645,"ME_lower_bound":-0.5041935484,"ME_upper_bound":0.1535483871,"R2":0.8842961413,"R2_lower_bound":0.8082029984,"R2_upper_bound":0.9369988595,"m":0.9387723673,"m_lower_bound":0.8226762258,"m_upper_bound":1.0743603001},"nb007":{"name":"Epik Scan","RMSE":0.9457511096,"RMSE_lower_bound":0.7342870143,"RMSE_upper_bound":1.1547741016,"MAE":0.7761290323,"MAE_lower_bound":0.5948387097,"MAE_upper_bound":0.9732258065,"ME":0.0451612903,"ME_lower_bound":-0.2951612903,"ME_upper_bound":0.3616129032,"R2":0.8785159089,"R2_lower_bound":0.7614562961,"R2_upper_bound":0.9448088539,"m":0.839671562,"m_lower_bound":0.7670625877,"m_upper_bound":0.9204921058},"nb010":{"name":"Epik Microscopic","RMSE":1.0280611253,"RMSE_lower_bound":0.7732566239,"RMSE_upper_bound":1.2717932476,"MAE":0.8141935484,"MAE_lower_bound":0.6041935484,"MAE_upper_bound":1.0490322581,"ME":0.2432258065,"ME_lower_bound":-0.1222580645,"ME_upper_bound":0.5858064516,"R2":0.8690285543,"R2_lower_bound":0.7679768715,"R2_upper_bound":0.9398744783,"m":0.9457522794,"m_lower_bound":0.8250973948,"m_upper_bound":1.0736079295},"8xt50":{"name":"ReSCoSS conformations \/\/ DSD-BLYP-D3 reranking \/\/ COSMOtherm pKa","RMSE":1.0714295545,"RMSE_lower_bound":0.7794083778,"RMSE_upper_bound":1.3556441154,"MAE":0.8141935484,"MAE_lower_bound":0.5748387097,"MAE_upper_bound":1.07,"ME":-0.4748387097,"ME_lower_bound":-0.8203225806,"ME_upper_bound":-0.1409677419,"R2":0.9055345285,"R2_lower_bound":0.8408372696,"R2_upper_bound":0.951073919,"m":1.0781105731,"m_lower_bound":0.9336678815,"m_upper_bound":1.2155254646},"nb013":{"name":"Jaguar","RMSE":1.1031158217,"RMSE_lower_bound":0.7186367022,"RMSE_upper_bound":1.4683949983,"MAE":0.8032258065,"MAE_lower_bound":0.5629032258,"MAE_upper_bound":1.0906451613,"ME":-0.1483870968,"ME_lower_bound":-0.5506451613,"ME_upper_bound":0.2129032258,"R2":0.883942373,"R2_lower_bound":0.7835973008,"R2_upper_bound":0.9476858472,"m":1.0918429143,"m_lower_bound":0.9064103392,"m_upper_bound":1.2558097554},"nb015":{"name":"Chemicalize v18.23 (ChemAxon MarvinSketch v18.23)","RMSE":1.2722560607,"RMSE_lower_bound":0.9837666259,"RMSE_upper_bound":1.568385239,"MAE":1.0441935484,"MAE_lower_bound":0.7948387097,"MAE_upper_bound":1.3067741935,"ME":0.1287096774,"ME_lower_bound":-0.3335483871,"ME_upper_bound":0.5651612903,"R2":0.8737053783,"R2_lower_bound":0.7999019332,"R2_upper_bound":0.9323491811,"m":1.1616241785,"m_lower_bound":0.9412105171,"m_upper_bound":1.3388394511},"p0jba":{"name":"macroscopic pKa prediction from microscopic pKa predicted with Gaussian and separate fitting for neutral to negative and for positive to neutral transformations","RMSE":1.314747124,"RMSE_lower_bound":0.7081242829,"RMSE_upper_bound":1.72756476,"MAE":1.084,"MAE_lower_bound":0.428,"MAE_upper_bound":1.72,"ME":-0.924,"ME_lower_bound":-1.72,"ME_upper_bound":-0.108,"R2":0.9099462335,"R2_lower_bound":0.5085281288,"R2_upper_bound":1.0,"m":1.184586283,"m_lower_bound":0.3553387266,"m_upper_bound":1.7240765465},"37xm8":{"name":"ACD\/pKa GALAS","RMSE":1.3576704186,"RMSE_lower_bound":0.8581475639,"RMSE_upper_bound":1.807976579,"MAE":0.9551724138,"MAE_lower_bound":0.6365517241,"MAE_upper_bound":1.3234482759,"ME":-0.1013793103,"ME_lower_bound":-0.5872413793,"ME_upper_bound":0.3979310345,"R2":0.8536244441,"R2_lower_bound":0.7274812852,"R2_upper_bound":0.9390998811,"m":1.1708690403,"m_lower_bound":0.9993460701,"m_upper_bound":1.3493429025},"hytjn":{"name":"OE Gaussian Process","RMSE":1.4336741012,"RMSE_lower_bound":0.9912528148,"RMSE_upper_bound":1.8202138807,"MAE":1.0335714286,"MAE_lower_bound":0.6885714286,"MAE_upper_bound":1.4103571429,"ME":0.24,"ME_lower_bound":-0.2867857143,"ME_upper_bound":0.7639285714,"R2":0.6754901214,"R2_lower_bound":0.4230914064,"R2_upper_bound":0.852941972,"m":0.8494819276,"m_lower_bound":0.5561856543,"m_upper_bound":1.1004022613},"q3pfp":{"name":"OE Gaussian Process Resampled","RMSE":1.4837416506,"RMSE_lower_bound":1.0632111066,"RMSE_upper_bound":1.8750380949,"MAE":1.1403571429,"MAE_lower_bound":0.8064285714,"MAE_upper_bound":1.5103571429,"ME":0.0903571429,"ME_lower_bound":-0.4289285714,"ME_upper_bound":0.6696428571,"R2":0.6668527012,"R2_lower_bound":0.4284398187,"R2_upper_bound":0.8383668818,"m":0.8864599159,"m_lower_bound":0.5889477098,"m_upper_bound":1.1721411253},"mkhqa":{"name":"EC-RISM\/MP2\/cc-pVTZ-P2-phi-all-2par","RMSE":1.59610817,"RMSE_lower_bound":1.1455087615,"RMSE_upper_bound":2.0381102886,"MAE":1.2387096774,"MAE_lower_bound":0.9093548387,"MAE_upper_bound":1.6177419355,"ME":-0.3161290323,"ME_lower_bound":-0.8793548387,"ME_upper_bound":0.2258064516,"R2":0.8031710687,"R2_lower_bound":0.6716407563,"R2_upper_bound":0.901328985,"m":1.1397878132,"m_lower_bound":0.9794436343,"m_upper_bound":1.3395863904},"2ii2g":{"name":"EC-RISM\/MP2\/cc-pVTZ-P2-q-noThiols-2par","RMSE":1.6829448397,"RMSE_lower_bound":1.2153120313,"RMSE_upper_bound":2.1347466672,"MAE":1.3043333333,"MAE_lower_bound":0.9566666667,"MAE_upper_bound":1.6996666667,"ME":-1.061,"ME_lower_bound":-1.5426666667,"ME_upper_bound":-0.614,"R2":0.8366160062,"R2_lower_bound":0.7326124486,"R2_upper_bound":0.9155567872,"m":1.0727716623,"m_lower_bound":0.9316889908,"m_upper_bound":1.2536161525},"nb001":{"name":"EC-RISM\/MP2\/6-311+G(d,p)-P2-phi-all-2par","RMSE":1.7019361523,"RMSE_lower_bound":1.0597059341,"RMSE_upper_bound":2.389723136,"MAE":1.2186666667,"MAE_lower_bound":0.8433333333,"MAE_upper_bound":1.678,"ME":0.422,"ME_lower_bound":-0.1266666667,"ME_upper_bound":1.0426666667,"R2":0.7920874494,"R2_lower_bound":0.6872891474,"R2_upper_bound":0.901143089,"m":1.1921383249,"m_lower_bound":0.968975445,"m_upper_bound":1.4891055365},"35bdm":{"name":"macroscopic pKa prediction from microscopic pKa predicted with Gaussian and global fitting","RMSE":1.718644815,"RMSE_lower_bound":0.6645750522,"RMSE_upper_bound":2.3379093225,"MAE":1.442,"MAE_lower_bound":0.622,"MAE_upper_bound":2.262,"ME":-1.006,"ME_lower_bound":-2.178,"ME_upper_bound":0.136,"R2":0.9187503813,"R2_lower_bound":0.4629084321,"R2_upper_bound":1.0,"m":1.4460442407,