{"SOMD\/AM1BCC-GAFF-TIP3P-NOBUFFER\/MBAR\/D":{"receipt_id":"d4twv + jgbg0 + ttmwo","RMSE":1.7350941911,"RMSE_lower_bound":1.3063461535,"RMSE_upper_bound":2.2110391944,"MAE":1.3596296296,"MAE_lower_bound":0.9805956039,"MAE_upper_bound":1.8389707555,"ME":0.0774074074,"ME_lower_bound":-0.6011372237,"ME_upper_bound":0.7653475147,"R2":0.4984340086,"R2_lower_bound":0.2725395054,"R2_upper_bound":0.7143074621,"m":0.8573377857,"m_lower_bound":0.5717317404,"m_upper_bound":1.4832778355,"kendall_tau":0.5498575499,"kendall_tau_lower_bound":0.3076923077,"kendall_tau_upper_bound":0.7492537313},"US\/PMF\/MT\/MD_19":{"receipt_id":"2kb3u + finzb + xdmpa","RMSE":1.9816519484,"RMSE_lower_bound":1.2029731686,"RMSE_upper_bound":2.647267634,"MAE":1.3818518519,"MAE_lower_bound":0.8903703704,"MAE_upper_bound":1.9518518519,"ME":0.3818518519,"ME_lower_bound":-0.307037037,"ME_upper_bound":1.1525925926,"R2":0.5438118897,"R2_lower_bound":0.3944275136,"R2_upper_bound":0.7622025721,"m":1.0653853056,"m_lower_bound":0.8342468208,"m_upper_bound":1.7511668937,"kendall_tau":0.584045584,"kendall_tau_lower_bound":0.4052478134,"kendall_tau_upper_bound":0.743902439},"SOMD\/AM1BCC-GAFF-TIP3P\/MBAR\/D":{"receipt_id":"8jxan + e5rqf + j37ec","RMSE":2.1332126702,"RMSE_lower_bound":1.4969535525,"RMSE_upper_bound":2.8551729488,"MAE":1.6137037037,"MAE_lower_bound":1.1190448732,"MAE_upper_bound":2.2371265593,"ME":-0.13,"ME_lower_bound":-0.9872421967,"ME_upper_bound":0.6834186228,"R2":0.1833541493,"R2_lower_bound":0.0096808291,"R2_upper_bound":0.4821537906,"m":0.4293901086,"m_lower_bound":0.0963529596,"m_upper_bound":0.9502759415,"kendall_tau":0.3880175132,"kendall_tau_lower_bound":0.0946745562,"kendall_tau_upper_bound":0.6272189349},"US\/PMF\/MT\/MD_2":{"receipt_id":"2mgw5 + e7w4x + mknyd","RMSE":2.3554821792,"RMSE_lower_bound":1.086334305,"RMSE_upper_bound":3.5166161134,"MAE":1.4496296296,"MAE_lower_bound":0.8485185185,"MAE_upper_bound":2.2322222222,"ME":0.3807407407,"ME_lower_bound":-0.4033333333,"ME_upper_bound":1.3414814815,"R2":0.5181390891,"R2_lower_bound":0.3017901781,"R2_upper_bound":0.8418631915,"m":1.1952680638,"m_lower_bound":0.9192795324,"m_upper_bound":1.9336934528,"kendall_tau":0.6390876688,"kendall_tau_lower_bound":0.4176470588,"kendall_tau_upper_bound":0.8041543027},"AMOEBA\/BAR\/Tinker":{"receipt_id":"8fcb6 + jgdj6 + tqhg4","RMSE":3.0030390163,"RMSE_lower_bound":1.9527732417,"RMSE_upper_bound":3.9711954539,"MAE":2.1883333333,"MAE_lower_bound":1.5123333333,"MAE_upper_bound":2.9693333333,"ME":0.0996666667,"ME_lower_bound":-0.922,"ME_upper_bound":1.2173333333,"R2":0.304540835,"R2_lower_bound":0.0392869859,"R2_upper_bound":0.6437083957,"m":1.0105595836,"m_lower_bound":0.4055634473,"m_upper_bound":1.329869654,"kendall_tau":0.2945916795,"kendall_tau_lower_bound":0.0451306413,"kendall_tau_upper_bound":0.513253012},"US\/PMF\/MT\/MD_12":{"receipt_id":"emfe8 + tydzi + j8yon","RMSE":3.1303880957,"RMSE_lower_bound":2.3612802554,"RMSE_upper_bound":3.8364929008,"MAE":2.5751851852,"MAE_lower_bound":1.9344444444,"MAE_upper_bound":3.2685185185,"ME":2.5455555556,"ME_lower_bound":1.8862962963,"ME_upper_bound":3.2507407407,"R2":0.5656642465,"R2_lower_bound":0.3586259551,"R2_upper_bound":0.754188493,"m":1.0444916816,"m_lower_bound":0.8403551096,"m_upper_bound":1.5905988826,"kendall_tau":0.5783475783,"kendall_tau_lower_bound":0.3887240356,"kendall_tau_upper_bound":0.7566765579},"US\/PMF\/MT\/MD_7":{"receipt_id":"4ndha + y7u8q + dv8mj","RMSE":3.1413832763,"RMSE_lower_bound":2.4490330669,"RMSE_upper_bound":3.7736739147,"MAE":2.6562962963,"MAE_lower_bound":2.0448148148,"MAE_upper_bound":3.3092592593,"ME":2.6407407407,"ME_lower_bound":2.0177777778,"ME_upper_bound":3.3022222222,"R2":0.6284911748,"R2_lower_bound":0.4428155937,"R2_upper_bound":0.7909984135,"m":1.1046318949,"m_lower_bound":0.8942678791,"m_upper_bound":1.6764057769,"kendall_tau":0.6142882216,"kendall_tau_lower_bound":0.4451058172,"kendall_tau_upper_bound":0.766737357},"US\/PMF\/MT\/MD_5":{"receipt_id":"nb8jk + tj4jx + ubz3m","RMSE":3.225074791,"RMSE_lower_bound":2.6708501906,"RMSE_upper_bound":3.7565739908,"MAE":2.8944444444,"MAE_lower_bound":2.3611111111,"MAE_upper_bound":3.437037037,"ME":0.6781481481,"ME_lower_bound":-0.5325925926,"ME_upper_bound":1.8511111111,"R2":0.0025032047,"R2_lower_bound":0.000034419,"R2_upper_bound":0.2145896,"m":-0.0591219998,"m_lower_bound":-0.6817638407,"m_upper_bound":0.2663105192,"kendall_tau":-0.0798859586,"kendall_tau_lower_bound":-0.3485971307,"kendall_tau_upper_bound":0.1897598969},"US\/PMF\/MT\/MD_20":{"receipt_id":"j6oi0 + uui3y + zxx8g","RMSE":3.3291078774,"RMSE_lower_bound":2.3983729052,"RMSE_upper_bound":4.1844628842,"MAE":2.5137037037,"MAE_lower_bound":1.7277777778,"MAE_upper_bound":3.3644444444,"ME":-1.0122222222,"ME_lower_bound":-2.2266666667,"ME_upper_bound":0.1611111111,"R2":0.0001916952,"R2_lower_bound":0.000016955,"R2_upper_bound":0.1003416877,"m":0.017398145,"m_lower_bound":-0.4416575985,"m_upper_bound":0.3542571269,"kendall_tau":-0.0228245596,"kendall_tau_lower_bound":-0.293768546,"kendall_tau_upper_bound":0.2293577982},"US\/PMF\/MT\/MD_10":{"receipt_id":"8wns3 + hs2xm + s78rs","RMSE":3.3405516289,"RMSE_lower_bound":2.7510516508,"RMSE_upper_bound":3.8917462519,"MAE":2.932962963,"MAE_lower_bound":2.3355555556,"MAE_upper_bound":3.5407407407,"ME":0.5077777778,"ME_lower_bound":-0.7722222222,"ME_upper_bound":1.7137037037,"R2":0.0200878621,"R2_lower_bound":0.000050428,"R2_upper_bound":0.2845195358,"m":-0.1688778908,"m_lower_bound":-0.835868359,"m_upper_bound":0.1408507117,"kendall_tau":-0.0826210826,"kendall_tau_lower_bound":-0.3850746269,"kendall_tau_upper_bound":0.2168674699},"US\/PMF\/MT\/MD_13":{"receipt_id":"cco6p + gkdce + ikwy8","RMSE":3.3932411033,"RMSE_lower_bound":2.7323541607,"RMSE_upper_bound":4.0255600025,"MAE":2.967037037,"MAE_lower_bound":2.3607407407,"MAE_upper_bound":3.6018518519,"ME":0.9381481481,"ME_lower_bound":-0.3192592593,"ME_upper_bound":2.1414814815,"R2":0.0003472655,"R2_lower_bound":0.0000140096,"R2_upper_bound":0.1020549693,"m":-0.0238797014,"m_lower_bound":-0.4589861679,"m_upper_bound":0.3154684276,"kendall_tau":-0.1111111111,"kendall_tau_lower_bound":-0.3757575758,"kendall_tau_upper_bound":0.1359516616},"US\/PMF\/MT\/MD_22":{"receipt_id":"4mas4 + iyo2o + qfqyx","RMSE":3.5324647779,"RMSE_lower_bound":2.5003866368,"RMSE_upper_bound":4.4461352339,"MAE":2.6092592593,"MAE_lower_bound":1.7496296296,"MAE_upper_bound":3.5433333333,"ME":2.4996296296,"ME_lower_bound":1.592962963,"ME_upper_bound":3.4722222222,"R2":0.5961213258,"R2_lower_bound":0.4532362657,"R2_upper_bound":0.7635340457,"m":1.4319878804,"m_lower_bound":1.111457679,"m_upper_bound":2.2710845836,"kendall_tau":0.6068376068,"kendall_tau_lower_bound":0.4277108434,"kendall_tau_upper_bound":0.7619047619},"US\/PMF\/MT\/MD_4":{"receipt_id":"2vfcf + gt5n0 + m8t0b","RMSE":3.5689784823,"RMSE_lower_bound":2.6641543721,"RMSE_upper_bound":4.3892085678,"MAE":2.8488888889,"MAE_lower_bound":2.0614814815,"MAE_upper_bound":3.6803703704,"ME":2.8296296296,"ME_lower_bound":2.0311111111,"ME_upper_bound":3.6685185185,"R2":0.627103801,"R2_lower_bound":0.5151785654,"R2_upper_bound":0.7944626372,"m":1.3458382703,"m_lower_bound":1.0079076819,"m_upper_bound":2.1705923485,"kendall_tau":0.6125356125,"kendall_tau_lower_bound":0.4572271386,"kendall_tau_upper_bound":0.748502994},"US\/PMF\/MT\/MD_15":{"receipt_id":"ib70e + m0qdw + wtm6p","RMSE":3.6217859315,"RMSE_lower_bound":3.0378324388,"RMSE_upper_bound":4.1728767056,"MAE":3.2311111111,"MAE_lower_bound":2.61,"MAE_upper_bound":3.8448148148,"ME":2.3896296296,"ME_lower_bound":1.3281481481,"ME_upper_bound":3.3874074074,"R2":0.0088709668,"R2_lower_bound":0.0000376008,"R2_upper_bound":0.1233611232,"m":0.0973486059,"m_lower_bound":-0.3160496151,"m_upper_bound":0.3103340431,"kendall_tau":0.0684736788,"kendall_tau_lower_bound":-0.1837357732,"kendall_tau_upper_bound":0.2988304897},"US\/PMF\/MT\/MD_9":{"receipt_id":"7ihag + rkitq + pz24v","RMSE":3.6342348525,"RMSE_lower_bound":2.6123332837,