{"SOMD\/AM1BCC-GAFF-TIP3P-NOBUFFER\/MBAR\/D":{"receipt_id":"d4twv + jgbg0 + ttmwo","RMSE":1.7350941911,"RMSE_lower_bound":1.2899239139,"RMSE_upper_bound":2.136219402,"MAE":1.3596296296,"MAE_lower_bound":0.9607407407,"MAE_upper_bound":1.7751851852,"ME":0.0774074074,"ME_lower_bound":-0.5685185185,"ME_upper_bound":0.7366666667,"R2":0.4984340086,"R2_lower_bound":0.2939462258,"R2_upper_bound":0.7207780912,"m":0.8573377857,"m_lower_bound":0.5873130553,"m_upper_bound":1.4766840819,"kendall_tau":0.5498575499,"kendall_tau_lower_bound":0.3079178886,"kendall_tau_upper_bound":0.7470588235},"US\/PMF\/MT\/MD_19":{"receipt_id":"2kb3u + finzb + xdmpa","RMSE":1.9816519484,"RMSE_lower_bound":1.1793689461,"RMSE_upper_bound":2.6419212986,"MAE":1.3818518519,"MAE_lower_bound":0.8862962963,"MAE_upper_bound":1.9459259259,"ME":0.3818518519,"ME_lower_bound":-0.3074074074,"ME_upper_bound":1.1422222222,"R2":0.5438118897,"R2_lower_bound":0.3969273771,"R2_upper_bound":0.76534281,"m":1.0653853056,"m_lower_bound":0.8317202455,"m_upper_bound":1.7595711121,"kendall_tau":0.584045584,"kendall_tau_lower_bound":0.4071856287,"kendall_tau_upper_bound":0.7425149701},"SOMD\/AM1BCC-GAFF-TIP3P\/MBAR\/D":{"receipt_id":"8jxan + e5rqf + j37ec","RMSE":2.1332126702,"RMSE_lower_bound":1.4830911163,"RMSE_upper_bound":2.7098482942,"MAE":1.6137037037,"MAE_lower_bound":1.1237037037,"MAE_upper_bound":2.1622222222,"ME":-0.13,"ME_lower_bound":-0.942962963,"ME_upper_bound":0.6488888889,"R2":0.1833541493,"R2_lower_bound":0.019745176,"R2_upper_bound":0.4621293523,"m":0.4293901086,"m_lower_bound":0.147042431,"m_upper_bound":0.9414922699,"kendall_tau":0.3880175132,"kendall_tau_lower_bound":0.1116007077,"kendall_tau_upper_bound":0.6419026403},"US\/PMF\/MT\/MD_2":{"receipt_id":"2mgw5 + e7w4x + mknyd","RMSE":2.3554821792,"RMSE_lower_bound":1.0855771634,"RMSE_upper_bound":3.5115929697,"MAE":1.4496296296,"MAE_lower_bound":0.8422222222,"MAE_upper_bound":2.2177777778,"ME":0.3807407407,"ME_lower_bound":-0.4014814815,"ME_upper_bound":1.3244444444,"R2":0.5181390891,"R2_lower_bound":0.3015631012,"R2_upper_bound":0.8389624763,"m":1.1952680638,"m_lower_bound":0.9211446645,"m_upper_bound":1.9170528829,"kendall_tau":0.6390876688,"kendall_tau_lower_bound":0.4208955224,"kendall_tau_upper_bound":0.80650718},"AMOEBA\/BAR\/Tinker":{"receipt_id":"8fcb6 + jgdj6 + tqhg4","RMSE":3.0030390163,"RMSE_lower_bound":1.9485498882,"RMSE_upper_bound":3.9685488532,"MAE":2.1883333333,"MAE_lower_bound":1.5106666667,"MAE_upper_bound":2.9793333333,"ME":0.0996666667,"ME_lower_bound":-0.919,"ME_upper_bound":1.233,"R2":0.304540835,"R2_lower_bound":0.0411343931,"R2_upper_bound":0.643523416,"m":1.0105595836,"m_lower_bound":0.4230251905,"m_upper_bound":1.3340908575,"kendall_tau":0.2945916795,"kendall_tau_lower_bound":0.0479628719,"kendall_tau_upper_bound":0.5161294006},"US\/PMF\/MT\/MD_12":{"receipt_id":"emfe8 + tydzi + j8yon","RMSE":3.1303880957,"RMSE_lower_bound":2.3743349946,"RMSE_upper_bound":3.8389967825,"MAE":2.5751851852,"MAE_lower_bound":1.94,"MAE_upper_bound":3.2733333333,"ME":2.5455555556,"ME_lower_bound":1.8914814815,"ME_upper_bound":3.2525925926,"R2":0.5656642465,"R2_lower_bound":0.360652102,"R2_upper_bound":0.7543841357,"m":1.0444916816,"m_lower_bound":0.839331073,"m_upper_bound":1.5877473636,"kendall_tau":0.5783475783,"kendall_tau_lower_bound":0.3900293255,"kendall_tau_upper_bound":0.7590361446},"US\/PMF\/MT\/MD_7":{"receipt_id":"4ndha + y7u8q + dv8mj","RMSE":3.1413832763,"RMSE_lower_bound":2.4505577596,"RMSE_upper_bound":3.7685029939,"MAE":2.6562962963,"MAE_lower_bound":2.0444444444,"MAE_upper_bound":3.3174074074,"ME":2.6407407407,"ME_lower_bound":2.012962963,"ME_upper_bound":3.3077777778,"R2":0.6284911748,"R2_lower_bound":0.43588926,"R2_upper_bound":0.7892649281,"m":1.1046318949,"m_lower_bound":0.8927567491,"m_upper_bound":1.6786466445,"kendall_tau":0.6142882216,"kendall_tau_lower_bound":0.441481966,"kendall_tau_upper_bound":0.766754683},"US\/PMF\/MT\/MD_5":{"receipt_id":"nb8jk + tj4jx + ubz3m","RMSE":3.225074791,"RMSE_lower_bound":2.6632005251,"RMSE_upper_bound":3.7384766159,"MAE":2.8944444444,"MAE_lower_bound":2.3555555556,"MAE_upper_bound":3.4233333333,"ME":0.6781481481,"ME_lower_bound":-0.5192592593,"ME_upper_bound":1.8518518519,"R2":0.0025032047,"R2_lower_bound":0.0000341124,"R2_upper_bound":0.2162315966,"m":-0.0591219998,"m_lower_bound":-0.6861759791,"m_upper_bound":0.2595803687,"kendall_tau":-0.0798859586,"kendall_tau_lower_bound":-0.3552238806,"kendall_tau_upper_bound":0.1845238095},"US\/PMF\/MT\/MD_20":{"receipt_id":"j6oi0 + uui3y + zxx8g","RMSE":3.3291078774,"RMSE_lower_bound":2.3764157574,"RMSE_upper_bound":4.184931523,"MAE":2.5137037037,"MAE_lower_bound":1.7137037037,"MAE_upper_bound":3.357037037,"ME":-1.0122222222,"ME_lower_bound":-2.2340740741,"ME_upper_bound":0.1762962963,"R2":0.0001916952,"R2_lower_bound":0.0000157451,"R2_upper_bound":0.1006377571,"m":0.017398145,"m_lower_bound":-0.4453205086,"m_upper_bound":0.357126749,"kendall_tau":-0.0228245596,"kendall_tau_lower_bound":-0.2899459044,"kendall_tau_upper_bound":0.2289198164},"US\/PMF\/MT\/MD_10":{"receipt_id":"8wns3 + hs2xm + s78rs","RMSE":3.3405516289,"RMSE_lower_bound":2.743842939,"RMSE_upper_bound":3.9029903066,"MAE":2.932962963,"MAE_lower_bound":2.327037037,"MAE_upper_bound":3.547037037,"ME":0.5077777778,"ME_lower_bound":-0.77,"ME_upper_bound":1.7114814815,"R2":0.0200878621,"R2_lower_bound":0.000049656,"R2_upper_bound":0.2840395259,"m":-0.1688778908,"m_lower_bound":-0.8422474109,"m_upper_bound":0.1437234667,"kendall_tau":-0.0826210826,"kendall_tau_lower_bound":-0.3873873874,"kendall_tau_upper_bound":0.209439528},"US\/PMF\/MT\/MD_13":{"receipt_id":"cco6p + gkdce + ikwy8","RMSE":3.3932411033,"RMSE_lower_bound":2.7322897737,"RMSE_upper_bound":4.0426224529,"MAE":2.967037037,"MAE_lower_bound":2.3648148148,"MAE_upper_bound":3.6114814815,"ME":0.9381481481,"ME_lower_bound":-0.3418518519,"ME_upper_bound":2.1311111111,"R2":0.0003472655,"R2_lower_bound":0.0000138751,"R2_upper_bound":0.1016571046,"m":-0.0238797014,"m_lower_bound":-0.4741384774,"m_upper_bound":0.3171067866,"kendall_tau":-0.1111111111,"kendall_tau_lower_bound":-0.3764705882,"kendall_tau_upper_bound":0.1360946746},"US\/PMF\/MT\/MD_22":{"receipt_id":"4mas4 + iyo2o + qfqyx","RMSE":3.5324647779,"RMSE_lower_bound":2.4789431739,"RMSE_upper_bound":4.4411889466,"MAE":2.6092592593,"MAE_lower_bound":1.7433333333,"MAE_upper_bound":3.5403703704,"ME":2.4996296296,"ME_lower_bound":1.5759259259,"ME_upper_bound":3.4674074074,"R2":0.5961213258,"R2_lower_bound":0.4562146055,"R2_upper_bound":0.7632540078,"m":1.4319878804,"m_lower_bound":1.1099706426,"m_upper_bound":2.2706662525,"kendall_tau":0.6068376068,"kendall_tau_lower_bound":0.4277108434,"kendall_tau_upper_bound":0.7611940299},"US\/PMF\/MT\/MD_4":{"receipt_id":"2vfcf + gt5n0 + m8t0b","RMSE":3.5689784823,"RMSE_lower_bound":2.6479118258,"RMSE_upper_bound":4.4042622454,"MAE":2.8488888889,"MAE_lower_bound":2.0651851852,"MAE_upper_bound":3.6925925926,"ME":2.8296296296,"ME_lower_bound":2.0318518519,"ME_upper_bound":3.6840740741,"R2":0.627103801,"R2_lower_bound":0.5146326889,"R2_upper_bound":0.7931844512,"m":1.3458382703,"m_lower_bound":1.0027137785,"m_upper_bound":2.1834777077,"kendall_tau":0.6125356125,"kendall_tau_lower_bound":0.4578313253,"kendall_tau_upper_bound":0.7492537313},"US\/PMF\/MT\/MD_15":{"receipt_id":"ib70e + m0qdw + wtm6p","RMSE":3.6217859315,"RMSE_lower_bound":3.0334774081,"RMSE_upper_bound":4.1817203619,"MAE":3.2311111111,"MAE_lower_bound":2.6014814815,"MAE_upper_bound":3.8466666667,"ME":2.3896296296,"ME_lower_bound":1.3477777778,"ME_upper_bound":3.3988888889,"R2":0.0088709668,"R2_lower_bound":0.0000393457,"R2_upper_bound":0.1216405076,"m":0.0973486059,"m_lower_bound":-0.3236005783,"m_upper_bound":0.3042236499,"kendall_tau":0.0684736788,"kendall_tau_lower_bound":-0.1856287425,"kendall_tau_upper_bound":0.2955223881},"US\/PMF\/MT\/MD_9":{"receipt_id":"7ihag + rkitq + pz24v","RMSE":3.6342348525,"RMSE_lower_bound":2.6403261583,"RMSE_upper_bound":4.5392269696,