{"EXT09":{"name":"clogP (Biobyte)","category":"Empirical","type":"Reference","RMSE":0.2266652778,"RMSE_lower_bound":0.1615228455,"RMSE_upper_bound":0.2884876273,"MAE":0.1745555556,"MAE_lower_bound":0.1225925926,"MAE_upper_bound":0.2302222222,"ME":0.0127037037,"ME_lower_bound":-0.069,"ME_upper_bound":0.0996666667,"R2":0.9410761288,"R2_lower_bound":0.8619546282,"R2_upper_bound":0.9780482142,"m":0.9399811149,"m_lower_bound":0.7985832499,"m_upper_bound":1.0221759977,"kendall_tau":0.8485748921,"kendall_tau_lower_bound":0.7459626251,"kendall_tau_upper_bound":0.9317876632,"ES":0.274560231,"ES_lower_bound":0.0741304728,"ES_upper_bound":0.422979093},"EXT12":{"name":"MoKa_logP","category":"Empirical","type":"Reference","RMSE":0.2774086436,"RMSE_lower_bound":0.1941171849,"RMSE_upper_bound":0.3529295387,"MAE":0.2162962963,"MAE_lower_bound":0.1540740741,"MAE_upper_bound":0.2859259259,"ME":0.0311111111,"ME_lower_bound":-0.0681481481,"ME_upper_bound":0.1366666667,"R2":0.9128312586,"R2_lower_bound":0.8137114057,"R2_upper_bound":0.9668503182,"m":0.9281521613,"m_lower_bound":0.7555265242,"m_upper_bound":1.0487370307,"kendall_tau":0.8269802601,"kendall_tau_lower_bound":0.7196995102,"kendall_tau_upper_bound":0.9091577,"ES":0.2334568465,"ES_lower_bound":0.0689305111,"ES_upper_bound":0.3984794906},"EXT11":{"name":"logP(o\/w) (MOE)","category":"Empirical","type":"Reference","RMSE":0.3199884257,"RMSE_lower_bound":0.222419357,"RMSE_upper_bound":0.4072354856,"MAE":0.2414814815,"MAE_lower_bound":0.1677777778,"MAE_upper_bound":0.3222222222,"ME":0.1051851852,"ME_lower_bound":-0.0059259259,"ME_upper_bound":0.2233333333,"R2":0.8974559326,"R2_lower_bound":0.8097602188,"R2_upper_bound":0.9518285392,"m":0.8497859293,"m_lower_bound":0.7457871121,"m_upper_bound":1.0240973899,"kendall_tau":0.7971461108,"kendall_tau_lower_bound":0.6637168142,"kendall_tau_upper_bound":0.9060647661,"ES":0.2839336977,"ES_lower_bound":0.1057588729,"ES_upper_bound":0.4870480348},"EXT10":{"name":"h_logP (MOE)","category":"Empirical","type":"Reference","RMSE":0.427533841,"RMSE_lower_bound":0.3332333183,"RMSE_upper_bound":0.5132431378,"MAE":0.3511111111,"MAE_lower_bound":0.2592592593,"MAE_upper_bound":0.4462962963,"ME":0.1748148148,"ME_lower_bound":0.0240740741,"ME_upper_bound":0.3181481481,"R2":0.8324111969,"R2_lower_bound":0.621988303,"R2_upper_bound":0.9344703442,"m":0.9116884125,"m_lower_bound":0.6652471502,"m_upper_bound":1.0609194865,"kendall_tau":0.741798187,"kendall_tau_lower_bound":0.5457227139,"kendall_tau_upper_bound":0.9014965538,"ES":0.0919637469,"ES_lower_bound":0.0066212093,"ES_upper_bound":0.2625134652},"EXT13":{"name":"SlogP (MOE)","category":"Empirical","type":"Reference","RMSE":0.5922336876,"RMSE_lower_bound":0.4782917132,"RMSE_upper_bound":0.693779237,"MAE":0.4888888889,"MAE_lower_bound":0.3644444444,"MAE_upper_bound":0.6151851852,"ME":0.2822222222,"ME_lower_bound":0.0796296296,"ME_upper_bound":0.4755555556,"R2":0.7122366768,"R2_lower_bound":0.4110684049,"R2_upper_bound":0.8712454771,"m":0.8433459739,"m_lower_bound":0.5977554679,"m_upper_bound":1.0399420983,"kendall_tau":0.5493612828,"kendall_tau_lower_bound":0.333357384,"kendall_tau_upper_bound":0.7276264463,"ES":0.1264797613,"ES_lower_bound":0.0106593574,"ES_upper_bound":0.2615434073},"EXT08":{"name":"YANK-SMIRNOFF-tip3p-dry-oct","category":"Physical","type":"Reference","RMSE":1.2589457671,"RMSE_lower_bound":0.8828908745,"RMSE_upper_bound":1.6079950709,"MAE":0.97,"MAE_lower_bound":0.6911111111,"MAE_upper_bound":1.287037037,"ME":-0.8462962963,"ME_lower_bound":-1.2088888889,"ME_upper_bound":-0.5103703704,"R2":0.5608218208,"R2_lower_bound":0.1782528988,"R2_upper_bound":0.8294463447,"m":1.1213907526,"m_lower_bound":0.6259739789,"m_upper_bound":1.4717545154,"kendall_tau":0.5021403112,"kendall_tau_lower_bound":0.2321428571,"kendall_tau_upper_bound":0.7357357357,"ES":1.1506466113,"ES_lower_bound":0.9934182698,"ES_upper_bound":1.2833076719},"EXT07":{"name":"YANK-GAFF-tip3p-dry-oct","category":"Physical","type":"Reference","RMSE":1.2749567894,"RMSE_lower_bound":0.6818167452,"RMSE_upper_bound":1.7576404638,"MAE":0.8774074074,"MAE_lower_bound":0.5574074074,"MAE_upper_bound":1.2648148148,"ME":-0.7374074074,"ME_lower_bound":-1.1574074074,"ME_upper_bound":-0.3692592593,"R2":0.5500099041,"R2_lower_bound":0.1859325618,"R2_upper_bound":0.8802677903,"m":1.2110930737,"m_lower_bound":0.7901154587,"m_upper_bound":1.6171421304,"kendall_tau":0.5991446895,"kendall_tau_lower_bound":0.3411764706,"kendall_tau_upper_bound":0.8106508876,"ES":1.2209645308,"ES_lower_bound":1.0217529849,"ES_upper_bound":1.3664393798},"EXT02":{"name":"YANK-GAFF-tip3p-wet-oct","category":"Physical","type":"Reference","RMSE":1.8297469973,"RMSE_lower_bound":1.3946325681,"RMSE_upper_bound":2.2423293114,"MAE":1.5277777778,"MAE_lower_bound":1.1592592593,"MAE_upper_bound":1.9233333333,"ME":0.2418518519,"ME_lower_bound":-0.4466666667,"ME_upper_bound":0.9051851852,"R2":0.2674297595,"R2_lower_bound":0.0079578708,"R2_upper_bound":0.5915655282,"m":1.1708754299,"m_lower_bound":0.1933679076,"m_upper_bound":1.8540131653,"kendall_tau":0.3105413105,"kendall_tau_lower_bound":0.039039039,"kendall_tau_upper_bound":0.5688622754,"ES":0.8830008629,"ES_lower_bound":0.7151357235,"ES_upper_bound":1.0654281509},"EXT05":{"name":"YANK-SMIRNOFF-tip3p-wet-oct","category":"Physical","type":"Reference","RMSE":1.9889733067,"RMSE_lower_bound":1.3801315021,"RMSE_upper_bound":2.6165548455,"MAE":1.5637037037,"MAE_lower_bound":1.1337037037,"MAE_upper_bound":2.0703703704,"ME":0.2733333333,"ME_lower_bound":-0.4551851852,"ME_upper_bound":1.022962963,"R2":0.2586184313,"R2_lower_bound":0.0105232702,"R2_upper_bound":0.5732185894,"m":1.2400142419,"m_lower_bound":0.2301246583,"m_upper_bound":1.9231350063,"kendall_tau":0.3048433048,"kendall_tau_lower_bound":0.0236686391,"kendall_tau_upper_bound":0.5709969789,"ES":0.9001347929,"ES_lower_bound":0.7098680834,"ES_upper_bound":1.0833065439},"EXT01":{"name":"YANK-GAFF-TIP3P-FB-wet-oct","category":"Physical","type":"Reference","RMSE":2.0480216289,"RMSE_lower_bound":1.3583104974,"RMSE_upper_bound":2.6646617463,"MAE":1.5748148148,"MAE_lower_bound":1.1133333333,"MAE_upper_bound":2.1051851852,"ME":-0.6014814815,"ME_lower_bound":-1.3503703704,"ME_upper_bound":0.1133333333,"R2":0.2184061568,"R2_lower_bound":0.0017911558,"R2_upper_bound":0.5836075792,"m":1.1085537696,"m_lower_bound":-0.1490269139,"m_upper_bound":1.7946431323,"kendall_tau":0.2396578758,"kendall_tau_lower_bound":-0.0738493002,"kendall_tau_upper_bound":0.5266272189,"ES":0.9322369423,"ES_lower_bound":0.7516369727,"ES_upper_bound":1.110107214},"EXT04":{"name":"YANK-SMIRNOFF-TIP3P-FB-wet-oct","category":"Physical","type":"Reference","RMSE":2.0673887627,"RMSE_lower_bound":1.523656664,"RMSE_upper_bound":2.5862270531,"MAE":1.6859259259,"MAE_lower_bound":1.2551851852,"MAE_upper_bound":2.17,"ME":-0.5533333333,"ME_lower_bound":-1.3259259259,"ME_upper_bound":0.1844444444,"R2":0.2237587582,"R2_lower_bound":0.0028346757,"R2_upper_bound":0.5797758191,"m":1.1445261405,"m_lower_bound":-0.0482241935,"m_upper_bound":1.8988675724,"kendall_tau":0.264957265,"kendall_tau_lower_bound":-0.0557184751,"kendall_tau_upper_bound":0.5562130178,"ES":0.8418072405,"ES_lower_bound":0.6595604284,"ES_upper_bound":1.0193278401},"EXT06":{"name":"YANK-SMIRNOFF-OPC-wet-oct","category":"Physical","type":"Reference","RMSE":2.5419619136,"RMSE_lower_bound":1.9005798336,"RMSE_upper_bound":3.1786242074,"MAE":2.1081481481,"MAE_lower_bound":1.6188888889,"MAE_upper_bound":2.6588888889,"ME":-2.1081481481,"ME_lower_bound":-2.6577777778,"ME_upper_bound":-1.6185185185,"R2":0.4761593692,"R2_lower_bound":0.1196237148,"R2_upper_bound":0.8320732965,"m":1.4012025143,"m_lower_bound":0.8540743803,"m_upper_bound":1.8162477943,"kendall_tau":0.4850218915,"kendall_tau_lower_bound":0.2179104478,"kendall_tau_upper_bound":0.7251461988,"ES":0.6943358769,"ES_lower_bound":0.4936128454,"ES_upper_bound":0.8892611204},"EXT03":{"name":"YANK-GAFF-opc-wet-oct","category":"Physical","type":"Reference",