{"EXT09":{"name":"clogP (Biobyte)","category":"Empirical","type":"Reference","RMSE":0.2266652778,"RMSE_lower_bound":0.161689231,"RMSE_upper_bound":0.2893235405,"MAE":0.1745555556,"MAE_lower_bound":0.1225925926,"MAE_upper_bound":0.2308148148,"ME":0.0127037037,"ME_lower_bound":-0.0716296296,"ME_upper_bound":0.0988148148,"R2":0.9410761288,"R2_lower_bound":0.8625644488,"R2_upper_bound":0.977394831,"m":0.9399811149,"m_lower_bound":0.8004109458,"m_upper_bound":1.020862259,"kendall_tau":0.8485748921,"kendall_tau_lower_bound":0.7448071217,"kendall_tau_upper_bound":0.9291196173,"ES":0.274560231,"ES_lower_bound":0.0764653796,"ES_upper_bound":0.4315404181},"EXT12":{"name":"MoKa_logP","category":"Empirical","type":"Reference","RMSE":0.2774086436,"RMSE_lower_bound":0.1953534309,"RMSE_upper_bound":0.3492955874,"MAE":0.2162962963,"MAE_lower_bound":0.1540740741,"MAE_upper_bound":0.2840740741,"ME":0.0311111111,"ME_lower_bound":-0.0725925926,"ME_upper_bound":0.1344444444,"R2":0.9128312586,"R2_lower_bound":0.8162794795,"R2_upper_bound":0.9671024927,"m":0.9281521613,"m_lower_bound":0.7565573679,"m_upper_bound":1.0494115558,"kendall_tau":0.8269802601,"kendall_tau_lower_bound":0.7226587959,"kendall_tau_upper_bound":0.9091726945,"ES":0.2334568465,"ES_lower_bound":0.0588577004,"ES_upper_bound":0.3948474133},"EXT11":{"name":"logP(o\/w) (MOE)","category":"Empirical","type":"Reference","RMSE":0.3199884257,"RMSE_lower_bound":0.2252159458,"RMSE_upper_bound":0.4106589105,"MAE":0.2414814815,"MAE_lower_bound":0.1677777778,"MAE_upper_bound":0.3277777778,"ME":0.1051851852,"ME_lower_bound":-0.0048148148,"ME_upper_bound":0.227037037,"R2":0.8974559326,"R2_lower_bound":0.8107019707,"R2_upper_bound":0.9515065545,"m":0.8497859293,"m_lower_bound":0.7439189887,"m_upper_bound":1.0299320127,"kendall_tau":0.7971461108,"kendall_tau_lower_bound":0.6647058824,"kendall_tau_upper_bound":0.9049866402,"ES":0.2839336977,"ES_lower_bound":0.0971637086,"ES_upper_bound":0.4688086899},"EXT10":{"name":"h_logP (MOE)","category":"Empirical","type":"Reference","RMSE":0.427533841,"RMSE_lower_bound":0.336110652,"RMSE_upper_bound":0.5112113428,"MAE":0.3511111111,"MAE_lower_bound":0.2607407407,"MAE_upper_bound":0.4448148148,"ME":0.1748148148,"ME_lower_bound":0.0222222222,"ME_upper_bound":0.3140740741,"R2":0.8324111969,"R2_lower_bound":0.624136127,"R2_upper_bound":0.9330409279,"m":0.9116884125,"m_lower_bound":0.6715859231,"m_upper_bound":1.0647316786,"kendall_tau":0.741798187,"kendall_tau_lower_bound":0.5476190476,"kendall_tau_upper_bound":0.8988095238,"ES":0.0919637469,"ES_lower_bound":0.0076927849,"ES_upper_bound":0.2483235482},"EXT13":{"name":"SlogP (MOE)","category":"Empirical","type":"Reference","RMSE":0.5922336876,"RMSE_lower_bound":0.477020071,"RMSE_upper_bound":0.6942835369,"MAE":0.4888888889,"MAE_lower_bound":0.3622222222,"MAE_upper_bound":0.6140740741,"ME":0.2822222222,"ME_lower_bound":0.0751851852,"ME_upper_bound":0.4748148148,"R2":0.7122366768,"R2_lower_bound":0.4095735325,"R2_upper_bound":0.8691543967,"m":0.8433459739,"m_lower_bound":0.5978335354,"m_upper_bound":1.0368824477,"kendall_tau":0.5493612828,"kendall_tau_lower_bound":0.3313491887,"kendall_tau_upper_bound":0.7237237237,"ES":0.1264797613,"ES_lower_bound":0.0136372096,"ES_upper_bound":0.2508163714},"EXT08":{"name":"YANK-SMIRNOFF-tip3p-dry-oct","category":"Physical","type":"Reference","RMSE":1.2589457671,"RMSE_lower_bound":0.8738887123,"RMSE_upper_bound":1.6078568667,"MAE":0.97,"MAE_lower_bound":0.6822222222,"MAE_upper_bound":1.287037037,"ME":-0.8462962963,"ME_lower_bound":-1.2048148148,"ME_upper_bound":-0.5007407407,"R2":0.5608218208,"R2_lower_bound":0.1708907792,"R2_upper_bound":0.8316344725,"m":1.1213907526,"m_lower_bound":0.6090280656,"m_upper_bound":1.4845167348,"kendall_tau":0.5021403112,"kendall_tau_lower_bound":0.2351200889,"kendall_tau_upper_bound":0.7352941176,"ES":1.1506466113,"ES_lower_bound":1.0053973572,"ES_upper_bound":1.3027088303},"EXT07":{"name":"YANK-GAFF-tip3p-dry-oct","category":"Physical","type":"Reference","RMSE":1.2749567894,"RMSE_lower_bound":0.6852169162,"RMSE_upper_bound":1.7533829735,"MAE":0.8774074074,"MAE_lower_bound":0.5633333333,"MAE_upper_bound":1.257037037,"ME":-0.7374074074,"ME_lower_bound":-1.1607407407,"ME_upper_bound":-0.3777777778,"R2":0.5500099041,"R2_lower_bound":0.170506047,"R2_upper_bound":0.8794778109,"m":1.2110930737,"m_lower_bound":0.7827842419,"m_upper_bound":1.6191065734,"kendall_tau":0.5991446895,"kendall_tau_lower_bound":0.3392330383,"kendall_tau_upper_bound":0.8089552239,"ES":1.2209645308,"ES_lower_bound":1.0522759702,"ES_upper_bound":1.3689096436},"EXT02":{"name":"YANK-GAFF-tip3p-wet-oct","category":"Physical","type":"Reference","RMSE":1.8297469973,"RMSE_lower_bound":1.3904062822,"RMSE_upper_bound":2.240377779,"MAE":1.5277777778,"MAE_lower_bound":1.1540740741,"MAE_upper_bound":1.9262962963,"ME":0.2418518519,"ME_lower_bound":-0.4396296296,"ME_upper_bound":0.8996296296,"R2":0.2674297595,"R2_lower_bound":0.0073554749,"R2_upper_bound":0.5922390583,"m":1.1708754299,"m_lower_bound":0.1717990575,"m_upper_bound":1.8363874525,"kendall_tau":0.3105413105,"kendall_tau_lower_bound":0.0414201183,"kendall_tau_upper_bound":0.5718475073,"ES":0.8830008629,"ES_lower_bound":0.6994230411,"ES_upper_bound":1.0501553785},"EXT05":{"name":"YANK-SMIRNOFF-tip3p-wet-oct","category":"Physical","type":"Reference","RMSE":1.9889733067,"RMSE_lower_bound":1.3803018993,"RMSE_upper_bound":2.6200798687,"MAE":1.5637037037,"MAE_lower_bound":1.1318518519,"MAE_upper_bound":2.0666666667,"ME":0.2733333333,"ME_lower_bound":-0.4666666667,"ME_upper_bound":1.0318518519,"R2":0.2586184313,"R2_lower_bound":0.0091887506,"R2_upper_bound":0.5814181485,"m":1.2400142419,"m_lower_bound":0.2197193721,"m_upper_bound":1.9406006175,"kendall_tau":0.3048433048,"kendall_tau_lower_bound":0.0304878049,"kendall_tau_upper_bound":0.5773809524,"ES":0.9001347929,"ES_lower_bound":0.7114923664,"ES_upper_bound":1.0861715987},"EXT01":{"name":"YANK-GAFF-TIP3P-FB-wet-oct","category":"Physical","type":"Reference","RMSE":2.0480216289,"RMSE_lower_bound":1.3532703872,"RMSE_upper_bound":2.667158288,"MAE":1.5748148148,"MAE_lower_bound":1.1155555556,"MAE_upper_bound":2.1077777778,"ME":-0.6014814815,"ME_lower_bound":-1.3714814815,"ME_upper_bound":0.1074074074,"R2":0.2184061568,"R2_lower_bound":0.0023128061,"R2_upper_bound":0.58840376,"m":1.1085537696,"m_lower_bound":-0.1052580722,"m_upper_bound":1.7856140715,"kendall_tau":0.2396578758,"kendall_tau_lower_bound":-0.0678477885,"kendall_tau_upper_bound":0.528358209,"ES":0.9322369423,"ES_lower_bound":0.7534868506,"ES_upper_bound":1.1077723071},"EXT04":{"name":"YANK-SMIRNOFF-TIP3P-FB-wet-oct","category":"Physical","type":"Reference","RMSE":2.0673887627,"RMSE_lower_bound":1.5103396724,"RMSE_upper_bound":2.5790968847,"MAE":1.6859259259,"MAE_lower_bound":1.252962963,"MAE_upper_bound":2.157037037,"ME":-0.5533333333,"ME_lower_bound":-1.3277777778,"ME_upper_bound":0.1940740741,"R2":0.2237587582,"R2_lower_bound":0.0024311404,"R2_upper_bound":0.5674326658,"m":1.1445261405,"m_lower_bound":-0.0425023185,"m_upper_bound":1.920890793,"kendall_tau":0.264957265,"kendall_tau_lower_bound":-0.0529411765,"kendall_tau_upper_bound":0.5516224189,"ES":0.8418072405,"ES_lower_bound":0.6627187565,"ES_upper_bound":1.0327732941},"EXT06":{"name":"YANK-SMIRNOFF-OPC-wet-oct","category":"Physical","type":"Reference","RMSE":2.5419619136,"RMSE_lower_bound":1.8867157434,"RMSE_upper_bound":3.2107147006,"MAE":2.1081481481,"MAE_lower_bound":1.6055555556,"MAE_upper_bound":2.6792592593,"ME":-2.1081481481,"ME_lower_bound":-2.6785185185,"ME_upper_bound":-1.6051851852,"R2":0.4761593692,"R2_lower_bound":0.1155471128,"R2_upper_bound":0.8313752565,"m":1.4012025143,"m_lower_bound":0.8251688989,"m_upper_bound":1.8223912268,"kendall_tau":0.4850218915,"kendall_tau_lower_bound":0.2152468772,"kendall_tau_upper_bound":0.7210682493,"ES":0.6943358769,"ES_lower_bound":0.5061671996,"ES_upper_bound":0.8841626765},"EXT03":{"name":"YANK-GAFF-opc-wet-oct","category":"Physical",