{"EXT09":{"name":"clogP (Biobyte)","category":"Empirical","type":"Reference","RMSE":0.2266652778,"RMSE_lower_bound":0.1592855577,"RMSE_upper_bound":0.29061289,"MAE":0.1745555556,"MAE_lower_bound":0.1217037037,"MAE_upper_bound":0.2332592593,"ME":0.0127037037,"ME_lower_bound":-0.0713703704,"ME_upper_bound":0.0974814815,"R2":0.9410761288,"R2_lower_bound":0.857806579,"R2_upper_bound":0.9777931875,"m":0.9399811149,"m_lower_bound":0.7990423956,"m_upper_bound":1.0235594647,"kendall_tau":0.8485748921,"kendall_tau_lower_bound":0.7418430287,"kendall_tau_upper_bound":0.930992881,"ES":0.274560231,"ES_lower_bound":0.0779994247,"ES_upper_bound":0.4159179737},"EXT12":{"name":"MoKa_logP","category":"Empirical","type":"Reference","RMSE":0.2774086436,"RMSE_lower_bound":0.1945079261,"RMSE_upper_bound":0.3517680212,"MAE":0.2162962963,"MAE_lower_bound":0.1522222222,"MAE_upper_bound":0.2837037037,"ME":0.0311111111,"ME_lower_bound":-0.0718518519,"ME_upper_bound":0.1362962963,"R2":0.9128312586,"R2_lower_bound":0.8114056596,"R2_upper_bound":0.9663961803,"m":0.9281521613,"m_lower_bound":0.7458267973,"m_upper_bound":1.0615896185,"kendall_tau":0.8269802601,"kendall_tau_lower_bound":0.7195110692,"kendall_tau_upper_bound":0.909442394,"ES":0.2334568465,"ES_lower_bound":0.0648698036,"ES_upper_bound":0.3788527373},"EXT11":{"name":"logP(o\/w) (MOE)","category":"Empirical","type":"Reference","RMSE":0.3199884257,"RMSE_lower_bound":0.2166239274,"RMSE_upper_bound":0.4067622838,"MAE":0.2414814815,"MAE_lower_bound":0.1655555556,"MAE_upper_bound":0.3211111111,"ME":0.1051851852,"ME_lower_bound":8.223874256e-18,"ME_upper_bound":0.222962963,"R2":0.8974559326,"R2_lower_bound":0.8067951037,"R2_upper_bound":0.9514254873,"m":0.8497859293,"m_lower_bound":0.7454938857,"m_upper_bound":1.0206004984,"kendall_tau":0.7971461108,"kendall_tau_lower_bound":0.6735605575,"kendall_tau_upper_bound":0.9080158671,"ES":0.2839336977,"ES_lower_bound":0.1139592463,"ES_upper_bound":0.4772797771},"EXT10":{"name":"h_logP (MOE)","category":"Empirical","type":"Reference","RMSE":0.427533841,"RMSE_lower_bound":0.3352389971,"RMSE_upper_bound":0.513492039,"MAE":0.3511111111,"MAE_lower_bound":0.2611111111,"MAE_upper_bound":0.4418518519,"ME":0.1748148148,"ME_lower_bound":0.0314814815,"ME_upper_bound":0.327037037,"R2":0.8324111969,"R2_lower_bound":0.6295095998,"R2_upper_bound":0.9325091214,"m":0.9116884125,"m_lower_bound":0.6774928349,"m_upper_bound":1.0704249694,"kendall_tau":0.741798187,"kendall_tau_lower_bound":0.5548961424,"kendall_tau_upper_bound":0.8925373134,"ES":0.0919637469,"ES_lower_bound":0.0055157945,"ES_upper_bound":0.2526888088},"EXT13":{"name":"SlogP (MOE)","category":"Empirical","type":"Reference","RMSE":0.5922336876,"RMSE_lower_bound":0.4757372446,"RMSE_upper_bound":0.692031363,"MAE":0.4888888889,"MAE_lower_bound":0.3644444444,"MAE_upper_bound":0.6118518519,"ME":0.2822222222,"ME_lower_bound":0.0851851852,"ME_upper_bound":0.4762962963,"R2":0.7122366768,"R2_lower_bound":0.4177215139,"R2_upper_bound":0.8781340286,"m":0.8433459739,"m_lower_bound":0.5970306752,"m_upper_bound":1.0455470638,"kendall_tau":0.5493612828,"kendall_tau_lower_bound":0.3403000236,"kendall_tau_upper_bound":0.7313954232,"ES":0.1264797613,"ES_lower_bound":0.0118662899,"ES_upper_bound":0.2663936969},"EXT02":{"name":"YANK-GAFF-TIP3P-wet-oct","category":"Physical","type":"Reference","RMSE":0.914054865,"RMSE_lower_bound":0.7319810765,"RMSE_upper_bound":1.1203355979,"MAE":0.782962963,"MAE_lower_bound":0.6155555556,"MAE_upper_bound":0.9796296296,"ME":0.4059259259,"ME_lower_bound":0.1066666667,"ME_upper_bound":0.7122222222,"R2":0.5827843191,"R2_lower_bound":0.3043059628,"R2_upper_bound":0.7833890648,"m":1.0372924,"m_lower_bound":0.6132834219,"m_upper_bound":1.5964106406,"kendall_tau":0.5498575499,"kendall_tau_lower_bound":0.3058823529,"kendall_tau_upper_bound":0.7380952381,"ES":1.2529651625,"ES_lower_bound":1.1660096216,"ES_upper_bound":1.3336491661},"EXT08":{"name":"YANK-SMIRNOFF-TIP3P-dry-oct","category":"Physical","type":"Reference","RMSE":1.0081960421,"RMSE_lower_bound":0.6946915116,"RMSE_upper_bound":1.327333724,"MAE":0.7777777778,"MAE_lower_bound":0.557037037,"MAE_upper_bound":1.042962963,"ME":0.3888888889,"ME_lower_bound":0.0559259259,"ME_upper_bound":0.7759259259,"R2":0.4945611212,"R2_lower_bound":0.1226839812,"R2_upper_bound":0.7805022408,"m":0.9868494233,"m_lower_bound":0.4316365101,"m_upper_bound":1.4461717599,"kendall_tau":0.4586894587,"kendall_tau_lower_bound":0.1730205279,"kendall_tau_upper_bound":0.7142857143,"ES":1.2517695097,"ES_lower_bound":1.1221765393,"ES_upper_bound":1.3671387239},"EXT05":{"name":"YANK-SMIRNOFF-TIP3P-wet-oct","category":"Physical","type":"Reference","RMSE":1.0455496517,"RMSE_lower_bound":0.7456068868,"RMSE_upper_bound":1.3369520338,"MAE":0.8240740741,"MAE_lower_bound":0.6062962963,"MAE_upper_bound":1.0914814815,"ME":0.2988888889,"ME_lower_bound":-0.08,"ME_upper_bound":0.6933333333,"R2":0.4872187413,"R2_lower_bound":0.1655424149,"R2_upper_bound":0.7534539973,"m":1.0465703233,"m_lower_bound":0.5704857121,"m_upper_bound":1.5313559922,"kendall_tau":0.4679034718,"kendall_tau_lower_bound":0.1935492193,"kendall_tau_upper_bound":0.7005988024,"ES":1.2226000936,"ES_lower_bound":1.0794939907,"ES_upper_bound":1.3358599958},"EXT07":{"name":"YANK-GAFF-tip3p-dry-oct","category":"Physical","type":"Reference","RMSE":1.0547493998,"RMSE_lower_bound":0.8473029105,"RMSE_upper_bound":1.2476704218,"MAE":0.9303703704,"MAE_lower_bound":0.7503703704,"MAE_upper_bound":1.1259259259,"ME":0.6185185185,"ME_lower_bound":0.3022222222,"ME_upper_bound":0.9144444444,"R2":0.5806187016,"R2_lower_bound":0.3190345605,"R2_upper_bound":0.7924610964,"m":1.07468991,"m_lower_bound":0.7516041644,"m_upper_bound":1.5971116946,"kendall_tau":0.566951567,"kendall_tau_lower_bound":0.3353293413,"kendall_tau_upper_bound":0.7705882353,"ES":1.183831616,"ES_lower_bound":1.0672893085,"ES_upper_bound":1.2763029513},"EXT04":{"name":"YANK-SMIRNOFF-TIP3P-FB-wet-oct","category":"Physical","type":"Reference","RMSE":1.0794443015,"RMSE_lower_bound":0.6366695753,"RMSE_upper_bound":1.4929935129,"MAE":0.7088888889,"MAE_lower_bound":0.437037037,"MAE_upper_bound":1.0366666667,"ME":-0.3118518519,"ME_lower_bound":-0.7166666667,"ME_upper_bound":0.0266666667,"R2":0.4610265286,"R2_lower_bound":0.143417122,"R2_upper_bound":0.7261402599,"m":1.0249273069,"m_lower_bound":0.5709811784,"m_upper_bound":1.6208761352,"kendall_tau":0.5306710107,"kendall_tau_lower_bound":0.2672672673,"kendall_tau_upper_bound":0.7474224049,"ES":1.2596314908,"ES_lower_bound":1.110851677,"ES_upper_bound":1.3871941075},"EXT01":{"name":"YANK-GAFF-TIP3P-FB-wet-oct","category":"Physical","type":"Reference","RMSE":1.1092172749,"RMSE_lower_bound":0.6437131866,"RMSE_upper_bound":1.5014116814,"MAE":0.72,"MAE_lower_bound":0.4211111111,"MAE_upper_bound":1.06,"ME":-0.2044444444,"ME_lower_bound":-0.6218518519,"ME_upper_bound":0.2018518519,"R2":0.5361919327,"R2_lower_bound":0.2596544045,"R2_upper_bound":0.7673005619,"m":1.2322810873,"m_lower_bound":0.8603469927,"m_upper_bound":1.8131176507,"kendall_tau":0.5726495726,"kendall_tau_lower_bound":0.3554216867,"kendall_tau_upper_bound":0.7738095238,"ES":1.2506866544,"ES_lower_bound":1.0842991614,"ES_upper_bound":1.3935897219},"EXT06":{"name":"YANK-SMIRNOFF-OPC-wet-oct","category":"Physical","type":"Reference","RMSE":1.1558722857,"RMSE_lower_bound":0.7186406922,"RMSE_upper_bound":1.6505767791,"MAE":0.8307407407,"MAE_lower_bound":0.5492592593,"MAE_upper_bound":1.23,"ME":-0.0988888889,"ME_lower_bound":-0.5796296296,"ME_upper_bound":0.3514814815,"R2":0.4471083056,"R2_lower_bound":0.130955345,"R2_upper_bound":0.744371039,"m":1.1066842018,"m_lower_bound":0.6930420561,"m_upper_bound":1.5837777424,"kendall_tau":0.5156695157,"kendall_tau_lower_bound":0.271641791,"kendall_tau_upper_bound":0.7083333333,"ES":1.2185281063,"ES_lower_bound":1.0711582604,"ES_upper_bound":1.3497340801},"EXT03":{"name":"YANK-GAFF-OPC-wet-oct","category":"Physical","type":"Reference","RMSE":1.2752472527,