{"EXT09":{"name":"clogP (Biobyte)","category":"Empirical","type":"Reference","RMSE":0.2266652778,"RMSE_lower_bound":0.1622774259,"RMSE_upper_bound":0.2896208889,"MAE":0.1745555556,"MAE_lower_bound":0.1230740741,"MAE_upper_bound":0.2315555556,"ME":0.0127037037,"ME_lower_bound":-0.0704814815,"ME_upper_bound":0.0998888889,"R2":0.9410761288,"R2_lower_bound":0.8632077571,"R2_upper_bound":0.9780085939,"m":0.9399811149,"m_lower_bound":0.7969557743,"m_upper_bound":1.0204165845,"kendall_tau":0.8485748921,"kendall_tau_lower_bound":0.7448712381,"kendall_tau_upper_bound":0.9299645853,"ES":0.274560231,"ES_lower_bound":0.0809885567,"ES_upper_bound":0.4172264239},"EXT12":{"name":"MoKa_logP","category":"Empirical","type":"Reference","RMSE":0.2774086436,"RMSE_lower_bound":0.1977746567,"RMSE_upper_bound":0.3493061906,"MAE":0.2162962963,"MAE_lower_bound":0.1559259259,"MAE_upper_bound":0.2840740741,"ME":0.0311111111,"ME_lower_bound":-0.0711111111,"ME_upper_bound":0.1351851852,"R2":0.9128312586,"R2_lower_bound":0.814769166,"R2_upper_bound":0.9653941462,"m":0.9281521613,"m_lower_bound":0.7526756389,"m_upper_bound":1.0531979097,"kendall_tau":0.8269802601,"kendall_tau_lower_bound":0.7212024298,"kendall_tau_upper_bound":0.9091577,"ES":0.2334568465,"ES_lower_bound":0.0767473732,"ES_upper_bound":0.4055857289},"EXT11":{"name":"logP(o\/w) (MOE)","category":"Empirical","type":"Reference","RMSE":0.3199884257,"RMSE_lower_bound":0.2229266613,"RMSE_upper_bound":0.4090639722,"MAE":0.2414814815,"MAE_lower_bound":0.1674074074,"MAE_upper_bound":0.3248148148,"ME":0.1051851852,"ME_lower_bound":-0.0048148148,"ME_upper_bound":0.2240740741,"R2":0.8974559326,"R2_lower_bound":0.8085224736,"R2_upper_bound":0.952294562,"m":0.8497859293,"m_lower_bound":0.7459007837,"m_upper_bound":1.0244796975,"kendall_tau":0.7971461108,"kendall_tau_lower_bound":0.6646706587,"kendall_tau_upper_bound":0.9085467482,"ES":0.2839336977,"ES_lower_bound":0.1052061655,"ES_upper_bound":0.4791070955},"EXT10":{"name":"h_logP (MOE)","category":"Empirical","type":"Reference","RMSE":0.427533841,"RMSE_lower_bound":0.3327940081,"RMSE_upper_bound":0.510667682,"MAE":0.3511111111,"MAE_lower_bound":0.2574074074,"MAE_upper_bound":0.4444444444,"ME":0.1748148148,"ME_lower_bound":0.0240740741,"ME_upper_bound":0.3188888889,"R2":0.8324111969,"R2_lower_bound":0.6259118238,"R2_upper_bound":0.9355154306,"m":0.9116884125,"m_lower_bound":0.6675022853,"m_upper_bound":1.0620064763,"kendall_tau":0.741798187,"kendall_tau_lower_bound":0.5495495495,"kendall_tau_upper_bound":0.9000155713,"ES":0.0919637469,"ES_lower_bound":0.0075799875,"ES_upper_bound":0.249383844},"EXT13":{"name":"SlogP (MOE)","category":"Empirical","type":"Reference","RMSE":0.5922336876,"RMSE_lower_bound":0.4780709695,"RMSE_upper_bound":0.6935015821,"MAE":0.4888888889,"MAE_lower_bound":0.3637037037,"MAE_upper_bound":0.6155555556,"ME":0.2822222222,"ME_lower_bound":0.0833333333,"ME_upper_bound":0.4759259259,"R2":0.7122366768,"R2_lower_bound":0.4128161686,"R2_upper_bound":0.8724095165,"m":0.8433459739,"m_lower_bound":0.6025301159,"m_upper_bound":1.0376758613,"kendall_tau":0.5493612828,"kendall_tau_lower_bound":0.336284649,"kendall_tau_upper_bound":0.7253731343,"ES":0.1264797613,"ES_lower_bound":0.0086177239,"ES_upper_bound":0.2605733494},"EXT02":{"name":"YANK-GAFF-TIP3P-wet-oct","category":"Physical","type":"Reference","RMSE":0.914054865,"RMSE_lower_bound":0.7218725649,"RMSE_upper_bound":1.1004595,"MAE":0.782962963,"MAE_lower_bound":0.6107407407,"MAE_upper_bound":0.9644444444,"ME":0.4059259259,"ME_lower_bound":0.0803703704,"ME_upper_bound":0.6988888889,"R2":0.5827843191,"R2_lower_bound":0.327954481,"R2_upper_bound":0.7824749741,"m":1.0372924,"m_lower_bound":0.6565213901,"m_upper_bound":1.5442469581,"kendall_tau":0.5498575499,"kendall_tau_lower_bound":0.3156342183,"kendall_tau_upper_bound":0.7329376855,"ES":1.2529651625,"ES_lower_bound":1.1526431258,"ES_upper_bound":1.3391424011},"EXT08":{"name":"YANK-SMIRNOFF-TIP3P-dry-oct","category":"Physical","type":"Reference","RMSE":1.0081960421,"RMSE_lower_bound":0.6756725045,"RMSE_upper_bound":1.3402611686,"MAE":0.7777777778,"MAE_lower_bound":0.5522222222,"MAE_upper_bound":1.0374074074,"ME":0.3888888889,"ME_lower_bound":0.0359259259,"ME_upper_bound":0.7392592593,"R2":0.4945611212,"R2_lower_bound":0.1064830351,"R2_upper_bound":0.7777651831,"m":0.9868494233,"m_lower_bound":0.4156571386,"m_upper_bound":1.4366065755,"kendall_tau":0.4586894587,"kendall_tau_lower_bound":0.1386430678,"kendall_tau_upper_bound":0.7134328358,"ES":1.2517695097,"ES_lower_bound":1.1204394588,"ES_upper_bound":1.3607995082},"EXT05":{"name":"YANK-SMIRNOFF-TIP3P-wet-oct","category":"Physical","type":"Reference","RMSE":1.0455496517,"RMSE_lower_bound":0.7435674768,"RMSE_upper_bound":1.321033546,"MAE":0.8240740741,"MAE_lower_bound":0.5933333333,"MAE_upper_bound":1.0796296296,"ME":0.2988888889,"ME_lower_bound":-0.0833333333,"ME_upper_bound":0.6651851852,"R2":0.4872187413,"R2_lower_bound":0.146542139,"R2_upper_bound":0.7371202646,"m":1.0465703233,"m_lower_bound":0.5344597281,"m_upper_bound":1.5340023908,"kendall_tau":0.4679034718,"kendall_tau_lower_bound":0.206794908,"kendall_tau_upper_bound":0.6973293769,"ES":1.2226000936,"ES_lower_bound":1.0880778753,"ES_upper_bound":1.3479293211},"EXT07":{"name":"YANK-GAFF-tip3p-dry-oct","category":"Physical","type":"Reference","RMSE":1.0547493998,"RMSE_lower_bound":0.8455132125,"RMSE_upper_bound":1.2450479687,"MAE":0.9303703704,"MAE_lower_bound":0.7440740741,"MAE_upper_bound":1.1211111111,"ME":0.6185185185,"ME_lower_bound":0.2833333333,"ME_upper_bound":0.9288888889,"R2":0.5806187016,"R2_lower_bound":0.3024370429,"R2_upper_bound":0.788782904,"m":1.07468991,"m_lower_bound":0.7066787046,"m_upper_bound":1.545148221,"kendall_tau":0.566951567,"kendall_tau_lower_bound":0.3194029851,"kendall_tau_upper_bound":0.7647058824,"ES":1.183831616,"ES_lower_bound":1.0797534248,"ES_upper_bound":1.2895566497},"EXT04":{"name":"YANK-SMIRNOFF-TIP3P-FB-wet-oct","category":"Physical","type":"Reference","RMSE":1.0794443015,"RMSE_lower_bound":0.6199312985,"RMSE_upper_bound":1.477245936,"MAE":0.7088888889,"MAE_lower_bound":0.4274074074,"MAE_upper_bound":1.0374074074,"ME":-0.3118518519,"ME_lower_bound":-0.7240740741,"ME_upper_bound":0.0551851852,"R2":0.4610265286,"R2_lower_bound":0.1562744404,"R2_upper_bound":0.7400424542,"m":1.0249273069,"m_lower_bound":0.587583434,"m_upper_bound":1.5659672935,"kendall_tau":0.5306710107,"kendall_tau_lower_bound":0.2792792793,"kendall_tau_upper_bound":0.7500034022,"ES":1.2596314908,"ES_lower_bound":1.1039710336,"ES_upper_bound":1.3886153551},"EXT01":{"name":"YANK-GAFF-TIP3P-FB-wet-oct","category":"Physical","type":"Reference","RMSE":1.1092172749,"RMSE_lower_bound":0.6501338893,"RMSE_upper_bound":1.5073253231,"MAE":0.72,"MAE_lower_bound":0.4277777778,"MAE_upper_bound":1.0685185185,"ME":-0.2044444444,"ME_lower_bound":-0.6362962963,"ME_upper_bound":0.1925925926,"R2":0.5361919327,"R2_lower_bound":0.2583287313,"R2_upper_bound":0.7789950233,"m":1.2322810873,"m_lower_bound":0.862495603,"m_upper_bound":1.7981065446,"kendall_tau":0.5726495726,"kendall_tau_lower_bound":0.3411764706,"kendall_tau_upper_bound":0.7738095238,"ES":1.2506866544,"ES_lower_bound":1.0891720104,"ES_upper_bound":1.3976617092},"EXT06":{"name":"YANK-SMIRNOFF-OPC-wet-oct","category":"Physical","type":"Reference","RMSE":1.1558722857,"RMSE_lower_bound":0.7291344437,"RMSE_upper_bound":1.6002071625,"MAE":0.8307407407,"MAE_lower_bound":0.5514814815,"MAE_upper_bound":1.1711111111,"ME":-0.0988888889,"ME_lower_bound":-0.5655555556,"ME_upper_bound":0.3011111111,"R2":0.4471083056,"R2_lower_bound":0.1285308093,"R2_upper_bound":0.7478072024,"m":1.1066842018,"m_lower_bound":0.7061571928,"m_upper_bound":1.5560824961,"kendall_tau":0.5156695157,"kendall_tau_lower_bound":0.2797619048,"kendall_tau_upper_bound":0.7125748503,"ES":1.2185281063,"ES_lower_bound":1.0749820934,"ES_upper_bound":1.341917218},"EXT03":{"name":"YANK-GAFF-OPC-wet-oct","category":"Physical","type":"Reference","RMSE":1.2752472527,