{"nb011":{"name":"Jaguar","RMSE":0.4682706689,"RMSE_lower_bound":0.3004727458,"RMSE_upper_bound":0.6423645834,"MAE":0.3290322581,"MAE_lower_bound":0.2232258065,"MAE_upper_bound":0.4548387097,"ME":-0.0187096774,"ME_lower_bound":-0.1867741935,"ME_upper_bound":0.1393548387,"R2":0.971344346,"R2_lower_bound":0.9349192951,"R2_upper_bound":0.9896342209,"m":1.0103771151,"m_lower_bound":0.9661392182,"m_upper_bound":1.0609454307,"kendall_tau":0.8955871712,"kendall_tau_lower_bound":0.7852348993,"kendall_tau_upper_bound":0.9670085894},"hdiyq":{"name":"S+pKa","RMSE":0.606965128,"RMSE_lower_bound":0.4540227601,"RMSE_upper_bound":0.7434379598,"MAE":0.45,"MAE_lower_bound":0.31,"MAE_upper_bound":0.6013333333,"ME":0.098,"ME_lower_bound":-0.1186666667,"ME_upper_bound":0.3106666667,"R2":0.9498796124,"R2_lower_bound":0.9139707278,"R2_upper_bound":0.9752052506,"m":1.0114318692,"m_lower_bound":0.930623436,"m_upper_bound":1.1136995719,"kendall_tau":0.8699660536,"kendall_tau_lower_bound":0.7863051525,"kendall_tau_upper_bound":0.9373493976},"epvmk":{"name":"EC-RISM\/MP2\/cc-pVTZ-P2-phi-noThiols-2par","RMSE":0.6309079391,"RMSE_lower_bound":0.4349593719,"RMSE_upper_bound":0.8042001809,"MAE":0.4693103448,"MAE_lower_bound":0.3255172414,"MAE_upper_bound":0.6293103448,"ME":-0.0237931034,"ME_lower_bound":-0.2472413793,"ME_upper_bound":0.2075862069,"R2":0.9487355886,"R2_lower_bound":0.8922435876,"R2_upper_bound":0.9797383427,"m":0.9816674428,"m_lower_bound":0.9138663927,"m_upper_bound":1.0446533041,"kendall_tau":0.8113446365,"kendall_tau_lower_bound":0.6805217761,"kendall_tau_upper_bound":0.9074550129},"xnoe0":{"name":"EC-RISM\/MP2\/cc-pVTZ-P2-phi-all-2par","RMSE":0.6470831992,"RMSE_lower_bound":0.4693577172,"RMSE_upper_bound":0.8153179339,"MAE":0.499,"MAE_lower_bound":0.3613333333,"MAE_upper_bound":0.654,"ME":-0.099,"ME_lower_bound":-0.3316666667,"ME_upper_bound":0.1346666667,"R2":0.9476192633,"R2_lower_bound":0.8897515201,"R2_upper_bound":0.9781286716,"m":0.9947022977,"m_lower_bound":0.9226845567,"m_upper_bound":1.0571135088,"kendall_tau":0.8193331087,"kendall_tau_lower_bound":0.6852300242,"kendall_tau_upper_bound":0.9142857143},"gdqeg":{"name":"PCM\/B3LYP\/6-311+G(d,p)","RMSE":0.6631533863,"RMSE_lower_bound":0.409932711,"RMSE_upper_bound":0.9130698504,"MAE":0.4427586207,"MAE_lower_bound":0.2786206897,"MAE_upper_bound":0.6434482759,"ME":0.1110344828,"ME_lower_bound":-0.1179310345,"ME_upper_bound":0.3631034483,"R2":0.9376646378,"R2_lower_bound":0.8605635139,"R2_upper_bound":0.9792815136,"m":0.9428775858,"m_lower_bound":0.8577153679,"m_upper_bound":1.0289654076,"kendall_tau":0.8310733815,"kendall_tau_lower_bound":0.6479676173,"kendall_tau_upper_bound":0.9489795918},"4o0ia":{"name":"EC-RISM\/MP2\/cc-pVTZ-P3NI-phi-noThiols-2par","RMSE":0.6638232373,"RMSE_lower_bound":0.4380896947,"RMSE_upper_bound":0.8577803313,"MAE":0.465483871,"MAE_lower_bound":0.3087096774,"MAE_upper_bound":0.64,"ME":0.0029032258,"ME_lower_bound":-0.2261290323,"ME_upper_bound":0.2425806452,"R2":0.9399215806,"R2_lower_bound":0.8835418678,"R2_upper_bound":0.977423362,"m":0.9665817004,"m_lower_bound":0.8690157572,"m_upper_bound":1.0483852091,"kendall_tau":0.8525300956,"kendall_tau_lower_bound":0.7327394209,"kendall_tau_upper_bound":0.9380530973},"ftc8w":{"name":"EC-RISM\/MP2\/cc-pVTZ-P2-q-noThiols-2par","RMSE":0.7231110946,"RMSE_lower_bound":0.4217206135,"RMSE_upper_bound":1.0072975111,"MAE":0.504137931,"MAE_lower_bound":0.3355172414,"MAE_upper_bound":0.7124137931,"ME":-0.0172413793,"ME_lower_bound":-0.2810344828,"ME_upper_bound":0.2337931034,"R2":0.9248919161,"R2_lower_bound":0.8154052349,"R2_upper_bound":0.9789310252,"m":0.9487516845,"m_lower_bound":0.890330485,"m_upper_bound":1.0033830258,"kendall_tau":0.7718871466,"kendall_tau_lower_bound":0.6022876527,"kendall_tau_upper_bound":0.8946044984},"ccpmw":{"name":"ReSCoSS conformations \/\/ COSMOtherm pKa","RMSE":0.7595086131,"RMSE_lower_bound":0.586168349,"RMSE_upper_bound":0.9102911622,"MAE":0.596,"MAE_lower_bound":0.4283333333,"MAE_upper_bound":0.7686666667,"ME":-0.2213333333,"ME_lower_bound":-0.483,"ME_upper_bound":0.0386666667,"R2":0.9240113693,"R2_lower_bound":0.8544559644,"R2_upper_bound":0.9624385729,"m":0.9818119315,"m_lower_bound":0.8567153287,"m_upper_bound":1.0736012927,"kendall_tau":0.7963181337,"kendall_tau_lower_bound":0.6593986261,"kendall_tau_upper_bound":0.8949880668},"nb008":{"name":"Epik Microscopic","RMSE":0.7606554191,"RMSE_lower_bound":0.4862475364,"RMSE_upper_bound":1.0218039603,"MAE":0.523,"MAE_lower_bound":0.342,"MAE_upper_bound":0.7366666667,"ME":-0.0843333333,"ME_lower_bound":-0.3676666667,"ME_upper_bound":0.1773333333,"R2":0.9300418845,"R2_lower_bound":0.8472325172,"R2_upper_bound":0.976062217,"m":0.8529269779,"m_lower_bound":0.7860312728,"m_upper_bound":0.9244360654,"kendall_tau":0.8423480836,"kendall_tau_lower_bound":0.7266270625,"kendall_tau_upper_bound":0.923627685},"kxztt":{"name":"EC-RISM\/MP2\/6-311+G(d,p)-P3NI-q-noThiols-2par","RMSE":0.7808307542,"RMSE_lower_bound":0.5077958908,"RMSE_upper_bound":1.0586390635,"MAE":0.555,"MAE_lower_bound":0.3766666667,"MAE_upper_bound":0.764,"ME":-0.1036666667,"ME_lower_bound":-0.3946666667,"ME_upper_bound":0.1636666667,"R2":0.9395221078,"R2_lower_bound":0.862399604,"R2_upper_bound":0.9794603728,"m":1.0774873643,"m_lower_bound":1.0135307062,"m_upper_bound":1.1418972992,"kendall_tau":0.8377450886,"kendall_tau_lower_bound":0.7183770883,"kendall_tau_upper_bound":0.9277108434},"0xi4b":{"name":"EC-RISM\/B3LYP\/6-311+G(d,p)-P3NI-phi-noThiols-2par","RMSE":0.8527743769,"RMSE_lower_bound":0.5929092505,"RMSE_upper_bound":1.0900142359,"MAE":0.6327586207,"MAE_lower_bound":0.434137931,"MAE_upper_bound":0.8482758621,"ME":0.23,"ME_lower_bound":-0.0693103448,"ME_upper_bound":0.5224137931,"R2":0.9138707714,"R2_lower_bound":0.8266520786,"R2_upper_bound":0.9632095165,"m":0.9943914279,"m_lower_bound":0.9083780738,"m_upper_bound":1.0876487688,"kendall_tau":0.7965480778,"kendall_tau_lower_bound":0.636253015,"kendall_tau_upper_bound":0.9102594026},"cywyk":{"name":"EC-RISM\/B3LYP\/6-311+G(d,p)-P2-phi-noThiols-2par","RMSE":0.8603450171,"RMSE_lower_bound":0.6069144596,"RMSE_upper_bound":1.0971723186,"MAE":0.6212903226,"MAE_lower_bound":0.425483871,"MAE_upper_bound":0.8406451613,"ME":0.1316129032,"ME_lower_bound":-0.1648387097,"ME_upper_bound":0.4383870968,"R2":0.9037683066,"R2_lower_bound":0.8229128451,"R2_upper_bound":0.9548845822,"m":0.9605288442,"m_lower_bound":0.8612607237,"m_upper_bound":1.0768144975,"kendall_tau":0.8051673125,"kendall_tau_lower_bound":0.6412813969,"kendall_tau_upper_bound":0.9187358916},"nxaaw":{"name":"EC-RISM\/B3LYP\/6-311+G(d,p)-P3NI-q-noThiols-2par","RMSE":0.8940592461,"RMSE_lower_bound":0.557644817,"RMSE_upper_bound":1.2505856692,"MAE":0.6148387097,"MAE_lower_bound":0.4093548387,"MAE_upper_bound":0.864516129,"ME":-0.024516129,"ME_lower_bound":-0.3412903226,"ME_upper_bound":0.2770967742,"R2":0.8919381027,"R2_lower_bound":0.7547973622,"R2_upper_bound":0.9646420072,"m":0.9363239269,"m_lower_bound":0.8515096391,"m_upper_bound":1.0002719325,"kendall_tau":0.7879444823,"kendall_tau_lower_bound":0.6188340807,"kendall_tau_upper_bound":0.9076923077},"nb016":{"name":"MoKa","RMSE":0.9515720076,"RMSE_lower_bound":0.7121471557,"RMSE_upper_bound":1.1770635375,"MAE":0.7667857143,"MAE_lower_bound":0.5710714286,"MAE_upper_bound":0.9846428571,"ME":-0.2253571429,"ME_lower_bound":-0.5678571429,"ME_upper_bound":0.1239285714,"R2":0.8947376632,"R2_lower_bound":0.8257580552,"R2_upper_bound":0.9458591883,"m":0.9353174533,"m_lower_bound":0.8204748958,"m_upper_bound":1.0741394449,"kendall_tau":0.746031746,"kendall_tau_lower_bound":0.6211699164,"kendall_tau_upper_bound":0.8547486034},"eyetm":{"name":"ReSCoSS conformations \/\/ DSD-BLYP-D3 reranking \/\/ COSMOtherm pKa","RMSE":0.9785489587,"RMSE_lower_bound":0.6914430912,"RMSE_upper_bound":1.2753038854,"MAE":0.7196774194,"MAE_lower_bound":0.5048387097,"MAE_upper_bound":0.9719354839,"ME":-0.3177419355,"ME_lower_bound":-0.6625806452,"ME_upper_bound":-0.005483871,